stop_id,quantidade_ocorrencias,stop_lat,stop_lon
1005O00030S0,74,-22.900515,-43.177892
1008O00022S0,67,-22.91013,-43.205583
2032O00028C0,67,-22.908498,-43.209965
4128O00172C0,51,-23.0065,-43.309209
4128O00109C0,48,-23.00633,-43.312271
1005O00249S0,46,-22.90266,-43.17553
3066O00060C1,45,-22.88522,-43.2901
3065O00046C1,45,-22.887427,-43.284126
3082O00015C0,44,-22.880945,-43.324178
3066O00059C1,44,-22.886637,-43.287836
1005O00152S0,44,-22.90519,-43.17367
1005O00018S0,43,-22.90853,-43.17225
3083O00017C0,43,-22.87777,-43.336183
3066O00058C1,42,-22.88708,-43.28657
ejlo,42,-22.89211,-43.214487
3053O00009C1,42,-22.878595,-43.266048
1008O00005S0,42,-22.908619,-43.201048
1012O00034C0,41,-22.89443,-43.23866
1012O00032C0,41,-22.897413,-43.236747
3071O00036C1,41,-22.882097,-43.292739
1012O00033C0,41,-22.89618,-43.23688
2020O00012C0,40,-22.952751,-43.175966
3082O00002C0,40,-22.88283,-43.34025
3079O00011C1,40,-22.88489,-43.31306
3082O00017C0,40,-22.881116,-43.330479
3079O00012C1,40,-22.884551,-43.315317
3079O00010C1,40,-22.88353,-43.31986
3064O00002C0,39,-22.88744,-43.2864
3070O00006C1,39,-22.88538,-43.30128
3069O00013C1,39,-22.88614,-43.30788
3069O00014C1,39,-22.8852,-43.31011
3083O00035C0,38,-22.87924,-43.34165
3069O00011C1,38,-22.88639,-43.30314
3065O00045C1,38,-22.886308,-43.279923
3069O00012C1,38,-22.88659,-43.306
3065O00044C1,37,-22.88727,-43.28219
3083O00083C0,37,-22.879495,-43.332542
3053O00010C1,37,-22.88085,-43.27387
3053O00011C1,37,-22.88295,-43.2763
4128O00139C0,37,-23.007424,-43.306098
3082O00013C1,37,-22.8828,-43.32159
3082O00014C1,37,-22.88227,-43.3239
3082O00018C0,36,-22.882534,-43.33687
4128O00057C0,36,-22.999349,-43.35729
1012O00009C1,36,-22.88533,-43.25221
1004O00006C0,36,-22.88546,-43.22908
3082O00016C0,36,-22.88163,-43.32648
1012O00035C9,36,-22.898993,-43.239452
3083O00082C0,36,-22.877572,-43.335695
1012O00036C9,36,-22.89905,-43.23663
1012O00044C0,36,-22.89067,-43.24193
3053O00012C1,36,-22.88404,-43.27717
1012O00043C0,36,-22.891622,-43.240485
3157O00003C0,35,-22.877531,-43.240994
3066O00003C2,35,-22.885668,-43.290084
3039O00005C0,35,-22.884006,-43.235933
3039O00006C0,35,-22.880673,-43.238808
3039O00021C0,35,-22.88557,-43.23452
3071O00006C2,35,-22.8842,-43.29133
1003O00026C0,35,-22.907569,-43.209274
3082O00019C0,34,-22.882138,-43.331007
1008O00030S0,34,-22.909665,-43.206426
4128O00018C0,34,-23.000356,-43.357617
3071O00016C1,34,-22.88154,-43.29443
1158O00001C0,33,-22.885926,-43.228785
1004O00003C0,33,-22.8886,-43.22001
1004O00005C0,33,-22.88464,-43.2265
3071O00005C2,33,-22.88182,-43.29431
3070O00005C1,33,-22.8846,-43.29814
4128O00138C0,33,-23.007165,-43.310983
3071O00017C1,33,-22.882831,-43.29628
1012O00008C1,33,-22.887018,-43.250415
6oes,33,-22.887372,-43.223594
3157O00005C2,32,-22.864536,-43.247635
3157O00006C0,32,-22.86092,-43.2475
3065O00004C0,32,-22.88591,-43.27898
3065O00003C0,32,-22.887155,-43.280679
3065O00001C0,32,-22.887738,-43.283511
1005O00158S0,32,-22.903662,-43.187524
3063O00014C0,32,-22.904107,-43.275817
5139O00010C9,32,-22.876478,-43.426874
3039O00009C0,32,-22.88592,-43.23489
3039O00038C0,32,-22.884608,-43.236203
3070O00001C2,32,-22.88548,-43.30031
2031O00002C0,32,-22.99816,-43.26568
2031O00001C0,32,-22.999269,-43.269144
3106O00013C9,31,-22.84486,-43.37643
3106O00007C1,31,-22.84398,-43.37593
3106O00008C0,31,-22.8444,-43.37664
1005O00012S0,31,-22.905624,-43.193575
1003O00028C0,31,-22.907146,-43.209478
3106O00044C9,31,-22.845803,-43.377968
3157O00007C0,31,-22.85692,-43.24747
3157O00009C0,31,-22.851669,-43.247233
3157O00008C0,31,-22.853761,-43.247339
4128O00033C0,31,-23.008462,-43.303731
2035O00078C0,31,-22.909899,-43.22033
3071O00033C2,31,-22.884601,-43.297845
5134O00038C9,31,-22.84688,-43.37968
56qn,31,-22.903383,-43.209714
5139O00009C9,31,-22.87672,-43.423429
5139O00012C9,31,-22.87607,-43.4317
5139O00011C9,31,-22.87629,-43.42894
3106O00009C1,31,-22.84578,-43.37888
3063O00013C9,31,-22.904487,-43.27298
3040O00015C0,30,-22.87026,-43.24704
3052O00004C1,30,-22.880471,-43.258578
3052O00005C1,30,-22.878107,-43.262168
4124O00004C0,30,-22.898012,-43.352228
1008O00002S0,30,-22.909508,-43.205978
3053O00008C0,30,-22.878863,-43.265859
5134O00002C0,30,-22.847904,-43.382307
2032O00020C0,30,-22.910504,-43.214342
5139O00233C0,30,-22.866032,-43.425502
3039O00008C0,30,-22.87796,-43.24145
1010O00072C0,30,-22.904485,-43.214703
3082O00009C0,30,-22.87774,-43.3268
1010O00096C0,30,-22.90518,-43.214246
3155O00002C0,30,-22.88517,-43.25266
3082O00010C0,30,-22.87782,-43.32906
4128O00023C0,29,-23.000556,-43.346124
3083O00026C0,29,-22.87407,-43.33687
3106O00001C0,29,-22.83941,-43.36856
4128O00086C0,29,-23.000258,-43.333797
5135O00012C9,29,-22.861795,-43.41057
2020O00059S0,29,-22.951101,-43.183259
3079O00040C2,29,-22.88498,-43.31429
5135O00022C9,29,-22.88447,-43.40385
3069O00058C2,29,-22.88672,-43.306443
5162O00021C0,29,-22.85609,-43.4926
1005O00197C0,29,-22.905593,-43.182786
3052O00006C1,29,-22.87806,-43.26402
3155O00005C1,29,-22.882377,-43.254823
4128O00024C0,29,-23.000634,-43.342706
1005O00234C0,29,-22.908392,-43.189263
3079O00042C2,29,-22.885103,-43.311568
3071O00004C2,29,-22.88341,-43.29648
4128O00025C0,29,-23.000678,-43.339595
3083O00012C0,29,-22.87903,-43.33149
3079O00002C2,29,-22.88445,-43.31751
4128O00083C0,29,-23.002636,-43.324602
5139O00230C0,28,-22.86376,-43.43729
5140O00073C0,28,-22.861062,-43.451848
5140O00008C0,28,-22.861664,-43.448712
5139O00231C0,28,-22.864042,-43.435499
1012O00013C0,28,-22.891768,-43.240794
5139O00232C9,28,-22.864645,-43.43201
3069O00003C2,28,-22.88646,-43.30281
1012O00012C0,28,-22.890765,-43.242335
5135O00013C0,28,-22.853299,-43.393713
3069O00057C2,28,-22.88562,-43.30967
3065O00005C0,28,-22.88441,-43.27719
djub,28,-22.996211,-43.260525
4128O00084C0,28,-23.00146,-43.32749
3082O00004C1,28,-22.88256,-43.32373
2035O00059C0,28,-22.910653,-43.221862
4128O00090C0,28,-22.999791,-43.346258
4128O00183C0,28,-23.000909,-43.335715
3076O00146C0,28,-22.820558,-43.319558
3079O00041C2,28,-22.884744,-43.316116
3079O00001C2,28,-22.8835,-43.32058
4128O00089C0,28,-22.999832,-43.343872
4128O00087C0,28,-22.99995,-43.33863
3082O00051C0,28,-22.882382,-43.333901
4128O00085C0,28,-23.00054,-43.33026
2031O00013C0,28,-22.99468,-43.25777
3083O00062C0,28,-22.86626,-43.33435
4128O00021C0,28,-23.000491,-43.349954
4128O00020C0,28,-23.000453,-43.352329
4117O00006C0,28,-22.95425,-43.35474
1008O00026S0,28,-22.9075,-43.19952
3083O00027C0,28,-22.872642,-43.338874
3106O00006C0,28,-22.84272,-43.37389
3suv,28,-22.819953,-43.324011
3106O00045C2,28,-22.8431,-43.37356
3155O00004C1,28,-22.88359,-43.25369
3106O00048C1,28,-22.841234,-43.371505
3106O00046C2,28,-22.840251,-43.368941
3053O00006C0,28,-22.8822,-43.2754
1005O00004S0,27,-22.905275,-43.192459
5141O00025C0,27,-22.859405,-43.46113
5141O00026C9,27,-22.860023,-43.457794
3106O00011C9,27,-22.84171,-43.37129
4128O00082C0,27,-23.004624,-43.319744
3083O00086C9,27,-22.87163,-43.33592
3083O00003C0,27,-22.86851,-43.33486
2031O00014C0,27,-22.99749,-43.26473
2031O00018C0,27,-22.992183,-43.253819
3157O00020C9,27,-22.87532,-43.242603
2027O00062C0,27,-22.962236,-43.215419
2027O00060C0,27,-22.961141,-43.210429
2027O00061C0,27,-22.9614,-43.213083
3155O00003C0,27,-22.886927,-43.250822
2027O00098C0,27,-22.964565,-43.217649
a3cr,27,-22.999633,-43.353628
3066O00012C0,27,-22.89579,-43.298812
5139O00234C0,27,-22.863269,-43.439895
3066O00051C0,27,-22.895751,-43.296539
2035O00077C0,27,-22.911776,-43.234086
5141O00315C9,27,-22.857112,-43.496716
5139O00235C9,27,-22.86227,-43.44518
3082O00005C2,27,-22.88284,-43.3224
3083O00034C0,27,-22.87656,-43.33964
5144O00486P9,27,-22.9016,-43.55535
4128O00091C0,27,-22.99971,-43.35033
2020O00072S0,27,-22.946944,-43.182126
3083O00081C0,26,-22.875623,-43.339006
3053O00007C0,26,-22.881083,-43.272751
r156,26,-22.877169,-43.336312
2020O00057S0,26,-22.95233,-43.186717
3082O00007C0,26,-22.88058,-43.32313
5141O00256C9,26,-22.880073,-43.466605
2036O00058S9,26,-22.917543,-43.244913
2020O00020S0,26,-22.951935,-43.185606
5141O00254C9,26,-22.8568,-43.47218
5162O00003C9,26,-22.8553,-43.49289
4128O00184C0,26,-23.00346,-43.324697
4128O00030C0,26,-23.004069,-43.323149
1010O00021C0,26,-22.89479,-43.21542
4128O00027C0,26,-23.00115,-43.331866
2031O00008C0,26,-22.995057,-43.25731
2031O00009C0,26,-22.993626,-43.254208
4128O00029C0,26,-23.00221,-43.327861
4128O00028C0,26,-23.00156,-43.3295
1008O00001S0,26,-22.90769,-43.20011
2032O00021C0,26,-22.91154,-43.214381
2031O00007C0,26,-22.99609,-43.25938
2027O00067C0,26,-22.959719,-43.201374
2027O00057C0,26,-22.960469,-43.204758
2027O00059C0,26,-22.960683,-43.206938
5162O00001C9,26,-22.85523,-43.48228
1005O00180C0,26,-22.90664,-43.18006
1005O00155S0,26,-22.90175,-43.18107
5162O00022C0,26,-22.855105,-43.487509
3041O00013C0,26,-22.853,-43.24792
5141O00001C9,26,-22.859704,-43.457426
1005O00060C0,26,-22.90623,-43.193405
3041O00014C0,25,-22.85489,-43.24796
5162O00005C0,25,-22.85552,-43.48228
5144O00199C0,25,-22.93852,-43.57788
1005O00020S0,25,-22.90723,-43.18272
1003O00031C0,25,-22.906314,-43.209542
5139O00205C9,25,-22.862677,-43.441036
5140O00079C9,25,-22.861314,-43.44854
5139O00003C9,25,-22.86502,-43.42724
3040O00042C0,25,-22.855944,-43.248033
3078O00001C0,25,-22.883076,-43.344106
2035O00079C0,25,-22.910814,-43.21828
4128O00223C0,25,-23.007562,-43.303971
5135O00001C9,25,-22.85307,-43.393978
1010O00079C0,25,-22.90411,-43.21611
1010O00080C0,25,-22.90341,-43.21449
1010O00081C0,25,-22.902025,-43.210979
3076O00016C9,25,-22.83048,-43.3269
1010O00130C1,25,-22.900021,-43.211165
1005O00375S2,25,-22.903332,-43.184461
2020O00153S2,25,-22.953242,-43.189239
3083O00075C0,25,-22.877277,-43.333774
1012O00011C0,24,-22.890046,-43.244457
3110O00010C0,24,-22.831865,-43.352376
3110O00007C9,24,-22.833929,-43.35793
3110O00009C9,24,-22.83264,-43.3546
1003O00033C0,24,-22.90297,-43.208376
3040O00016C0,24,-22.86929,-43.25432
dies,24,-22.856472,-43.248027
5141O00029C9,24,-22.877109,-43.473056
1012O00039C0,24,-22.89788,-43.24049
3076O00017C1,24,-22.83228,-43.32865
1010O00070C9,24,-22.90052,-43.22503
1158O00010C0,24,-22.88639,-43.22657
5135O00023C9,24,-22.88408,-43.40603
5o6j,24,-22.906503,-43.17581
3077O00009C0,24,-22.83734,-43.3399
1010O00059C9,24,-22.90004,-43.22381
2024O00036S0,24,-22.97361,-43.18856
4124O00006C0,24,-22.89818,-43.350146
5144O00020C0,24,-22.90429,-43.55658
3112O00016C2,24,-22.836516,-43.362887
3110O00038C0,24,-22.83518,-43.341
3110O00037C0,24,-22.83246,-43.34291
3110O00036C0,24,-22.831528,-43.344526
4122O00300P1,24,-22.923392,-43.374281
2033O00137C0,24,-22.92755,-43.23615
2024O00010S0,24,-22.96959,-43.18506
2024O00007S0,24,-22.98239,-43.19094
2024O00008S0,24,-22.977503,-43.190416
1010O00055C0,24,-22.899433,-43.222963
1010O00054C0,24,-22.89716,-43.22196
2024O00015S0,24,-22.97243,-43.18779
2024O00014S0,24,-22.97936,-43.19089
3040O00013C1,24,-22.86074,-43.24814
5141O00024C9,23,-22.857615,-43.472534
3082O00054C0,23,-22.881225,-43.329656
3082O00041C1,23,-22.882414,-43.327022
4127O00078C0,23,-22.99048,-43.302
1006O00015C0,23,-22.91618,-43.19452
3083O00036C0,23,-22.88045,-43.34242
2031O00026C0,23,-22.998975,-43.270729
5144O00461C0,23,-22.905703,-43.558953
1008O00006S0,23,-22.909737,-43.206137
4121O00062C0,23,-22.927945,-43.358438
1008O00024S0,23,-22.908045,-43.200742
4124O00046C0,23,-22.901318,-43.347259
4121O00063C0,23,-22.928637,-43.356319
2024O00093S0,23,-22.97608,-43.19251
2024O00032S0,23,-22.983906,-43.191828
5162O00002C9,23,-22.854785,-43.487522
4128O00188C0,23,-23.005994,-43.315406
5141O00260C9,23,-22.880286,-43.470283
2035O00087C0,23,-22.911268,-43.224872
2035O00086C0,23,-22.913135,-43.22715
2035O00071C0,23,-22.915485,-43.229139
2036O00094C0,23,-22.91611,-43.23688
2036O00079C0,23,-22.91649,-43.23876
3082O00008C0,23,-22.87869,-43.32326
5135O00041C9,23,-22.882854,-43.408842
5162O00007C9,23,-22.85476,-43.49044
3040O00052C2,23,-22.867246,-43.255591
3040O00014C1,23,-22.86471,-43.24819
5141O00004C9,23,-22.85681,-43.49683
5141O00005C9,23,-22.85867,-43.502831
5141O00010C9,23,-22.87553,-43.46543
2024O00011S0,22,-22.96685,-43.17974
1012O00031C0,22,-22.89888,-43.2359
3052O00003C0,22,-22.880188,-43.259389
4127O00077C0,22,-22.98828,-43.30189
2024O00030S0,22,-22.97362,-43.1913
3052O00001C0,22,-22.87833,-43.26397
3052O00002C1,22,-22.878337,-43.261822
1010O00062C9,22,-22.89995,-43.229544
5139O00204C9,22,-22.86538,-43.425586
1005O00181C0,22,-22.90649,-43.17764
4123O00040C0,22,-22.925702,-43.359806
1010O00057C0,22,-22.898528,-43.219336
3090O00034C0,22,-22.87685,-43.36993
1010O00020C0,22,-22.90617,-43.21025
spfb,22,-22.904231,-43.209513
4127O00072C0,22,-22.996174,-43.304783
2024O00038S0,22,-22.96827,-43.18313
2024O00098S0,22,-22.965,-43.17623
1010O00061C0,22,-22.899862,-43.226297
3076O00067C0,22,-22.85135,-43.31672
5138O00010C9,22,-22.88099,-43.41263
5138O00009C9,22,-22.882158,-43.410198
3073O00034C0,22,-22.85279,-43.31258
3072O00001C0,22,-22.8514,-43.31064
5139O00008C9,22,-22.86207,-43.44451
5139O00006C9,22,-22.8634,-43.43716
5139O00004C9,22,-22.864184,-43.432799
1158O00012C0,22,-22.88901,-43.22447
5138O00011C9,22,-22.87854,-43.415371
5135O00002C0,22,-22.8621,-43.41192
3090O00035C9,22,-22.876598,-43.371499
2024O00043S0,22,-22.9716,-43.18967
4127O00071C0,22,-22.99326,-43.30326
2024O00048S0,22,-22.96953,-43.18727
2024O00045S0,22,-22.9818,-43.19247
5140O00080C9,22,-22.860843,-43.451217
3083O00037C0,22,-22.882069,-43.345009
1010O00092C0,22,-22.90001,-43.234537
3104O00027C0,22,-22.825688,-43.232808
2020O00011S0,22,-22.956114,-43.177442
2020O00017S0,22,-22.954194,-43.191986
2020O00058S0,22,-22.955184,-43.19476
1010O00064C9,22,-22.90045,-43.23258
1005O00359S0,22,-22.905052,-43.189782
2033O00040S9,21,-22.91704,-43.21443
3063O00005C0,21,-22.90297,-43.282502
4127O00073C0,21,-23.00012,-43.30495
3063O00006C0,21,-22.9034,-43.28379
2032O00027C0,21,-22.90774,-43.21014
1010O00073C0,21,-22.901864,-43.216433
3157O00011C0,21,-22.84303,-43.25054
3155O00001C0,21,-22.882581,-43.254845
3103O00003C9,21,-22.805543,-43.212054
3104O00002C0,21,-22.82164,-43.229104
3104O00001C0,21,-22.81746,-43.22438
3104O00028C9,21,-22.821114,-43.227988
3078O00017C0,21,-22.887332,-43.345203
1010O00086C0,21,-22.89585,-43.21893
3104O00031C0,21,-22.811589,-43.217371
3104O00035C0,21,-22.815133,-43.221911
5138O00012C9,21,-22.87783,-43.41814
5139O00002C9,21,-22.865192,-43.422267
1005O00232S0,21,-22.90879,-43.18819
2021O00009S0,21,-22.957147,-43.198663
4115O00049C0,21,-22.970035,-43.36076
3157O00012C0,21,-22.83988,-43.25343
4122O00026C0,21,-22.921452,-43.372542
2024O00026S0,21,-22.963709,-43.178321
1010O00047C0,21,-22.8904,-43.21891
4124O00054C0,21,-22.893403,-43.34911
4124O00019C0,21,-22.89473,-43.34983
3066O00005C0,21,-22.903974,-43.295699
3063O00007C2,21,-22.82991,-43.27026
2024O00120S0,21,-22.96307,-43.17426
5139O00105C9,21,-22.877174,-43.420981
5139O00044C9,21,-22.87864,-43.42896
tsbj,21,-22.891756,-43.222178
3104O00026C0,21,-22.825297,-43.23298
5141O00213C9,21,-22.85738,-43.46871
3076O00024C2,21,-22.832239,-43.328348
3104O00034C0,21,-22.811417,-43.217675
3083O00040C0,21,-22.88151,-43.34207
2032O00012S9,21,-22.9158,-43.21098
2032O00008S9,21,-22.91608,-43.212
2020O00016S0,21,-22.955667,-43.196167
3043O00005C0,20,-22.834471,-43.262022
3043O00008C0,20,-22.83359,-43.2637
5141O00021C9,20,-22.860723,-43.513684
xv82,20,-22.821186,-43.320256
3043O00004C0,20,-22.83677,-43.25775
5139O00014C9,20,-22.875577,-43.439995
5139O00016C9,20,-22.875263,-43.444354
4128O00035C0,20,-23.010986,-43.367933
4128O00036C0,20,-23.010876,-43.36521
3063O00008C0,20,-22.904229,-43.286099
3063O00010C0,20,-22.90464,-43.28857
3066O00004C0,20,-22.90479,-43.29386
3063O00012C0,20,-22.905111,-43.291748
4124O00022C0,20,-22.90419,-43.35696
4124O00018C0,20,-22.891,-43.3477
4127O00033C0,20,-22.995489,-43.30392
4124O00055C0,20,-22.902442,-43.355699
4125O00028C9,20,-22.877465,-43.373175
5143O00002C9,20,-22.86053,-43.52155
5143O00001C0,20,-22.86114,-43.53394
5139O00055C9,20,-22.87894,-43.42575
5139O00043C9,20,-22.878132,-43.433947
3068O00013C0,20,-22.89584,-43.30157
2036O00016S9,20,-22.916847,-43.260789
2036O00017C2,20,-22.915554,-43.262655
3076O00053C0,20,-22.84588,-43.3248
3076O00124C0,20,-22.82177,-43.323799
5144O00130C0,20,-22.92341,-43.5671
3157O00010C0,20,-22.846774,-43.247407
4128O00055C0,20,-23.008606,-43.366011
4128O00056C0,20,-23.00452,-43.36595
5139O00015C9,20,-22.875409,-43.442151
1005O00198C0,20,-22.9044,-43.18332
3078O00011C0,20,-22.88858,-43.34626
3076O00126C0,20,-22.82325,-43.32839
2020O00083C0,20,-22.943774,-43.18061
2020O00082C0,20,-22.948099,-43.181159
5144O00132C0,20,-22.924758,-43.56999
3078O00010C0,20,-22.88546,-43.34358
4128O00122C0,20,-23.010488,-43.363708
3104O00029C0,20,-22.81766,-43.224238
1010O00105C0,20,-22.90735,-43.221704
3104O00032C0,20,-22.80749,-43.21461
3104O00030C0,20,-22.814769,-43.221214
1011O00001C0,20,-22.90138,-43.241176
2016O00021C0,20,-22.919513,-43.174922
2016O00020C0,20,-22.915388,-43.175119
3076O00125C0,20,-22.822537,-43.326187
3101O00030C0,20,-22.799265,-43.185244
3104O00004C0,20,-22.832564,-43.242569
3103O00010C9,20,-22.805862,-43.211671
4127O00076C0,20,-23.000375,-43.304596
4127O00075C0,20,-23.00432,-43.30419
4127O00074C0,20,-23.00378,-43.30469
3063O00007C0,20,-22.90401,-43.28532
3057O00001C0,19,-22.90786,-43.23862
ml3j,19,-22.856129,-43.310069
4128O00209C0,19,-23.009037,-43.366327
3057O00003S0,19,-22.90455,-43.24282
3061O00017C2,19,-22.91326,-43.26496
3061O00018C0,19,-22.912409,-43.267158
3061O00020C0,19,-22.910082,-43.269531
3061O00019C0,19,-22.91128,-43.26844
5144O00412C0,19,-22.936804,-43.575821
5144O00015C9,19,-22.92179,-43.56375
3104O00025C0,19,-22.832316,-43.238251
2033O00025S9,19,-22.920703,-43.223207
3089O00024C0,19,-22.877,-43.36759
3089O00023C0,19,-22.87738,-43.36463
2033O00120S9,19,-22.91935,-43.22004
3101O00017C0,19,-22.79778,-43.18386
5144O00468C9,19,-22.923541,-43.566355
5144O00417C0,19,-22.928212,-43.573308
2020O00136C0,19,-22.949609,-43.180646
2020O00137C0,19,-22.955002,-43.178405
4122O00194C0,19,-22.92746,-43.37376
3063O00052C0,19,-22.900466,-43.27951
3066O00007C9,19,-22.90265,-43.29674
4124O00020C0,19,-22.897859,-43.352602
4124O00003C0,19,-22.901801,-43.354926
1010O00040C0,19,-22.906357,-43.220639
5144O00634C9,19,-22.930676,-43.574361
5149O00230C0,19,-22.9151,-43.68275
2015O00057C0,19,-22.939496,-43.170924
2016O00022C0,19,-22.922629,-43.172233
1010O00084C0,19,-22.8993,-43.21664
2035O00041S0,19,-22.915808,-43.231818
2015O00025C0,19,-22.926844,-43.173127
3076O00014C9,19,-22.830696,-43.326897
2020O00073S0,19,-22.943226,-43.180742
1010O00067C9,19,-22.90022,-43.23003
3076O00147C0,19,-22.827774,-43.321765
2015O00026C0,19,-22.925018,-43.17256
2015O00024C0,19,-22.928967,-43.173779
2015O00023C0,19,-22.93267,-43.17431
1011O00012C9,19,-22.900175,-43.234575
3110O00025C0,19,-22.830098,-43.345669
5144O00138C0,19,-22.93205,-43.57471
5144O00139C9,19,-22.933006,-43.575501
5144O00140C9,19,-22.934277,-43.577134
5144O00156C0,19,-22.93344,-43.57498
5144O00134C0,19,-22.92625,-43.57174
3110O00006C1,19,-22.831184,-43.352072
2033O00197C0,19,-22.92174,-43.2297
1010O00109C0,19,-22.897982,-43.217549
5144O00051C9,19,-22.88821,-43.55958
5144O00052C9,19,-22.886297,-43.558288
2020O00148C0,19,-22.942824,-43.176753
3066O00010C9,19,-22.89869,-43.29551
2015O00022C0,19,-22.93544,-43.173992
5139O00013C9,19,-22.87573,-43.43715
3066O00008C9,19,-22.90125,-43.2963
4122O00181C0,19,-22.933364,-43.372466
4127O00034C0,19,-22.99325,-43.30288
5144O00008C9,19,-22.928685,-43.57339
5144O00009C9,19,-22.92686,-43.57192
4124O00021C0,19,-22.899775,-43.353918
5140O00003C9,19,-22.87609,-43.44828
e4x2,19,-22.90483,-43.356878
5144O00010C9,19,-22.92512,-43.5702
3043O00009C0,19,-22.82998,-43.2711
1010O00068C9,19,-22.899786,-43.228369
2015O00056C0,19,-22.94127,-43.17236
1008O00035C0,19,-22.91376,-43.19951
5144O00127C0,19,-22.922123,-43.564381
2015O00055C0,19,-22.94243,-43.17398
3076O00015C9,19,-22.82836,-43.32443
3057O00002C0,18,-22.90564,-43.241
1005O00057S0,18,-22.90319,-43.18456
1005L00022S0,18,-22.90591,-43.19395
2033O00042S9,18,-22.92163,-43.22848
5144O00049C9,18,-22.89362,-43.5589
4127O00061C0,18,-22.99186,-43.30226
5144O00016C0,18,-22.91879,-43.56325
3063O00003C0,18,-22.902407,-43.277114
5149O00030C9,18,-22.91419,-43.68007
1006O00013S9,18,-22.91423,-43.19633
1011O00013C0,18,-22.900272,-43.24078
3110O00052C0,18,-22.833444,-43.357947
3076O00130C0,18,-22.850168,-43.320183
3110O00050C0,18,-22.83201,-43.34291
1010O00066C0,18,-22.900648,-43.232294
3076O00131C0,18,-22.850961,-43.318367
2020O00005S0,18,-22.949856,-43.190623
5144O00168C9,18,-22.886032,-43.558335
4128O00174C0,18,-23.008067,-43.303417
3110O00003C1,18,-22.832236,-43.354663
2033O00194C0,18,-22.92034,-43.22725
5137O00001C9,18,-22.884749,-43.405217
2020O00004S0,18,-22.949448,-43.188058
3084O00006C9,18,-22.86031,-43.32992
3086O00007C9,18,-22.85177,-43.35331
5144O00456C9,18,-22.907814,-43.563654
2033O00026S9,18,-22.92097,-43.22676
3089O00011C0,18,-22.87806,-43.36096
3089O00013C0,18,-22.87861,-43.35759
3089O00014C0,18,-22.87783,-43.36105
2031O00015C0,18,-22.996291,-43.255176
3083O00090C0,18,-22.861772,-43.330931
5134O00006C9,18,-22.856893,-43.386822
2033O00041S9,18,-22.91847,-43.21807
5149O00221C9,18,-22.92036,-43.67992
1010O00103C0,18,-22.909238,-43.222916
1010O00100C0,18,-22.904526,-43.219472
5134O00009C9,18,-22.848448,-43.382186
5149O00222C9,18,-22.919,-43.68013
5149O00223C9,18,-22.91665,-43.6798
1008O00025S0,18,-22.909634,-43.205798
2020O00130C0,18,-22.953658,-43.181575
1005O00242P0,18,-22.908986,-43.170703
4122O00172C0,18,-22.934876,-43.372277
3073O00009C0,18,-22.853959,-43.312856
4115O00235C0,18,-22.970055,-43.359563
4115O00237C0,18,-22.957879,-43.356618
4115O00236C0,18,-22.962285,-43.357
2021O00008S0,18,-22.959026,-43.200876
4120O00046C0,18,-22.94076,-43.34431
3112O00002C1,18,-22.8366,-43.363926
5137O00032C9,18,-22.88511,-43.40259
3076O00026C9,18,-22.82455,-43.3324
1008O00023S0,18,-22.907601,-43.19944
2020O00115C0,18,-22.940198,-43.18297
2020O00116C0,18,-22.943078,-43.183388
3069O00052C0,18,-22.896159,-43.309826
2038O00072C0,18,-22.920715,-43.258904
3063O00076C2,18,-22.903066,-43.282178
3063O00073S1,18,-22.90386,-43.27879
3063O00027S9,18,-22.90576,-43.27688
4123O00036C0,18,-22.915768,-43.36193
4124O00002C0,18,-22.90732,-43.357856
1012O00037C0,18,-22.89406,-43.23986
1005O00189C0,18,-22.90843,-43.17465
1005O00190C0,18,-22.909323,-43.174306
2038O00095C0,18,-22.919683,-43.261361
3069O00029C0,18,-22.896225,-43.312056
3063O00079P0,18,-22.899758,-43.280338
3063O00077C2,18,-22.902558,-43.281207
1005O00129P0,18,-22.904565,-43.191892
5144O00007C9,18,-22.930964,-43.574075
1003O00029C0,18,-22.901252,-43.20969
3048O00007C0,18,-22.81709,-43.30699
5141O00009C9,17,-22.875437,-43.461752
3043O00010C1,17,-22.83301,-43.26594
3041O00009C0,17,-22.8406,-43.25355
3041O00010C0,17,-22.84348,-43.25089
3041O00011C0,17,-22.847834,-43.247621
2024O00041S0,17,-22.96616,-43.1821
2024O00013S0,17,-22.983389,-43.192411
3045O00013C1,17,-22.81975,-43.28418
1005O00055S0,17,-22.9021,-43.182164
5140O00023C9,17,-22.889841,-43.447617
5140O00087C9,17,-22.8913,-43.44899
3061O00021C0,17,-22.9085,-43.26995
3061O00022C0,17,-22.90695,-43.27001
3061O00023C0,17,-22.90411,-43.26964
3063O00033C2,17,-22.90433,-43.285604
2vbd,17,-23.012392,-43.321295
5140O00004C9,17,-22.876396,-43.449287
5140O00005C9,17,-22.876188,-43.451069
5140O00006C9,17,-22.876345,-43.454027
4127O00036C9,17,-22.98869,-43.30136
2024O00033C0,17,-22.986714,-43.190978
2024O00034S0,17,-22.983611,-43.193179
3068O00014C0,17,-22.89593,-43.30384
3068O00015C0,17,-22.89599,-43.30583
1005O00157S0,17,-22.90446,-43.18946
1012O00038C0,17,-22.89556,-43.24011
5151O00126C9,17,-22.956376,-43.578658
5151O00127C0,17,-22.959258,-43.581217
5151O00128C9,17,-22.961622,-43.583617
5151O00129C9,17,-22.967679,-43.589128
5151O00131C9,17,-22.969942,-43.588749
5151O00132C9,17,-22.974085,-43.58941
5151O00133C0,17,-22.977459,-43.589915
2024O00028S0,17,-22.96748,-43.18412
2037O00032C0,17,-22.922927,-43.249247
1161O00028C0,17,-22.91401,-43.1771
2036O00012S9,17,-22.91446,-43.23969
3076O00052C9,17,-22.84438,-43.32525
3076O00068C9,17,-22.8422,-43.32424
2035O00002S0,17,-22.91533,-43.2325
2035O00019S0,17,-22.91365,-43.23451
2035O00048C0,17,-22.910828,-43.23775
3077O00029C0,17,-22.8371,-43.33991
5151O00063C9,17,-22.965675,-43.589718
5151O00065C9,17,-22.963298,-43.587642
1005O00376S2,17,-22.903617,-43.185315
3083O00016C0,17,-22.872676,-43.342437
5149O00193C9,17,-22.91523,-43.68527
2033O00192C0,17,-22.91844,-43.22488
5135O00005C9,17,-22.862793,-43.396208
5135O00006C9,17,-22.864455,-43.399626
5135O00007C9,17,-22.865645,-43.402078
5135O00008C9,17,-22.866781,-43.404414
4122O00022C0,17,-22.9307,-43.37313
4122O00219C0,17,-22.930296,-43.373482
4123O00035C0,17,-22.915198,-43.36147
5135O00009C9,17,-22.867836,-43.406558
5135O00010C9,17,-22.86977,-43.410512
5135O00040C9,17,-22.868933,-43.408813
1011O00004C0,17,-22.90265,-43.24098
2033O00198C0,17,-22.92259,-43.23193
3083O00087C0,17,-22.87121,-43.33608
3083O00089C0,17,-22.871873,-43.336324
3086O00005C1,17,-22.85371,-43.35086
3086O00006C9,17,-22.8536,-43.3514
2025O00008S0,17,-22.984079,-43.194256
4121O00051C0,17,-22.929454,-43.353904
4121O00053C0,17,-22.932424,-43.353153
4121O00055C0,17,-22.935049,-43.352681
5135O00004C9,17,-22.862048,-43.394673
2031O00028C0,17,-22.993801,-43.252995
2017O00053C0,17,-22.9364,-43.18398
5144O00413C0,17,-22.912782,-43.564164
5144O00414C0,17,-22.91077,-43.5646
2031O00022C0,17,-22.992826,-43.25213
3101O00018C0,17,-22.79528,-43.18039
3101O00031C0,17,-22.795647,-43.182873
2028O00025C0,17,-22.960475,-43.206776
2028O00029C0,17,-22.961153,-43.212366
2028O00031C0,17,-22.961865,-43.215231
2028O00032C0,17,-22.964402,-43.217762
4118O00004C0,17,-22.95342,-43.35633
4120O00091C0,17,-22.93875,-43.34048
4120O00092C0,17,-22.93943,-43.34277
4120O00105C0,17,-22.937136,-43.350953
2020O00006S0,17,-22.950603,-43.193199
3110O00049C9,17,-22.826794,-43.338717
2027O00049C0,17,-22.97608,-43.225182
5144O00094C0,17,-22.91523,-43.56322
5144O00050C9,17,-22.89185,-43.55925
4128O00059C0,17,-22.993732,-43.36544
4128O00060C0,17,-22.99168,-43.3654
4128O00061C0,17,-22.987624,-43.365336
4128O00062C0,17,-22.98431,-43.3652
2020O00117C0,17,-22.94534,-43.18414
4128O00042C0,17,-23.010792,-43.33433
4128O00043C0,17,-23.011052,-43.330518
4128O00044C0,17,-23.011352,-43.327516
4128O00045C0,17,-23.01188,-43.323682
4128O00046C0,17,-23.012914,-43.319149
4128O00047C0,17,-23.013228,-43.317379
4128O00048C0,17,-23.013985,-43.314237
5141O00008C9,17,-22.875651,-43.457262
3042O00011C0,17,-22.83712,-43.25831
3043O00091C0,17,-22.83544,-43.2614
3045O00014C0,16,-22.82072,-43.28296
3045O00015C1,16,-22.82239,-43.28083
1012O00027C0,16,-22.89495,-43.24279
4127O00005C0,16,-22.987749,-43.32867
3046O00002C0,16,-22.815273,-43.289663
3046O00003C0,16,-22.81486,-43.29358
3079O00035C0,16,-22.891895,-43.323991
3079O00020C0,16,-22.890343,-43.326133
3079O00034C0,16,-22.895414,-43.318676
3082O00047C0,16,-22.887444,-43.330104
3079O00019C0,16,-22.89083,-43.32546
3079O00036C0,16,-22.892288,-43.323484
4127O00086C0,16,-22.997084,-43.314768
fze2,16,-22.940808,-43.339241
3053O00005C0,16,-22.876446,-43.266144
4128O00066C0,16,-22.99442,-43.36632
4128O00065C0,16,-22.99295,-43.36629
4128O00064C0,16,-22.98764,-43.36619
4128O00063C0,16,-22.984452,-43.366121
ld0u,16,-22.988649,-43.324395
3110O00047C0,16,-22.83084,-43.34498
1005O00031S0,16,-22.902414,-43.183098
ghag,16,-22.839334,-43.239554
4127O00091C0,16,-22.99343,-43.32135
4120O00095C0,16,-22.9384,-43.34787
4120O00090C0,16,-22.93785,-43.33885
1010O00075C0,16,-22.9025,-43.21814
5151O00140C9,16,-22.991633,-43.594109
2027O00097C0,16,-22.967135,-43.21983
3082O00046C0,16,-22.889107,-43.327836
3083O00023C0,16,-22.86624,-43.33469
1005O00094C0,16,-22.90988,-43.16846
1008O00019S0,16,-22.907776,-43.198426
3110O00062C2,16,-22.834764,-43.340982
1010O00071C0,16,-22.90061,-43.21746
4120O00107C0,16,-22.938629,-43.34697
4120O00093C0,16,-22.93859,-43.3455
4128O00208C0,16,-22.989706,-43.366213
1005O00159S0,16,-22.90382,-43.18806
3069O00030C0,16,-22.89601,-43.313742
3069O00031C0,16,-22.89575,-43.316141
5135O00003C9,16,-22.859768,-43.390006
4127O00105C0,16,-22.997395,-43.319441
4120O00109C0,16,-22.939331,-43.344359
5142O00075C9,16,-22.88261,-43.487531
2032O00015C0,16,-22.91359,-43.21027
3040O00030C0,16,-22.869956,-43.254391
5144O00422C9,16,-22.8602,-43.5215
4127O00112C0,16,-22.989398,-43.32232
2037O00036C0,16,-22.92355,-43.25048
3058O00001S0,16,-22.90135,-43.25052
3063O00032C2,16,-22.90451,-43.28764
3066O00011C9,16,-22.89612,-43.29474
4127O00107C0,16,-22.994783,-43.320618
3103O00002C0,16,-22.80449,-43.2068
2028O00036C0,16,-22.971011,-43.223365
5141O00255C9,16,-22.860431,-43.513455
2029O00038C0,16,-22.973808,-43.226103
2028O00027C0,16,-22.96081,-43.20931
5140O00024C9,16,-22.893034,-43.450655
5140O00086C9,16,-22.894165,-43.45171
3083O00022C9,16,-22.86512,-43.33427
3083O00021C9,16,-22.86334,-43.3326
3083O00013C0,16,-22.87697,-43.33413
3082O00048C0,16,-22.885869,-43.331553
5141O00041C9,16,-22.87973,-43.46439
7gvr,16,-22.990206,-43.321739
5151O00136C9,16,-22.981786,-43.588257
4128O00049C0,16,-23.014765,-43.309963
3066O00031C2,16,-22.90501,-43.29376
2038O00074C0,16,-22.91927,-43.26217
5138O00025C9,16,-22.87025,-43.41333
5151O00138C9,16,-22.987858,-43.592524
3063O00031C2,16,-22.905269,-43.291252
2036O00057S9,16,-22.91815,-43.248176
t6h9,16,-22.961471,-43.334745
1005O00019S0,16,-22.90609,-43.19353
2037O00025C0,16,-22.92427,-43.25231
5151O00137C9,16,-22.985127,-43.590743
3049O00006C0,16,-22.810145,-43.320957
3049O00007C0,16,-22.80763,-43.321629
3048O00009C0,16,-22.8192,-43.31062
4116O00015C0,16,-22.958448,-43.335727
5144O00024C9,16,-22.8608,-43.53325
5144O00022C9,16,-22.86029,-43.51662
4127O00092C0,16,-22.992085,-43.32126
3066O00028C0,16,-22.90446,-43.29805
p35k,16,-22.893584,-43.321737
3084O00022C0,16,-22.858614,-43.329665
2025O00011S0,16,-22.984783,-43.195964
3059O00002S0,16,-22.90225,-43.25708
4128O00189C0,16,-23.006777,-43.316208
3041O00022C1,15,-22.8568,-43.25818
3044O00056C0,15,-22.826435,-43.275608
3047O00037C0,15,-22.81945,-43.30981
4116O00026C0,15,-22.96135,-43.33509
3047O00003C0,15,-22.814249,-43.293647
3047O00013C0,15,-22.81771,-43.30707
3048O00010C0,15,-22.81962,-43.31448
2027O00051C0,15,-22.97141,-43.2234
5140O00022C9,15,-22.888208,-43.446082
2027O00105C0,15,-22.97362,-43.225424
4125O00005C0,15,-22.87726,-43.36736
4127O00019C0,15,-22.986984,-43.306769
4127O00020C0,15,-22.986778,-43.303909
4127O00082C0,15,-22.99028,-43.31144
4127O00085C0,15,-22.99633,-43.31273
1005O00219C0,15,-22.912419,-43.174325
5151O00057C0,15,-22.977189,-43.589694
5151O00060C0,15,-22.96966,-43.58854
5151O00059C0,15,-22.971852,-43.588827
3082O00027C0,15,-22.883202,-43.332009
5144O00177C9,15,-22.90211,-43.5465
5144O00330C9,15,-22.9066,-43.56553
2038O00070C0,15,-22.92341,-43.25664
2020O00134C0,15,-22.943212,-43.180541
5151O00058C0,15,-22.974231,-43.589257
3041O00020C0,15,-22.854807,-43.259957
3044O00001C2,15,-22.82591,-43.27531
4116O00036C0,15,-22.957038,-43.336635
3047O00004C0,15,-22.8142,-43.29637
3041O00021C1,15,-22.85565,-43.25911
2030O00009C0,15,-22.99725,-43.23784
4122O00024C0,15,-22.91952,-43.36871
5149O00203C9,15,-22.91555,-43.68352
5149O00013C9,15,-22.921655,-43.680134
5149O00012C0,15,-22.920728,-43.68112
2030O00012C0,15,-22.994692,-43.234484
3083O00005C9,15,-22.86369,-43.33263
au3n,15,-22.96399,-43.335019
4128O00113C0,15,-23.012021,-43.321532
3040O00028C0,15,-22.86621,-43.25198
3040O00027C0,15,-22.86683,-43.2541
3040O00023C1,15,-22.85934,-43.25635
3058O00014S0,15,-22.901324,-43.248224
3083O00060C9,15,-22.86216,-43.33083
3076O00073C0,15,-22.84971,-43.31982
1n2o,15,-22.923771,-43.36155
4123O00046C0,15,-22.921746,-43.360706
3057O00006C0,15,-22.90591,-43.23964
2038O00068C0,15,-22.92424,-43.25396
3064O00014C0,15,-22.898109,-43.28231
4123O00044C0,15,-22.919791,-43.360448
4127O00103C0,15,-22.986776,-43.305254
4132O00061C0,15,-23.016407,-43.516307
5144O00440C0,15,-22.907505,-43.561657
5144O00463C1,15,-22.90363,-43.56352
4122O00047C0,15,-22.92225,-43.36984
4123O00042C0,15,-22.917542,-43.361374
3064O00015C0,15,-22.897416,-43.284942
4127O00099C9,15,-22.98772,-43.30937
5149O00011C9,15,-22.919797,-43.683075
4128O00114C0,15,-23.011221,-43.326344
2033O00228C0,15,-22.92263,-43.23019
3057O00004S0,15,-22.90234,-43.24512
1161O00020S0,15,-22.912949,-43.182542
2028O00034C0,15,-22.965734,-43.219031
1161O00021S0,15,-22.91241,-43.18541
4128O00177C0,15,-23.0094,-43.29959
2030O00007C0,15,-22.990922,-43.232441
2030O00008C0,15,-22.991952,-43.233799
1005O00151S0,15,-22.910264,-43.171781
4128O00178C0,15,-23.01052,-43.29741
5137O00011C9,15,-22.886543,-43.392907
3061O00002S0,15,-22.90231,-43.26509
5134O00003C0,15,-22.85086,-43.38424
3089O00010C0,15,-22.87763,-43.36446
2032O00022C0,15,-22.91151,-43.2141
2032O00018C0,15,-22.91353,-43.21589
4121O00042C0,15,-22.92791,-43.35545
3084O00001C9,15,-22.86042,-43.32962
2031O00027C0,15,-22.998969,-43.250769
2035O00047C0,15,-22.912755,-43.235793
5144O00048C9,15,-22.897671,-43.556189
1009O00009S9,15,-22.91564,-43.20808
3069O00015C0,15,-22.896324,-43.311066
64uh,15,-22.924319,-43.369595
5r7j,15,-23.006973,-43.313903
2016O00055C0,15,-22.912168,-43.172982
3060O00006S0,15,-22.902,-43.26137
4132O00013C0,15,-23.01263,-43.458236
3101O00010C0,15,-22.79788,-43.18494
n9wu,15,-22.805946,-43.322021
1005O00146S0,15,-22.9124,-43.18938
5137O00012C9,15,-22.885748,-43.397508
1005O00150S0,15,-22.90454,-43.18876
3066O00029C0,15,-22.90436,-43.29643
3053O00003C0,15,-22.874197,-43.266811
4116O00016C0,15,-22.956354,-43.336671
4116O00025C0,15,-22.9587,-43.33589
3049O00003C0,15,-22.81417,-43.31822
5144O00068C9,15,-22.90253,-43.56061
2020O00135C0,15,-22.945815,-43.181907
3073O00004C0,15,-22.85259,-43.31663
2037O00028C0,15,-22.92376,-43.24669
1005O00235C0,14,-22.907849,-43.189799
5151O00130C9,14,-22.967904,-43.588811
2037O00029C0,14,-22.92477,-43.2436
5144O00064C9,14,-22.90184,-43.54693
1008O00034C0,14,-22.91143,-43.19956
1008O00033C0,14,-22.909741,-43.2002
3044O00003C2,14,-22.81992,-43.28304
3044O00002C2,14,-22.821798,-43.280654
rf6y,14,-22.998639,-43.256642
nffo,14,-22.828819,-43.344412
3062O00003S1,14,-22.90785,-43.27568
3061O00047C0,14,-22.915859,-43.262721
3061O00024S0,14,-22.90826,-43.27383
3061O00003C0,14,-22.90302,-43.26903
2036O00006S9,14,-22.917071,-43.24241
3076O00043C9,14,-22.8223,-43.32326
3076O00042C9,14,-22.82362,-43.32451
2036O00051S9,14,-22.916179,-43.248564
2036O00045S9,14,-22.91526,-43.24374
3068O00010C0,14,-22.89604,-43.30295
3068O00009C0,14,-22.89611,-43.30493
2038O00073C0,14,-22.91824,-43.26305
2033O00021S0,14,-22.916428,-43.227624
3090O00007C9,14,-22.86091,-43.37119
2033O00139C0,14,-22.92911,-43.23706
3083O00093C0,14,-22.874044,-43.342236
3083O00092C0,14,-22.872664,-43.344469
3088O00007C0,14,-22.869709,-43.349708
3088O00006C0,14,-22.871589,-43.346324
4121O00044C0,14,-22.924848,-43.358395
4121O00043C0,14,-22.92592,-43.35676
2035O00042C0,14,-22.908756,-43.234655
2035O00015C0,14,-22.9116,-43.23727
5134O00023C0,14,-22.85069,-43.38404
5134O00004C9,14,-22.853636,-43.384975
4132O00038C0,14,-23.014742,-43.46644
4132O00037C0,14,-23.015308,-43.468796
4132O00015C0,14,-23.01139,-43.453352
1005O00156S0,14,-22.90329,-43.18583
3101O00001C0,14,-22.79628,-43.18371
4132O00012C0,14,-23.014055,-43.463671
3059O00001S1,14,-22.90209,-43.2549
3076O00129C0,14,-22.849535,-43.321179
3076O00094C0,14,-22.823581,-43.331092
3076O00084C0,14,-22.85147,-43.31834
2033O00173C0,14,-22.932316,-43.240406
3083O00073C0,14,-22.879302,-43.331783
1011O00006C0,14,-22.908594,-43.234549
1011O00003C0,14,-22.90883,-43.2332
5142O00008C9,14,-22.882037,-43.482647
5151O00067C0,14,-22.961277,-43.582485
5151O00066C9,14,-22.963766,-43.587767
5151O00064C0,14,-22.965338,-43.589289
5138O00082C9,14,-22.882367,-43.410413
3076O00007C0,14,-22.82216,-43.32669
2037O00031C0,14,-22.92404,-43.24128
3069O00053C0,14,-22.896226,-43.308855
3097O00003C0,14,-22.79511,-43.18088
2031O00023C0,14,-22.992413,-43.252342
2031O00006C0,14,-22.99899,-43.25127
1011O00009C0,14,-22.904788,-43.240031
1011O00008C0,14,-22.905917,-43.239234
1011O00007C0,14,-22.907576,-43.237154
2030O00011C0,14,-22.992068,-43.23359
2030O00010C0,14,-23.000162,-43.243597
2030O00004C0,14,-22.991075,-43.23253
2030O00002C0,14,-22.99528,-43.2351
2030O00001C0,14,-22.9973,-43.23761
1010O00107C0,14,-22.904907,-43.218901
3104O00008C0,14,-22.833349,-43.23877
5139O00036C9,14,-22.8821,-43.43984
2025O00060C0,14,-22.986671,-43.199305
2028O00023C0,14,-22.960193,-43.20439
5140O00078C9,14,-22.88678,-43.444707
5140O00077C9,14,-22.885789,-43.443776
5140O00076C9,14,-22.884491,-43.442567
5140O00036C9,14,-22.890083,-43.447729
5140O00035C9,14,-22.89148,-43.44904
5140O00034C9,14,-22.893027,-43.450521
3083O00019C0,14,-22.875613,-43.339632
3083O00004C9,14,-22.8652,-43.33391
5141O00033C9,14,-22.880703,-43.480071
4128O00115C0,14,-23.010668,-43.331067
3111O00002C0,14,-22.826264,-43.338943
5140O00015C9,14,-22.878122,-43.44814
ln65,14,-22.908343,-43.231313
5141O00264C9,14,-22.879971,-43.478288
1010O00077C0,14,-22.90931,-43.22631
2024O00017S0,14,-22.961987,-43.174865
5139O00083C9,14,-22.883191,-43.408671
3110O00012C9,14,-22.828391,-43.343295
5144O00169C9,14,-22.887202,-43.559338
3082O00024C0,14,-22.887191,-43.330683
3082O00023C0,14,-22.88649,-43.3314
5151O00056C0,14,-22.981075,-43.587474
5151O00055C9,14,-22.985775,-43.59091
5151O00053C9,14,-22.98929,-43.59176
5151O00052C0,14,-22.99206,-43.592879
3083O00028C0,14,-22.870805,-43.341606
5140O00010C9,14,-22.87723,-43.446017
5144O00123C9,14,-22.91518,-43.56349
5144O00122C9,14,-22.91321,-43.5641
3110O00061C2,14,-22.831529,-43.343929
2020O00133C0,14,-22.942619,-43.177023
1005O00054S0,14,-22.90573,-43.19337
1005O00029S0,14,-22.91079,-43.1713
3048O00006C9,14,-22.817327,-43.314138
3048O00005C9,14,-22.81517,-43.31049
3054O00012C0,14,-22.872111,-43.268383
2026O00098C0,14,-22.98693,-43.22221
2026O00096C0,14,-22.988694,-43.228114
5144O00125C0,14,-22.917826,-43.563646
1011O00002C0,14,-22.907884,-43.236917
3079O00031C0,14,-22.889322,-43.327825
3077O00046C1,14,-22.839994,-43.338748
5140O00098C9,14,-22.88377,-43.441874
5140O00097C9,14,-22.882419,-43.440604
1010O00038C0,14,-22.908374,-43.231002
wpvn,14,-22.907724,-43.22974
vphs,14,-22.897995,-43.241305
oua6,13,-22.938315,-43.247061
2026O00053C0,13,-22.97901,-43.22225
3042O00074C0,13,-22.844883,-43.26798
3043O00102C0,13,-22.841237,-43.274245
3043O00103C0,13,-22.842404,-43.271163
3043O00113C0,13,-22.84239,-43.26936
5151O00102C9,13,-22.935264,-43.579557
3078O00005C0,13,-22.88118,-43.35263
3078O00029C0,13,-22.88288,-43.346556
3079O00032C0,13,-22.890928,-43.325532
1005O00090C0,13,-22.90162,-43.18528
5144O00480C9,13,-22.862002,-43.549473
5151O00001C9,13,-22.953739,-43.577323
5141O00042C9,13,-22.879705,-43.4631
5141O00043C9,13,-22.879638,-43.45827
5141O00044C9,13,-22.879609,-43.456474
3083O00014C0,13,-22.865393,-43.33538
2033O00175C0,13,-22.928422,-43.2364
2033O00176C0,13,-22.927087,-43.235595
2033O00186C0,13,-22.921477,-43.219876
2024O00133C0,13,-22.970706,-43.183562
4123O00005C0,13,-22.91818,-43.36711
fc04,13,-22.958153,-43.35838
3066O00023C0,13,-22.89782,-43.29761
5141O00128C0,13,-22.87342,-43.46536
5141O00129C0,13,-22.87346,-43.46694
2033O00142C0,13,-22.93223,-43.24084
2033O00143C0,13,-22.93386,-43.24241
2033O00144C0,13,-22.93489,-43.24342
2033O00145C0,13,-22.93644,-43.245151
5142O00019C9,13,-22.883578,-43.491546
3083O00041C0,13,-22.87367,-43.343069
3083O00042C0,13,-22.87537,-43.34287
5151O00068C0,13,-22.957537,-43.580087
2035O00028S9,13,-22.91375,-43.23656
3077O00012C0,13,-22.84198,-43.33661
5143O00024C0,13,-22.87393,-43.51961
5143O00026C0,13,-22.87534,-43.52529
4121O00040C0,13,-22.93376,-43.35248
3086O00012C0,13,-22.851154,-43.355074
3087O00002C0,13,-22.849778,-43.356662
3083O00091C0,13,-22.872874,-43.344461
3083O00094C0,13,-22.87706,-43.340446
3084O00025C0,13,-22.858476,-43.329284
2033O00141C0,13,-22.93141,-43.23913
3066O00036C9,13,-22.90381,-43.29877
3076O00031C9,13,-22.8235,-43.32468
3076O00036C0,13,-22.828007,-43.32054
3076O00041C9,13,-22.82638,-43.32561
2036O00004S9,13,-22.918919,-43.252401
3061O00011C2,13,-22.91346,-43.26939
3061O00012C2,13,-22.91302,-43.26663
3061O00013C0,13,-22.91324,-43.26539
3061O00025S0,13,-22.90651,-43.27094
3061O00026S9,13,-22.9051,-43.26781
3061O00027S0,13,-22.90464,-43.26452
3063O00015C1,13,-22.901838,-43.279631
2025O00016C0,13,-22.986268,-43.207602
2025O00018C0,13,-22.985964,-43.213282
2025O00020S0,13,-22.985628,-43.198174
3088O00015C0,13,-22.86838,-43.351988
3088O00016C0,13,-22.871474,-43.346728
2033O00111S9,13,-22.923736,-43.232262
2033O00122S9,13,-22.92408,-43.23273
2033O00135C0,13,-22.92556,-43.23475
3089O00027C0,13,-22.86244,-43.36403
3089O00046C0,13,-22.864968,-43.357076
2017O00056C0,13,-22.93343,-43.18448
3076O00030C9,13,-22.82221,-43.32352
4132O00016C0,13,-23.009997,-43.447691
4132O00017C0,13,-23.00875,-43.44298
5134O00005C9,13,-22.854904,-43.383597
5134O00010C9,13,-22.857757,-43.38155
5134O00019C9,13,-22.856182,-43.385422
5134O00022C9,13,-22.853366,-43.384669
5134O00039C9,13,-22.858985,-43.375228
3060O00001S0,13,-22.90407,-43.2627
3090O00017C0,13,-22.860248,-43.369893
4129O00002C0,13,-22.97687,-43.41672
3100O00003C0,13,-22.81138,-43.190725
3100O00013C0,13,-22.810766,-43.18754
5144O00467C0,13,-22.939268,-43.576795
3096O00003C0,13,-22.80656,-43.18253
3096O00004C0,13,-22.80881,-43.18376
3069O00051C0,13,-22.896226,-43.313414
3074O00026C2,13,-22.849522,-43.309854
3076O00006C0,13,-22.82135,-43.32419
5139O00035C9,13,-22.883918,-43.438152
3076O00009C0,13,-22.82463,-43.33424
2036O00071C0,13,-22.92271,-43.23705
1010O00112C9,13,-22.9003,-43.223247
3100O00001C0,13,-22.810443,-43.18465
5140O00085C9,13,-22.89437,-43.4518
2029O00031C0,13,-22.97852,-43.22751
2026O00016C0,13,-22.98629,-43.21709
2026O00020S0,13,-22.98481,-43.21911
4120O00098C0,13,-22.936831,-43.351093
5140O00013C9,13,-22.879595,-43.454232
5144O00078C9,13,-22.893987,-43.559913
1008O00003S2,13,-22.910283,-43.205532
2020O00040S0,13,-22.951427,-43.194869
5144O00176C9,13,-22.90248,-43.5488
5144O00318C0,13,-22.86217,-43.55342
5144O00319C9,13,-22.86181,-43.54684
5141O00030C9,13,-22.878237,-43.474677
5141O00031C9,13,-22.879357,-43.476893
1005O00208C0,13,-22.90952,-43.17067
hdr6,13,-22.869628,-43.350148
2020O00064S0,13,-22.94919,-43.18406
2020O00074S0,13,-22.941484,-43.179766
2020O00075S0,13,-22.942616,-43.181153
2020O00076S0,13,-22.946493,-43.182672
2026O00037S0,13,-22.98514,-43.2216
1008O00017S0,13,-22.910168,-43.205172
2021O00010S0,13,-22.955823,-43.198268
4116O00027C0,13,-22.964,-43.33557
4115O00133C0,13,-22.9626,-43.35817
2021O00003S0,13,-22.953009,-43.196703
1005O00241C0,13,-22.90795,-43.19572
3073O00005C0,13,-22.85269,-43.31821
3074O00021C2,13,-22.84833,-43.31053
3074O00022C2,13,-22.84652,-43.31155
3043O00024C0,13,-22.84026,-43.27775
yj0z,13,-22.882102,-43.349994
uhwn,12,-22.903735,-43.566528
3042O00020C0,12,-22.850324,-43.263669
3043O00063C9,12,-22.84233,-43.27742
3046O00063C0,12,-22.825531,-43.312878
3048O00017C9,12,-22.80782,-43.30516
3044O00023C9,12,-22.837817,-43.290014
3044O00022C9,12,-22.838135,-43.291889
3044O00021C9,12,-22.839167,-43.295195
zxpw,12,-22.828577,-43.344666
3050O00007C0,12,-22.87034,-43.26825
3048O00019C9,12,-22.80929,-43.3087
3048O00018C9,12,-22.808604,-43.306992
3043O00014C0,12,-22.837671,-43.276318
3043O00013C0,12,-22.8389,-43.27394
4128O00040C0,12,-23.01041,-43.345634
5143O00020C0,12,-22.87057,-43.509368
3072O00020C1,12,-22.85662,-43.30851
3072O00018C1,12,-22.85527,-43.30766
3072O00017C1,12,-22.85428,-43.30791
3074O00023C2,12,-22.84448,-43.31276
4124O00017C0,12,-22.89369,-43.34688
4124O00016C0,12,-22.8954,-43.34742
3072O00004C9,12,-22.8523,-43.30884
5151O00240C9,12,-22.96149,-43.61228
5151O00239C9,12,-22.96459,-43.61869
5139O00202C9,12,-22.878154,-43.43932
5139O00081C9,12,-22.880228,-43.414092
5139O00042C9,12,-22.87805,-43.435965
5139O00041C9,12,-22.878192,-43.437613
5139O00038C9,12,-22.87803,-43.44195
2036O00073C0,12,-22.92006,-43.23865
3075O00007C9,12,-22.82645,-43.31576
3074O00025C2,12,-22.8411,-43.31328
3074O00024C2,12,-22.84292,-43.31352
2038O00071C0,12,-22.922465,-43.258514
5138O00004C9,12,-22.87465,-43.41906
5138O00003C9,12,-22.87246,-43.41634
5138O00002C9,12,-22.87139,-43.41494
2015O00040C0,12,-22.940622,-43.176194
2015O00039C0,12,-22.9396,-43.17493
2015O00035C0,12,-22.936477,-43.17411
2036O00014S9,12,-22.91629,-43.2526
3076O00023C2,12,-22.83392,-43.32716
3076O00022C0,12,-22.835007,-43.32634
3076O00021C0,12,-22.83666,-43.32533
3076O00020C2,12,-22.840099,-43.32374
2036O00074C0,12,-22.9186,-43.23953
2036O00001S9,12,-22.920008,-43.258301
3076O00035C9,12,-22.82844,-43.32418
3076O00034C9,12,-22.827902,-43.325026
3076O00033C9,12,-22.82671,-43.32564
3076O00032C9,12,-22.825443,-43.325882
2036O00043S9,12,-22.91988,-43.25762
3068O00011C0,12,-22.893385,-43.301005
3066O00035C9,12,-22.90283,-43.29845
2024O00006S0,12,-22.98607,-43.189898
4128O00006C0,12,-23.000324,-43.408534
3076O00108C1,12,-22.839499,-43.324013
3076O00107C1,12,-22.837192,-43.325098
3076O00106C2,12,-22.838389,-43.324296
3076O00105C2,12,-22.842546,-43.323438
3076O00093C0,12,-22.85059,-43.31798
3076O00051C0,12,-22.835633,-43.326251
3076O00050C1,12,-22.83389,-43.32747
5151O00094C9,12,-22.943991,-43.593712
5151O00093C9,12,-22.945357,-43.596122
5151O00084C9,12,-22.964027,-43.616193
2015O00031C0,12,-22.933994,-43.174512
2015O00030C0,12,-22.931876,-43.174496
2015O00029C0,12,-22.929437,-43.174212
2015O00028C0,12,-22.926818,-43.173413
3066O00022C0,12,-22.897116,-43.300188
fnc4,12,-23.010367,-43.34851
csie,12,-23.010471,-43.342274
1014O00093C0,12,-22.917465,-43.194038
3079O00013C0,12,-22.892451,-43.323474
5151O00100C9,12,-22.93621,-43.583388
5151O00099C9,12,-22.938066,-43.587243
5151O00097C9,12,-22.940457,-43.589791
5151O00095C9,12,-22.942998,-43.592356
3082O00022C0,12,-22.883723,-43.332135
5151O00016C9,12,-22.963221,-43.614317
5145O00002C9,12,-22.88887,-43.52249
5144O00519C0,12,-22.90154,-43.55726
5144O00472C0,12,-22.94607,-43.57675
3082O00052C0,12,-22.882246,-43.332903
5141O00038C9,12,-22.88041,-43.473897
5141O00037C9,12,-22.880428,-43.475564
5141O00036C9,12,-22.880517,-43.477424
5141O00035C9,12,-22.880996,-43.480382
axf5,12,-22.906693,-43.568287
atod,12,-22.972143,-43.331927
2025O00006S0,12,-22.984015,-43.210389
2016O00024C0,12,-22.924585,-43.172737
2033O00187C0,12,-22.920869,-43.217647
5149O00026C9,12,-22.922132,-43.679555
5149O00014C9,12,-22.925139,-43.679226
3083O00072C0,12,-22.87298,-43.342502
5142O00020C9,12,-22.882314,-43.482695
4124O00008C0,12,-22.896967,-43.348397
2025O00010S0,12,-22.984495,-43.201281
2025O00009S0,12,-22.983912,-43.21211
2033O00146C0,12,-22.938999,-43.247835
3088O00010C0,12,-22.879961,-43.355449
3086O00010C2,12,-22.85466,-43.35038
2033O00147C1,12,-22.940248,-43.249662
4121O00041C0,12,-22.93089,-43.35338
3062O00002C0,12,-22.91731,-43.27897
3061O00045C2,12,-22.916532,-43.275673
3040O00007C0,12,-22.87178,-43.24924
3089O00043C0,12,-22.864251,-43.359734
3089O00041C0,12,-22.864104,-43.36094
3089O00012C0,12,-22.87893,-43.35733
3090O00016C0,12,-22.861115,-43.369537
3090O00015C0,12,-22.86223,-43.367211
2017O00043C0,12,-22.93475,-43.18782
4131O00026C0,12,-23.016046,-43.516128
4128O00203C0,12,-23.010628,-43.337755
5144O00373C0,12,-22.90725,-43.56431
3096O00001C0,12,-22.800979,-43.182426
3060O00007S9,12,-22.90386,-43.25888
3059O00006S0,12,-22.90328,-43.25345
3059O00005S0,12,-22.90353,-43.2558
3058O00011S0,12,-22.90292,-43.24876
3058O00010S0,12,-22.90305,-43.25057
3096O00007C0,12,-22.806285,-43.181863
3096O00002C0,12,-22.803934,-43.181789
5144O00471C0,12,-22.94421,-43.577301
5144O00470C0,12,-22.942826,-43.577455
5144O00416C9,12,-22.90914,-43.566386
5144O00394P9,12,-22.90197,-43.55501
3101O00002C0,12,-22.79975,-43.18292
2025O00036S0,12,-22.984346,-43.20405
2025O00035S0,12,-22.984145,-43.207924
4119O00009C0,12,-22.96265,-43.40124
4128O00133C0,12,-23.00888,-43.29829
4128O00129C0,12,-23.012906,-43.31765
3057O00005S0,12,-22.9045,-43.24473
5140O00014C9,12,-22.879552,-43.451761
1010O00083C0,12,-22.90383,-43.21625
3105O00031C0,12,-22.860551,-43.227574
3105O00030C0,12,-22.860239,-43.227788
4120O00097C0,12,-22.938213,-43.3489
5144O00175C9,12,-22.90176,-43.55044
5144O00174C9,12,-22.900673,-43.55042
4128O00112C0,12,-23.0124,-43.31865
2020O00002S0,12,-22.947373,-43.182628
1008O00004S0,12,-22.90786,-43.19828
5144O00121C9,12,-22.91154,-43.56534
ka7n,12,-22.827602,-43.317552
1005O00052S0,12,-22.90143,-43.18009
i2lv,12,-22.839368,-43.239685
hug3,12,-22.88904,-43.446599
3054O00015C0,12,-22.87191,-43.28125
3054O00011C0,12,-22.86932,-43.268315
3040O00054C0,12,-22.868612,-43.256041
2020O00132C0,12,-22.955743,-43.178584
4115O00059C0,12,-22.96442,-43.40636
4115O00058C0,12,-22.96333,-43.40393
3157O00013C0,12,-22.848182,-43.244906
4128O00041C0,12,-23.010518,-43.339939
4115O00161C0,12,-22.92431,-43.28352
4115O00157C2,12,-22.924694,-43.291094
4115O00154C2,12,-22.925584,-43.288
4115O00146C0,12,-22.97325,-43.32921
5144O00067C9,12,-22.90144,-43.55557
1008O00027S0,12,-22.90794,-43.20089
3048O00004C9,12,-22.81234,-43.30927
3048O00003C9,12,-22.80787,-43.30395
3048O00002C9,12,-22.81,-43.30168
4117O00004C0,12,-22.957861,-43.352407
1005O00013S0,12,-22.90677,-43.19493
3041O00015C2,12,-22.85639,-43.25223
3044O00024C0,12,-22.837945,-43.287913
3042O00075C0,12,-22.84766,-43.265792
wcdt,12,-23.001475,-43.3652
wdbf,12,-22.90332,-43.246814
zz06,12,-22.908018,-43.567022
3043O00038C0,11,-22.84008,-43.279781
2035O00050C0,11,-22.9135,-43.21777
3043O00012C0,11,-22.8406,-43.27102
3062O00026C2,11,-22.917678,-43.282263
3043O00019C9,11,-22.841068,-43.280483
4128O00126C0,11,-23.01014,-43.30787
3063O00024C0,11,-22.900616,-43.277198
3043O00023C0,11,-22.83894,-43.28004
4128O00038C0,11,-23.010489,-43.355245
4128O00039C0,11,-23.010385,-43.351093
4128O00120C0,11,-23.010196,-43.355095
4128O00121C0,11,-23.010394,-43.359938
3063O00002C0,11,-22.90128,-43.278356
4115O00160C2,11,-22.92269,-43.282343
4115O00205C0,11,-22.974029,-43.335804
2033O00045S0,11,-22.919613,-43.223519
3068O00012C0,11,-22.89213,-43.30102
3090O00004C0,11,-22.861264,-43.369464
5143O00018C0,11,-22.87219,-43.51072
w7sg,11,-22.955654,-43.353266
2032O00023C0,11,-22.910852,-43.214212
4128O00097C0,11,-23.000049,-43.384509
4128O00116C0,11,-23.010462,-43.335109
3042O00045C0,11,-22.85509,-43.26561
1006O00016C0,11,-22.914663,-43.195969
4128O00005C0,11,-23.000633,-43.413882
3088O00050C0,11,-22.869902,-43.355987
3088O00046C0,11,-22.871643,-43.345541
4128O00001C0,11,-23.00515,-43.42958
4128O00037C0,11,-23.010655,-43.359393
5143O00017C0,11,-22.874176,-43.514419
5143O00042C0,11,-22.871724,-43.509797
5143O00032C9,11,-22.885661,-43.519829
4118O00005C0,11,-22.952072,-43.358033
5144O00409C9,11,-22.899311,-43.560793
3079O00015C0,11,-22.895624,-43.318185
4128O00128C0,11,-23.01278,-43.3121
4128O00127C0,11,-23.010857,-43.309767
5144O00065C9,11,-22.90223,-43.54923
3079O00033C0,11,-22.893216,-43.322434
5151O00332C0,11,-22.96115,-43.605619
5143O00016C0,11,-22.87386,-43.51806
5144O00316C0,11,-22.86462,-43.5671
3089O00059C0,11,-22.873762,-43.357563
5149O00189C9,11,-22.937033,-43.667476
3042O00017C9,11,-22.8407,-43.26735
3042O00016C9,11,-22.83968,-43.26596
3042O00015C9,11,-22.84187,-43.26414
3089O00058C0,11,-22.869549,-43.355991
3107O00016C0,11,-22.81813,-43.39125
3107O00015C0,11,-22.81686,-43.38934
4128O00119C0,11,-23.010083,-43.350392
4128O00118C0,11,-23.010127,-43.345727
4128O00117C0,11,-23.010225,-43.340079
5151O00092C9,11,-22.946903,-43.599539
3089O00057C0,11,-22.867801,-43.353949
2026O00052S0,11,-22.98456,-43.22356
3089O00048C0,11,-22.866381,-43.354419
4128O00007C0,11,-23.00041,-43.40392
3114O00005C0,11,-22.81262,-43.37412
2024O00037S0,11,-22.97113,-43.18675
c3qq,11,-23.001586,-43.366914
5134O00015C9,11,-22.85933,-43.384406
ijp3,11,-22.876109,-43.420844
5151O00091C9,11,-22.948624,-43.603775
3088O00051C0,11,-22.873543,-43.357454
3088O00049C0,11,-22.867935,-43.353834
5142O00074C9,11,-22.882712,-43.486827
3069O00050C0,11,-22.895894,-43.316588
3088O00035C0,11,-22.867218,-43.353002
5151O00088C9,11,-22.952685,-43.607718
3088O00014C0,11,-22.87965,-43.35556
3053O00025C0,11,-22.879333,-43.272262
3105O00005C0,11,-22.850332,-43.234976
3053O00024C0,11,-22.878524,-43.273707
5139O00165C9,11,-22.877348,-43.4366
4128O00207C0,11,-22.999952,-43.392958
4128O00206C0,11,-22.999932,-43.380227
4127O00038C0,11,-22.986843,-43.306825
4128O00013C0,11,-23.00077,-43.38151
4128O00012C0,11,-23.00087,-43.38596
3066O00038C0,11,-22.895733,-43.29366
5142O00010C9,11,-22.879961,-43.506795
5142O00024C0,11,-22.87096,-43.50935
i6vi,11,-23.010433,-43.353129
5151O00112C9,11,-22.96879,-43.6479
4127O00037C0,11,-22.986706,-43.303346
4128O00011C0,11,-23.00081,-43.38912
4128O00010C0,11,-23.00071,-43.39259
4128O00008C0,11,-23.00062,-43.397412
3078O00007C0,11,-22.88842,-43.34439
3ncq,11,-22.921053,-43.369656
5144O00317C9,11,-22.86372,-43.56338
5135O00018C9,11,-22.863259,-43.396796
5135O00017C9,11,-22.864106,-43.398541
3103O00011C9,11,-22.805041,-43.206768
3103O00008C0,11,-22.79668,-43.20337
5135O00016C9,11,-22.866031,-43.402503
5135O00052P1,11,-22.884522,-43.399807
5135O00020C9,11,-22.860096,-43.390301
4124O00050C0,11,-22.890381,-43.34553
3066O00018C0,11,-22.893892,-43.29941
4120O00085C0,11,-22.93142,-43.32531
4120O00084C0,11,-22.933293,-43.327454
5135O00019C9,11,-22.862334,-43.394883
4127O00102C0,11,-22.986617,-43.305348
3088O00038C0,11,-22.86803,-43.351594
1005O00143C0,11,-22.90307,-43.19083
3157O00015C0,11,-22.847052,-43.245992
5139O00129C9,11,-22.87923,-43.43673
2033O00151C0,11,-22.941926,-43.253027
2033O00149C0,11,-22.94103,-43.25168
5145O00017C9,11,-22.88845,-43.52147
5145O00016C9,11,-22.89026,-43.52452
5145O00014C9,11,-22.89264,-43.52933
5145O00013C9,11,-22.89368,-43.53337
5151O00090C9,11,-22.94957,-43.604284
5151O00089C9,11,-22.952012,-43.6067
5135O00015C9,11,-22.868045,-43.406631
5135O00014C9,11,-22.868995,-43.408586
2016O00019C0,11,-22.92115,-43.1738
l27x,11,-23.010718,-43.36118
3087O00001C0,11,-22.85267,-43.3535
3088O00041C0,11,-22.86886,-43.35001
3114O00026C0,11,-22.813796,-43.378094
5138O00008C9,11,-22.878273,-43.417266
5138O00007C9,11,-22.87038,-43.41161
3040O00017C0,11,-22.86552,-43.25368
3086O00026C0,11,-22.855865,-43.350422
3114O00030C0,11,-22.8161,-43.38584
3114O00029C0,11,-22.81606,-43.38377
2029O00032C0,11,-22.97659,-43.229655
3101O00037C0,11,-22.798329,-43.189322
3114O00028C0,11,-22.81513,-43.3821
3114O00027C0,11,-22.81416,-43.38021
5151O00243C9,11,-22.947165,-43.60078
5151O00242C0,11,-22.96171,-43.60902
4124O00033C0,11,-22.89911,-43.35167
4115O00063C0,11,-22.974171,-43.414685
5151O00241C0,11,-22.961647,-43.610817
3101O00016C0,11,-22.79965,-43.18282
3101O00012C0,11,-22.79813,-43.19466
3102O00011C0,11,-22.79768,-43.19289
5145O00004C9,11,-22.8926,-43.53011
1005O00025S0,11,-22.9059,-43.19296
3086O00008C0,11,-22.857919,-43.348672
2033O00153C0,11,-22.94601,-43.25533
4115O00061C0,11,-22.96867,-43.41365
4115O00060C0,11,-22.966298,-43.411842
2015O00034C0,11,-22.935323,-43.174301
3064O00010C0,11,-22.896758,-43.287882
2033O00152C0,11,-22.943884,-43.254209
oohv,11,-22.972331,-43.336689
5151O00018C9,11,-22.96613,-43.62118
3040O00020C2,11,-22.861646,-43.253842
3040O00019C0,11,-22.86276,-43.25348
3101O00025C0,11,-22.79797,-43.19122
5139O00080C9,11,-22.878425,-43.422218
2033O00245S0,11,-22.91739,-43.225
3156O00002C1,11,-22.86812,-43.26885
5141O00136C0,11,-22.87446,-43.46366
3040O00018C0,11,-22.86318,-43.25283
3040O00034C0,11,-22.86532,-43.24895
3040O00021C2,11,-22.86021,-43.2537
5148O00005C9,11,-22.880741,-43.633092
5144O00170C9,11,-22.890821,-43.559679
3083O00025C0,11,-22.876565,-43.335789
2033O00177C0,11,-22.92498,-43.23366
3097OY0007C0,11,-22.79116,-43.18074
3083O00079C0,11,-22.872989,-43.343248
4122O00204C0,11,-22.92786,-43.37261
3049O00016C0,11,-22.811009,-43.319635
3097O00010C9,11,-22.786449,-43.18733
3096O00012C0,11,-22.801387,-43.182158
2036O00056S9,11,-22.918829,-43.251925
1005O00239C0,11,-22.9099,-43.17266
4115O00248C0,11,-22.977584,-43.334112
4115O00247C0,11,-22.975916,-43.334974
4115O00230C0,11,-22.965503,-43.409667
3083O00067C0,11,-22.870317,-43.341938
5151O00219C0,11,-22.95581,-43.60536
25f9,11,-22.854108,-43.312663
5151O00218C0,11,-22.958117,-43.605095
5144O00485P9,11,-22.90168,-43.55506
3085O00006C0,11,-22.860471,-43.34654
3085O00005C0,11,-22.862146,-43.344859
3041O00019C2,11,-22.84875,-43.25813
3041O00018C2,11,-22.85112,-43.2558
3085O00004C0,11,-22.863777,-43.343731
2036O00005S9,11,-22.91722,-43.24318
2036O00003S9,11,-22.919245,-43.254192
2036O00002S9,11,-22.919389,-43.255044
2020O00131C0,11,-22.954991,-43.180879
3043O00037C0,11,-22.840654,-43.277909
3043O00036C0,11,-22.841262,-43.275771
5149O00234C0,11,-22.93561,-43.65622
2036O00044S9,11,-22.918032,-43.247493
5143O00009C9,11,-22.881139,-43.51043
5143O00008C9,11,-22.88234,-43.51392
6vr5,11,-23.010571,-43.357402
4132O00069C0,11,-23.015987,-43.471467
4132O00068C0,11,-23.017487,-43.47742
4132O00067C0,11,-23.01819,-43.480269
4132O00065C0,11,-23.018882,-43.482838
5143O00007C9,11,-22.884829,-43.518671
3048O00001C9,11,-22.81348,-43.30113
4128O00125C0,11,-23.00862,-43.30542
x451,11,-22.885459,-43.40062
2024O00009S0,11,-22.97303,-43.18818
4128O00100C0,11,-23.00006,-43.38769
3043O00011C9,11,-22.84201,-43.26934
4122O00025C0,11,-22.92043,-43.3708
3096O00008C0,11,-22.804597,-43.18131
4128O00196C0,11,-22.999849,-43.396365
5141O00014C9,11,-22.88039,-43.464867
4128O00195C0,11,-22.999797,-43.370987
4125O00057C9,11,-22.877572,-43.372957
5148O00006C9,11,-22.882242,-43.638698
3079O00014C0,11,-22.895136,-43.319739
3050O00006C0,11,-22.87228,-43.26798
3049O00025C0,11,-22.807253,-43.327419
4125O00016C0,11,-22.877172,-43.369964
3041O00017C2,11,-22.852332,-43.254572
3041O00016C2,11,-22.8531,-43.25309
4132O00147C0,11,-23.016354,-43.472797
2035O00052C0,11,-22.91529,-43.22091
2035O00051C0,11,-22.91448,-43.21955
4115O00167C0,10,-22.928714,-43.31884
3109O00013C0,10,-22.83662,-43.39002
4128O00016C0,10,-23.000623,-43.372192
4115O00165C0,10,-22.928917,-43.320333
3068O00007C0,10,-22.9042,-43.3034
5143O00019C0,10,-22.86786,-43.50986
4115O00169C0,10,-22.927745,-43.316938
4128O00003C0,10,-23.001691,-43.418949
4128O00002C0,10,-23.00346,-43.424448
5143O00023C0,10,-22.87355,-43.51788
5143O00022C0,10,-22.87394,-43.514985
4128O00134C0,10,-23.015159,-43.305776
5144O00026C9,10,-22.861709,-43.550874
5144O00025C9,10,-22.86144,-43.54565
4128O00034C0,10,-23.01268,-43.29911
2028O00001C0,10,-22.966497,-43.235596
3044O00012C0,10,-22.83663,-43.2914
3066O00034C9,10,-22.89973,-43.29748
4129O00010C0,10,-22.980926,-43.424056
4120O00111C0,10,-22.930853,-43.325907
2026O00001C0,10,-22.98757,-43.22467
4115O00170C0,10,-22.92562,-43.31483
5144O00039C9,10,-22.901865,-43.564785
2024O00097S0,10,-22.97536,-43.18965
1010O00037C0,10,-22.896379,-43.213767
5144O00066C9,10,-22.900908,-43.549671
5151O00078C0,10,-22.98538,-43.65045
1008O00042C0,10,-22.91267,-43.20611
3105O00004C0,10,-22.846725,-43.237614
3105O00003C0,10,-22.845853,-43.237793
4128O00015C0,10,-23.000738,-43.376048
5142O00016C9,10,-22.87971,-43.50393
4129O00006C0,10,-22.97948,-43.420785
3044O00011C0,10,-22.836326,-43.289402
3044O00061C0,10,-22.83807,-43.29537
3044O00060C0,10,-22.83846,-43.29779
3044O00059C0,10,-22.83849,-43.29928
4115O00085C0,10,-22.95373,-43.37582
4115O00084C0,10,-22.95189,-43.37455
4124O00058C0,10,-22.900466,-43.349828
4120O00067C0,10,-22.93374,-43.32914
4119O00007C0,10,-22.96115,-43.39496
4119O00006C0,10,-22.96072,-43.39318
4119O00005C0,10,-22.96,-43.39018
2038O00043C1,10,-22.91755,-43.26213
3074O00034C1,10,-22.8479,-43.31108
3074O00033C1,10,-22.84582,-43.31227
3073O00033C1,10,-22.84959,-43.31013
5144O00143C0,10,-22.88245,-43.54823
5144O00142C0,10,-22.883994,-43.549333
1008O00015S9,10,-22.91205,-43.19781
5144O00191C9,10,-22.896358,-43.563343
5141O00164C0,10,-22.8787,-43.47352
5151O00118C9,10,-22.98773,-43.65175
5144O00163C0,10,-22.88242,-43.54847
5144O00157C0,10,-22.87743,-43.53321
5144O00146C0,10,-22.878156,-43.536229
5144O00145C0,10,-22.879498,-43.539742
5144O00144C0,10,-22.879728,-43.542065
4130O00005C0,10,-22.982605,-43.463896
4130O00004C0,10,-22.98273,-43.468298
5149O00025C9,10,-22.92456,-43.6791
3105O00001C0,10,-22.842583,-43.236254
2029O00033C0,10,-22.97857,-43.22975
3045O00016C0,10,-22.83688,-43.293
5144O00166C0,10,-22.88456,-43.55386
5144O00165C0,10,-22.88468,-43.552
5144O00164C0,10,-22.883919,-43.549505
4115O00062C0,10,-22.972275,-43.414136
5149O00009C9,10,-22.913472,-43.687069
5148O00065C0,10,-22.879031,-43.619805
5148O00064C9,10,-22.879861,-43.624506
4115O00030C0,10,-22.968666,-43.335984
5144O00161C0,10,-22.87916,-43.5437
5144O00160C0,10,-22.879365,-43.539923
5144O00159C0,10,-22.878375,-43.537706
5144O00158C0,10,-22.877747,-43.535955
5148O00063C9,10,-22.88031,-43.6275
4120O00050C0,10,-22.94115,-43.34186
5141O00094C0,10,-22.87513,-43.46558
5141O00093C0,10,-22.875343,-43.468911
3074O00032C1,10,-22.8446,-43.313
3074O00031C1,10,-22.84295,-43.31378
3074O00030C1,10,-22.84067,-43.31333
3076O00012C9,10,-22.82702,-43.31717
3076O00011C9,10,-22.82635,-43.31605
3097OY0006C9,10,-22.79386,-43.17989
5144O00226C9,10,-22.899952,-43.563434
3076O00010C9,10,-22.82567,-43.31376
3094O00007C0,10,-22.81906,-43.183746
3094O00003C0,10,-22.817997,-43.185292
3047O00002C9,10,-22.81668,-43.30091
3042O00012C2,10,-22.84617,-43.26052
2036O00007S0,10,-22.90921,-43.23863
3076O00091C9,10,-22.822818,-43.320344
5144O00215C9,10,-22.86093,-43.54078
3063O00071C0,10,-22.90349,-43.272521
3063O00070C0,10,-22.903731,-43.275392
3076O00013C9,10,-22.82766,-43.31859
2027O00096C0,10,-22.977042,-43.224905
3048O00015C9,10,-22.81251,-43.30144
3048O00021C9,10,-22.81504,-43.30996
3048O00016C9,10,-22.81444,-43.30122
2031O00024C0,10,-22.993995,-43.253922
3099O00014C9,10,-22.804647,-43.202851
5148O00085C9,10,-22.877178,-43.614674
5148O00066C9,10,-22.878012,-43.616593
3094O00008C0,10,-22.820526,-43.181475
4132O00048C0,10,-23.019853,-43.486646
5148O00007C9,10,-22.88342,-43.64302
5144O00421C9,10,-22.86561,-43.57482
5144O00420C0,10,-22.86636,-43.58471
3061O00042C0,10,-22.902888,-43.270008
5139O00130C9,10,-22.882349,-43.436912
3064O00018C0,10,-22.893343,-43.287423
3076O00081C9,10,-22.84455,-43.3228
3076O00080C9,10,-22.84577,-43.3209
2033O00140C0,10,-22.929518,-43.237305
3076O00104C0,10,-22.84539,-43.323823
2035O00043S0,10,-22.91206,-43.23707
3076O00098C0,10,-22.850016,-43.325808
3076O00079C9,10,-22.84785,-43.31956
5144O00315C0,10,-22.86806,-43.59398
3076O00078C9,10,-22.84961,-43.31858
3076O00077C0,10,-22.852417,-43.328417
3050O00012C1,10,-22.873541,-43.258199
3050O00013C1,10,-22.876521,-43.256886
3076O00135C0,10,-22.825609,-43.320021
5144O00645C0,10,-22.862281,-43.555514
3114O00004C0,10,-22.810585,-43.371271
2025O00004C0,10,-22.986269,-43.211736
3053O00017C0,10,-22.87379,-43.26656
3040O00051C1,10,-22.868501,-43.263577
3040O00049C1,10,-22.868183,-43.259115
5144O00314C0,10,-22.87029,-43.59983
b558,10,-22.968338,-43.622119
5144O00313C0,10,-22.87543,-43.61113
4132O00054C0,10,-23.01186,-43.458396
4132O00053C0,10,-23.01122,-43.455881
4132O00141C0,10,-23.019372,-43.484689
3084O00016C1,10,-22.855453,-43.329369
3086O00025C0,10,-22.854404,-43.351791
4132O00140C0,10,-23.0176,-43.512
3088O00013C0,10,-22.88107,-43.35205
3090O00039C9,10,-22.87439,-43.37343
3051O00011C0,10,-22.894336,-43.257409
5137O00008C0,10,-22.887946,-43.390189
2036O00050S9,10,-22.915228,-43.243439
3083O00039C0,10,-22.882105,-43.349325
2033O00199C0,10,-22.923546,-43.233767
2035O00054C0,10,-22.91657,-43.22248
ohzk,10,-23.001558,-43.365079
5144O00558C0,10,-22.884914,-43.551938
3050O00017C1,10,-22.878617,-43.255301
2033O00185C0,10,-22.922754,-43.222164
3156O00006C0,10,-22.8659,-43.268955
4127O00087C0,10,-22.997121,-43.314935
3077O00028C0,10,-22.839308,-43.338838
4127O00084C0,10,-22.996261,-43.313388
2033O00239C0,10,-22.916,-43.21721
3156O00003C1,10,-22.86702,-43.27014
3061O00037C2,10,-22.915693,-43.267144
3040O00002C2,10,-22.868383,-43.258079
4127O00083C0,10,-22.9897,-43.31144
pub7,10,-22.948749,-43.339214
d8wp,10,-22.973659,-43.333401
3076O00064C2,10,-22.84782,-43.32503
3039O00012C1,10,-22.88264,-43.25405
3088O00045C0,10,-22.870778,-43.346972
1161O00019S0,10,-22.91129,-43.18621
5136O00008C9,10,-22.88424,-43.375846
2033O00136C0,10,-22.926048,-43.235176
3040O00022C2,10,-22.85765,-43.25244
4118O00007C0,10,-22.947472,-43.36001
5144O00557C0,10,-22.884898,-43.553029
5144O00586C9,10,-22.91538,-43.550039
4118O00006C0,10,-22.95007,-43.35915
4127O00104C0,10,-22.987414,-43.309054
2036O00013S9,10,-22.91577,-43.24644
4127O00098C9,10,-22.987753,-43.310016
5134O00018C9,10,-22.859114,-43.375644
5134O00017C9,10,-22.858486,-43.378038
3078O00009C0,10,-22.88579,-43.34209
5149O00228C9,10,-22.915671,-43.685866
5149O00225C9,10,-22.887251,-43.655915
5143O00014C0,10,-22.87569,-43.52554
5143O00011C0,10,-22.87778,-43.53232
5136O00010C9,10,-22.882127,-43.375681
5137O00036C9,10,-22.887673,-43.386274
5137O00035C9,10,-22.886096,-43.380191
3039O00022C1,10,-22.880297,-43.253796
4125O00029C9,10,-22.879377,-43.374587
2025O00029C0,10,-22.986487,-43.207712
4128O00135C0,10,-23.014737,-43.30191
3156O00012C0,10,-22.863408,-43.268463
3156O00011C0,10,-22.859209,-43.267522
3156O00010C1,10,-22.868352,-43.266595
3043L00106C0,10,-22.840567,-43.28129
3156O00009C0,10,-22.86639,-43.26941
4128O00107C0,10,-23.003938,-43.428408
3078O00008C0,10,-22.88717,-43.34339
5139O00249C9,10,-22.884272,-43.43706
4128O00136C0,10,-23.014333,-43.298588
4128O00106C0,10,-23.002707,-43.424719
2033O00223C0,10,-22.923148,-43.234251
2033O00216C0,10,-22.92534,-43.240261
2033O00215C0,10,-22.92768,-43.23988
2033O00214C0,10,-22.92908,-43.23908
3156O00007C0,10,-22.862372,-43.26786
5144O00433C0,10,-22.901446,-43.560665
5144O00559C0,10,-22.878642,-43.537768
yg71,9,-22.86286,-43.367136
5143O00003C9,9,-22.880262,-43.507954
3068O00018C0,9,-22.900246,-43.302103
3068O00017C0,9,-22.897957,-43.301365
3042O00086C1,9,-22.846134,-43.267884
5144O00029C9,9,-22.86429,-43.56703
5144O00028C0,9,-22.86343,-43.56353
2025O00007S0,9,-22.984586,-43.199731
5149O00190C9,9,-22.93382,-43.654334
1006O00017C0,9,-22.9166,-43.19521
1007O00017S9,9,-22.91747,-43.21103
4129O00011C0,9,-22.98494,-43.427639
4129O00012C0,9,-22.9855,-43.43114
tofg,9,-22.919682,-43.240238
5149O00236C0,9,-22.934396,-43.668971
3106O00017C0,9,-22.8366,-43.3866
2028O00002C0,9,-22.966874,-43.230587
2028O00003C0,9,-22.965739,-43.224556
2028O00004C0,9,-22.965415,-43.222412
2028O00005C0,9,-22.96591,-43.22102
5144O00027C9,9,-22.861888,-43.553994
1005O00034S9,9,-22.90732,-43.17396
1005O00267P0,9,-22.908874,-43.170562
3105O00008C0,9,-22.853086,-43.233036
5145O00021C9,9,-22.89693,-43.53895
5145O00022C9,9,-22.89509,-43.53686
5136O00014C1,9,-22.8742,-43.37365
1005O00076P0,9,-22.905406,-43.174822
5145O00003C9,9,-22.89029,-43.52531
5145O00007C9,9,-22.8955,-43.53775
2033O00181C0,9,-22.92361,-43.229666
2033O00182C0,9,-22.924382,-43.22783
5145O00009C9,9,-22.8988,-43.54149
3040O00006C0,9,-22.861548,-43.257448
4116O00029C0,9,-22.952629,-43.338386
4116O00030C0,9,-22.954469,-43.337676
4116O00040C0,9,-22.956362,-43.346558
4116O00042C0,9,-22.95712,-43.34136
1005O00149S9,9,-22.91168,-43.18936
2033O00237C0,9,-22.917785,-43.219874
4127O00106C0,9,-22.99724,-43.319511
5136O00003C0,9,-22.87541,-43.37314
4116O00062C0,9,-22.955142,-43.339096
4116O00063C0,9,-22.955841,-43.340826
4116O00067C0,9,-22.95697,-43.344267
4116O00068C0,9,-22.955741,-43.348863
4116O00070C0,9,-22.957484,-43.342848
3054O00013C1,9,-22.870172,-43.276304
4127O00046C0,9,-22.98731,-43.32881
3156O00013C0,9,-22.85936,-43.267317
5145O00020C9,9,-22.89817,-43.54034
3054O00049C1,9,-22.871881,-43.276874
3054O00051C0,9,-22.868229,-43.268968
3054O00055C0,9,-22.8752,-43.284011
3086O00071C1,9,-22.848402,-43.342826
5145O00019C9,9,-22.89911,-43.54141
3090O00053C0,9,-22.85418,-43.37078
bckb,9,-22.922181,-43.371595
2018O00024C0,9,-22.930959,-43.17755
3040O00047C2,9,-22.867804,-43.256135
3053O00015C0,9,-22.87694,-43.26549
3053O00020C9,9,-22.878735,-43.272276
4127O00058C0,9,-22.9755,-43.33111
3114O00003C0,9,-22.80866,-43.3697
5151O00267C9,9,-23.005582,-43.558289
4118O00002C0,9,-22.94899,-43.359761
3040O00001C2,9,-22.87029,-43.25836
2035O00039S9,9,-22.91384,-43.23697
3156O00004C0,9,-22.86705,-43.27169
3156O00005C1,9,-22.868293,-43.274655
3054O00014C1,9,-22.87309,-43.278
3040O00039C0,9,-22.86844,-43.25967
3090O00051C0,9,-22.85744,-43.370262
3090O00052C0,9,-22.855105,-43.370624
3090O00054C0,9,-22.85286,-43.37099
5y57,9,-22.993733,-43.59599
4127O00090C0,9,-22.993579,-43.32125
3041O00001C0,9,-22.85934,-43.25819
3041O00002C0,9,-22.855657,-43.259737
4132O00142C0,9,-23.02163,-43.48264
3090O00006C0,9,-22.86181,-43.3693
5151O00268C9,9,-23.007604,-43.549254
2018O00010C0,9,-22.930967,-43.17827
4132O00052C0,9,-23.01046,-43.4531
3077O00005C1,9,-22.84734,-43.34093
3063O00004C0,9,-22.901634,-43.280831
lkdz,9,-22.993567,-43.596001
4119O00053C0,9,-22.955048,-43.377269
2026O00112C9,9,-22.986893,-43.220334
3050O00015C2,9,-22.868474,-43.266605
3050O00016C1,9,-22.86837,-43.258305
3041O00050C2,9,-22.857473,-43.258799
4132O00051C0,9,-23.00959,-43.44967
4132O00013C9,9,-23.008469,-43.445266
5151O00286C9,9,-22.97335,-43.648
5151O00287C9,9,-22.97152,-43.64797
3041O00052C2,9,-22.854745,-43.260468
5141O00015C9,9,-22.883057,-43.464827
5141O00016C9,9,-22.884982,-43.464803
4132O00063C0,9,-23.020653,-43.500814
4132O00064C0,9,-23.02107,-43.49847
2017O00048C0,9,-22.933239,-43.180478
2017O00057C0,9,-22.933634,-43.186229
3090O00047C0,9,-22.86249,-43.36585
4131O00045C0,9,-22.98336,-43.48964
3098O00010C0,9,-22.79105,-43.16791
3048O00020C9,9,-22.817278,-43.31384
5151O00288C9,9,-22.96995,-43.64793
4131O00081C0,9,-22.984652,-43.489826
4127O00113C0,9,-22.974082,-43.329534
2026O00076C0,9,-22.98471,-43.22297
2036O00049S0,9,-22.91011,-43.2384
2036O00052S9,9,-22.916318,-43.249274
5141O00062C0,9,-22.86177,-43.50792
2036O00053S9,9,-22.916893,-43.256594
2036O00054S9,9,-22.916916,-43.257164
5141O00022C9,9,-22.8602,-43.50596
1012O00045C0,9,-22.89609,-43.2406
2026O00090C0,9,-22.98146,-43.21504
2026O00091C0,9,-22.983256,-43.215618
4120O00024C9,9,-22.940938,-43.342736
4120O00027C0,9,-22.94349,-43.34073
4120O00028C0,9,-22.945702,-43.339929
4131O00080C0,9,-22.978856,-43.492278
3098O00022C0,9,-22.790245,-43.166008
3100O00008C0,9,-22.80604,-43.19953
3110O00023C0,9,-22.82753,-43.34757
3110O00024C0,9,-22.82873,-43.34651
5151O00314C0,9,-22.99546,-43.621051
4127O00108C0,9,-22.995115,-43.320229
2036O00015S9,9,-22.916438,-43.253211
3064O00001C0,9,-22.897884,-43.282229
5151O00144C0,9,-22.99387,-43.61178
5141O00061C0,9,-22.86501,-43.50939
3098O00009C0,9,-22.79232,-43.16946
4131O00067C0,9,-22.979849,-43.491233
3074O00005C9,9,-22.84065,-43.30518
5151O00145C0,9,-22.9944,-43.61485
5151O00146C0,9,-22.99473,-43.61677
5151O00147C0,9,-22.99496,-43.61813
5151O00149C0,9,-22.99596,-43.62393
5151O00150C0,9,-22.995733,-43.622641
3076O00001C2,9,-22.852466,-43.328157
gdn7,9,-22.939158,-43.33681
5144O00225C9,9,-22.884412,-43.557
5151O00141C0,9,-22.99405,-43.60219
2037O00024C0,9,-22.92586,-43.25286
2036O00055S0,9,-22.916988,-43.261141
2036O00068C0,9,-22.92048,-43.23973
2036O00069C0,9,-22.92206,-43.23872
5141O00059C9,9,-22.8684,-43.50922
5151O00143C0,9,-22.993579,-43.610071
4127O00109C0,9,-22.992358,-43.32111
4127O00110C0,9,-22.989247,-43.322303
4127O00111C0,9,-22.988471,-43.324419
4131O00029C0,9,-22.977818,-43.492828
3041O00056C2,9,-22.853242,-43.26223
3041O00067C0,9,-22.856432,-43.26629
rtq7,9,-22.942151,-43.34142
5148O00033C9,9,-22.882998,-43.639227
5148O00034C9,9,-22.8821,-43.63594
4130O00024C0,9,-22.982452,-43.467776
4131O00019C0,9,-22.977697,-43.493114
3100O00004C9,9,-22.81144,-43.19284
3100O00005C9,9,-22.809807,-43.19526
3065O00006C9,9,-22.89194,-43.27941
3065O00007C9,9,-22.89176,-43.28194
3074O00035C0,9,-22.839697,-43.310439
1005O00043S9,9,-22.91118,-43.19203
1005O00053S0,9,-22.90384,-43.18753
5151O00115C9,9,-22.97911,-43.64814
3074O00006C9,9,-22.8401,-43.30824
4115O00057C0,9,-22.94804,-43.37251
5149O00001C9,9,-22.88823,-43.65889
5149O00002C0,9,-22.891517,-43.66939
3100O00006C9,9,-22.80844,-43.19623
3098O00007C0,9,-22.794593,-43.173148
3098O00008C0,9,-22.79366,-43.17077
3098O00021C0,9,-22.789254,-43.163952
3103O00001C0,9,-22.803729,-43.204071
3100O00007C9,9,-22.80693,-43.1976
4130O00020C0,9,-22.991882,-43.445985
4124O00031C0,9,-22.90189,-43.34779
5144O00167C0,9,-22.885067,-43.555716
2028O00037C0,9,-22.965504,-43.226612
2028O00038C0,9,-22.965807,-43.228692
2028O00039C0,9,-22.966322,-43.229697
5149O00017C9,9,-22.931297,-43.673187
5149O00018C9,9,-22.93257,-43.67142
5149O00020C0,9,-22.934378,-43.668606
5149O00021C9,9,-22.932321,-43.671322
5149O00022C0,9,-22.931246,-43.672868
5149O00023C0,9,-22.928003,-43.67683
5149O00024C0,9,-22.927565,-43.677348
4119O00002C0,9,-22.9568,-43.37963
4119O00003C0,9,-22.95848,-43.38372
4130O00032C0,9,-22.986935,-43.489273
4130O00033C0,9,-22.987952,-43.485657
4130O00034C0,9,-22.988131,-43.482186
4130O00035C0,9,-22.98782,-43.480892
5151O00122C0,9,-22.994227,-43.612177
5151O00123C0,9,-22.993292,-43.607922
1005O00224C0,9,-22.9078,-43.19226
4130O00002C0,9,-22.986505,-43.475829
3044O00057C0,9,-22.83691,-43.284401
3044O00058C0,9,-22.838525,-43.301349
3044O00070C0,9,-22.836027,-43.28362
4130O00003C0,9,-22.983975,-43.471194
3110O00004C0,9,-22.831512,-43.347712
5142O00017C9,9,-22.881481,-43.50018
5144O00178C9,9,-22.90145,-43.544346
5142O00018C9,9,-22.882359,-43.496211
3073O00043C0,9,-22.854632,-43.322681
5151O00114C9,9,-22.97507,-43.64805
4119O00004C0,9,-22.95926,-43.38697
3045O00017C9,9,-22.83973,-43.30446
2038O00067C0,9,-22.92567,-43.255
5141O00306C0,9,-22.863359,-43.508577
5142O00011C9,9,-22.88142,-43.49915
3110O00005C0,9,-22.83062,-43.34832
5149O00092C9,9,-22.936792,-43.666816
3042O00049C0,9,-22.84422,-43.269125
3042O00050C0,9,-22.84664,-43.26766
4130O00015C0,9,-22.989158,-43.436871
4130O00017C0,9,-22.98813,-43.43409
4130O00018C0,9,-22.988729,-43.439211
3106O00018C0,9,-22.83686,-43.38385
5142O00012C9,9,-22.880177,-43.501231
5142O00013C9,9,-22.879291,-43.504893
5151O00119C0,9,-22.995912,-43.622018
5151O00120C0,9,-22.995296,-43.618531
5151O00121C0,9,-22.995015,-43.61672
4130O00019C0,9,-22.989558,-43.442291
2025O00061C0,9,-22.986826,-43.201243
2026O00007S0,9,-22.98409,-43.221
2026O00008S0,9,-22.98376,-43.21612
2026O00011S0,9,-22.98382,-43.21824
4120O00114C0,9,-22.931966,-43.328737
3044O00007C0,9,-22.83216,-43.27944
3106O00019C0,9,-22.83627,-43.38183
3106O00021C0,9,-22.83759,-43.38
3106O00022C2,9,-22.83932,-43.37875
3106O00023C9,9,-22.84128,-43.37732
4115O00172C0,9,-22.928992,-43.321908
4123O00033P1,9,-22.915626,-43.361259
4123O00037C0,9,-22.922448,-43.360733
4123O00038C0,9,-22.919982,-43.360245
2038O00066C0,9,-22.92457,-43.25734
2033O00226C0,9,-22.916901,-43.229011
5150O00016C9,9,-22.98478,-43.695061
xyqs,9,-22.936144,-43.331795
4128O00105C0,9,-22.999656,-43.41223
4128O00103C0,9,-22.999665,-43.402786
4128O00104C0,9,-22.999431,-43.407351
2025O00030C0,9,-22.98735,-43.19214
1003O00023C0,9,-22.89451,-43.198069
4122O00065C0,9,-22.94055,-43.37284
4122O00066C0,9,-22.9455,-43.372301
2025O00031C0,9,-22.984747,-43.197457
2025O00032C0,9,-22.9874,-43.1966
xl0u,9,-23.004717,-43.430698
5143O00006C9,9,-22.886071,-43.520486
5149O00219C9,9,-22.93586,-43.65477
1009O00006S9,9,-22.91547,-43.20947
2033O00189C0,9,-22.918276,-43.21223
3040O00026C0,9,-22.86492,-43.25483
3083O00038C0,9,-22.88257,-43.34691
3058O00004C9,9,-22.90098,-43.25107
3058O00006C9,9,-22.90026,-43.24503
3040O00024C1,9,-22.86203,-43.25459
3040O00025C0,9,-22.86357,-43.25425
4127O00059C0,9,-22.977391,-43.333742
3083O00046C0,9,-22.86501,-43.33917
2033O00184C0,9,-22.924276,-43.22377
5144O00481C9,9,-22.86131,-43.5478
3040O00038C2,9,-22.86842,-43.26397
3040O00005C0,9,-22.863002,-43.256953
3058O00005C9,9,-22.90092,-43.2481
5139O00048C9,9,-22.868877,-43.433303
2033O00225C0,9,-22.920736,-43.231648
3099O00019C0,8,-22.806878,-43.208637
3099O00020C0,8,-22.8095,-43.20863
3090O00003C0,8,-22.85717,-43.37044
1010O00058C0,8,-22.89796,-43.21823
3044O00031C0,8,-22.83767,-43.28555
5149O00178C9,8,-22.89279,-43.67436
3044O00032C0,8,-22.83359,-43.28078
5149O00151C9,8,-22.93349,-43.66172
5149O00152C0,8,-22.93158,-43.65668
5150O00004C9,8,-22.956356,-43.688896
ztw7,8,-22.826255,-43.401242
5149O00155C9,8,-22.93236,-43.65519
5150O00005C9,8,-22.957474,-43.690302
5150O00006C9,8,-22.95873,-43.69283
5150O00007C9,8,-22.96043,-43.69843
5150O00008C0,8,-22.96229,-43.70078
2020O00150C0,8,-22.94116,-43.18195
8oqn,8,-22.991023,-43.321248
5149O00156C9,8,-22.93422,-43.65441
3042O00034C0,8,-22.850013,-43.265535
3068O00019C0,8,-22.902242,-43.302743
3099O00021C0,8,-22.810826,-43.208831
2018O00027C0,8,-22.92343,-43.17701
5149O00016C9,8,-22.928555,-43.676465
2029O00028C0,8,-22.97737,-43.22657
4130O00036C0,8,-22.985452,-43.460318
2038O00080C0,8,-22.922509,-43.264011
5143O00004C9,8,-22.88114,-43.511933
5143O00005C9,8,-22.88212,-43.51413
4129O00003C0,8,-22.97609,-43.41384
4129O00004C0,8,-22.985202,-43.427512
3099O00022C9,8,-22.81278,-43.20784
2026O00006S0,8,-22.98528,-43.22603
5144O00017C9,8,-22.909347,-43.559475
5144O00062C9,8,-22.862763,-43.542073
5149O00077C9,8,-22.912604,-43.686631
1005O00027S0,8,-22.90562,-43.19151
5149O00078C9,8,-22.908635,-43.685969
2035O00060C0,8,-22.91149,-43.21752
4115O00233C0,8,-22.974645,-43.414577
2035O00066C0,8,-22.91351,-43.22771
4130O00025C0,8,-22.983889,-43.471346
3099O00024C0,8,-22.81836,-43.2025
2026O00088C0,8,-22.98097,-43.22375
5149O00010C9,8,-22.917924,-43.684977
3077O00039C1,8,-22.833693,-43.329363
5141O00092C0,8,-22.87539,-43.47087
3077O00040C1,8,-22.835983,-43.331109
5144O00042C0,8,-22.902056,-43.559857
4123O00039C0,8,-22.917656,-43.361086
3063O00020C0,8,-22.90292,-43.278302
3063O00040C0,8,-22.90187,-43.28154
3063O00050C1,8,-22.900654,-43.27931
3077O00041C1,8,-22.838306,-43.332976
5151O00109C9,8,-23.000001,-43.581526
2038O00081C0,8,-22.92147,-43.26161
3066O00037C0,8,-22.896371,-43.289273
1008O00038C0,8,-22.90861,-43.19795
3077O00042C1,8,-22.840863,-43.334581
5144O00058C9,8,-22.869493,-43.554256
5144O00059C9,8,-22.865943,-43.551108
5144O00060C9,8,-22.864616,-43.548765
5144O00061C9,8,-22.86311,-43.544439
5149O00015C9,8,-22.927648,-43.677665
4120O00086C0,8,-22.93542,-43.33058
2036O00059C0,8,-22.91923,-43.25981
4120O00087C0,8,-22.936412,-43.3338
3099O00032C0,8,-22.816719,-43.204575
1005O00228C0,8,-22.90881,-43.17938
2035O00080C0,8,-22.913877,-43.23094
5163O00001C9,8,-22.883206,-43.491003
2035O00018S0,8,-22.91266,-43.23625
5163O00002C9,8,-22.88239,-43.49566
5149O00079C9,8,-22.906209,-43.684189
5141O00263C0,8,-22.867359,-43.464945
3063O00060C0,8,-22.899514,-43.274123
5149O00080C9,8,-22.903821,-43.682457
3063O00076C9,8,-22.894407,-43.279648
3064O00005C0,8,-22.89106,-43.28305
3107O00076C0,8,-22.820212,-43.397986
2020O00015S0,8,-22.956687,-43.17734
3107O00077C0,8,-22.820932,-43.399755
2026O00010S0,8,-22.98614,-43.22824
5149O00045C9,8,-22.92648,-43.690912
t0w9,8,-22.955297,-43.353935
2025O00012S0,8,-22.98612,-43.19546
2024O00138C0,8,-22.98206,-43.18997
3043O00015C0,8,-22.83622,-43.27909
3044O00006C0,8,-22.8307,-43.27818
5149O00081C9,8,-22.896743,-43.677296
3107O00017C0,8,-22.81874,-43.39379
3107O00018C0,8,-22.81988,-43.39574
3107O00021C0,8,-22.821841,-43.402024
3110O00014C2,8,-22.838462,-43.350747
5149O00082C9,8,-22.893723,-43.674424
4130O00007C0,8,-22.986079,-43.457484
5151O00124C0,8,-22.9941,-43.6028
5149O00083C0,8,-22.891871,-43.668655
3066O00024C0,8,-22.89859,-43.29481
5149O00084C9,8,-22.88908,-43.6596
5149O00157C9,8,-22.93591,-43.65494
5149O00220C9,8,-22.93221,-43.65516
5149O00224C9,8,-22.899281,-43.679163
4130O00008C0,8,-22.98801,-43.45528
3043O00040C9,8,-22.838912,-43.283281
4130O00009C0,8,-22.98901,-43.45412
5153O00027C0,8,-22.99924,-43.63211
5153O00032C0,8,-22.99734,-43.62885
3107O00022C0,8,-22.82241,-43.40358
3107O00023C0,8,-22.823559,-43.403876
5149O00165C0,8,-22.93178,-43.65764
5149O00167C0,8,-22.93332,-43.66208
5149O00168C9,8,-22.93461,-43.66553
3043O00117C2,8,-22.842057,-43.273957
5153O00035C0,8,-22.99978,-43.6341
2gyu,8,-22.909873,-43.181997
3064O00020C0,8,-22.88911,-43.283852
2037I00052C0,8,-22.926232,-43.245915
4130O00010C0,8,-22.991363,-43.451338
3073O00017C9,8,-22.85415,-43.32247
3063O00017C0,8,-22.89802,-43.27806
3073O00032C0,8,-22.85324,-43.32092
3073O00036C1,8,-22.852229,-43.312537
5141O00266C9,8,-22.87057,-43.464886
3063O00018C0,8,-22.89678,-43.27966
gz5j,8,-22.969972,-43.33569
4115O00048C0,8,-22.96375,-43.35736
2024O00126C0,8,-22.983903,-43.189781
2024O00128C0,8,-22.96563,-43.17505
4124O00023C0,8,-22.911769,-43.360481
1010O00110C0,8,-22.900934,-43.22387
5144O00227C9,8,-22.903146,-43.56652
3063O00019C0,8,-22.89328,-43.27895
9uud,8,-22.827702,-43.400021
2024O00050C0,8,-22.963549,-43.17452
f9ue,8,-22.8119,-43.360642
3099O00025C9,8,-22.818564,-43.198028
4130O00029C0,8,-22.986839,-43.488927
3099O00035C0,8,-22.815231,-43.206416
2019O00024C0,8,-22.94064,-43.19784
5144O00311C9,8,-22.914356,-43.554154
5144O00312C9,8,-22.912045,-43.556818
3077O00001C1,8,-22.83756,-43.33221
4130O00021C0,8,-22.98823,-43.45475
4130O00022C0,8,-22.985374,-43.460153
5144O00220C9,8,-22.86935,-43.5545
5148O00062C9,8,-22.881196,-43.632498
2033O00234C0,8,-22.92018,-43.22617
3157O00018C0,8,-22.874862,-43.242746
5139O00207C9,8,-22.88575,-43.43675
5139O00179C9,8,-22.884321,-43.437942
5144O00423C9,8,-22.862029,-43.556502
3099O00027C0,8,-22.8185,-43.19617
3099O00028C0,8,-22.81873,-43.1946
4130O00037C0,8,-22.986362,-43.45742
4130O00038C0,8,-22.99125,-43.451747
3098O00002C0,8,-22.79449,-43.17392
3098O00004C0,8,-22.78999,-43.16578
3098O00005C0,8,-22.79106,-43.16824
3098O00006C0,8,-22.79243,-43.16978
3099O00029C0,8,-22.81906,-43.19321
2024O00096S0,8,-22.9783,-43.19061
2026O00086C0,8,-22.98294,-43.22342
5153O00019C9,8,-23.000749,-43.634874
4118O00016C0,8,-22.945267,-43.363691
3082O00006C0,8,-22.8818,-43.32456
3082O00026C0,8,-22.881701,-43.330141
3040O00037C2,8,-22.86786,-43.26553
3040O00003C2,8,-22.86772,-43.25684
5139O00051C9,8,-22.868858,-43.43938
2024O00078C0,8,-22.986266,-43.192671
3114O00067C0,8,-22.809757,-43.370392
5139O00056C9,8,-22.877932,-43.422899
5139O00057C9,8,-22.875147,-43.419456
3098O00020C0,8,-22.793768,-43.171341
5151O00315C0,8,-22.993825,-43.609892
5151O00316C0,8,-22.993392,-43.60794
3058O00017C0,8,-22.89922,-43.24487
3058O00018C0,8,-22.89771,-43.24765
5144O00549C9,8,-22.914174,-43.55167
3083O00018C0,8,-22.87673,-43.33773
5148O00135C9,8,-22.887474,-43.65458
3097O00001C0,8,-22.79437,-43.17693
3097O00002C0,8,-22.79544,-43.17941
3047O00025C0,8,-22.81996,-43.30562
5151O00004C9,8,-22.99098,-43.65141
3083O00031C0,8,-22.86929,-43.339181
3083O00032C0,8,-22.871299,-43.337484
2033O00178C0,8,-22.924441,-43.232888
3083O00030C0,8,-22.868168,-43.340138
2033O00183C0,8,-22.925011,-43.226231
2033O00188C0,8,-22.919841,-43.215123
2033O00196C0,8,-22.921084,-43.228001
3047O00027C0,8,-22.8216,-43.3071
4122O00230C0,8,-22.927163,-43.367334
2024O00129C0,8,-22.966789,-43.177345
2024O00131C0,8,-22.968873,-43.180922
2024O00134C0,8,-22.97277,-43.18573
2024O00135C0,8,-22.97629,-43.1882
2024O00136C0,8,-22.97779,-43.18889
2024O00137C0,8,-22.9795,-43.1895
4131O00079C0,8,-22.977637,-43.499743
76dk,8,-22.838555,-43.362345
3112O00004C0,8,-22.844197,-43.361827
3084O00002C2,8,-22.855353,-43.329132
3084O00015C9,8,-22.85643,-43.32869
3084O00023C0,8,-22.855947,-43.325781
3084O00024C0,8,-22.855542,-43.324434
3085O00003C0,8,-22.866452,-43.341598
3085O00007C0,8,-22.86767,-43.34434
3041O00027C0,8,-22.851919,-43.263904
5148O00002C9,8,-22.87756,-43.617088
5148O00003C9,8,-22.879034,-43.62305
3047O00005C9,8,-22.81766,-43.30371
3047O00010C0,8,-22.81608,-43.30169
3047O00024C0,8,-22.81892,-43.30424
3097OY0009C9,8,-22.78768,-43.18416
3085O00027C0,8,-22.866306,-43.346507
e3ju,8,-22.981331,-43.490447
2031O00012C0,8,-22.99738,-43.25754
3092O00011C0,8,-22.821986,-43.177329
3053O00016C0,8,-22.875656,-43.265863
3093O00013C0,8,-22.81662,-43.18622
4131O00066C0,8,-22.983409,-43.48936
3091O00009C0,8,-22.824852,-43.173084
3092O00008C0,8,-22.82354,-43.175787
3054O00056C0,8,-22.875361,-43.280291
5138O00005C9,8,-22.873166,-43.416973
5138O00006C9,8,-22.87189,-43.41539
5145O00038C9,8,-22.89365,-43.53371
3047O00030C0,8,-22.82352,-43.30911
3047O00031C0,8,-22.824357,-43.310943
4117O00011C0,8,-22.958178,-43.351168
4122O00231C0,8,-22.94294,-43.365928
4122O00236C0,8,-22.927624,-43.361493
4122O00237C0,8,-22.928396,-43.362933
5153O00012C0,8,-23.00117,-43.63445
5137O00015C9,8,-22.886312,-43.379044
3087O00008C0,8,-22.847913,-43.358803
2016O00030C0,8,-22.921125,-43.176433
5137O00005C9,8,-22.887785,-43.384983
3112O00005C0,8,-22.84013,-43.36225
3112O00008C0,8,-22.83718,-43.36273
3112O00011C0,8,-22.841549,-43.361959
4128BC0003U1,8,-22.98397,-43.36567
2024O00029S0,8,-22.96988,-43.18782
2024O00031S0,8,-22.97702,-43.19276
3114O00041C0,8,-22.81014,-43.36163
3054O00019C0,8,-22.874057,-43.278138
3054O00029C9,8,-22.87456,-43.28148
3054O00030C0,8,-22.87442,-43.28275
3054O00005C0,8,-22.87314,-43.28202
5150O00112C9,8,-22.98201,-43.6968
5153O00014C0,8,-22.999575,-43.632121
5153O00015C0,8,-22.99906,-43.63138
2024O00042S0,8,-22.96875,-43.18608
2024O00049S0,8,-22.97249,-43.19054
5134O00024C9,8,-22.856516,-43.38627
3050O00011C1,8,-22.87023,-43.25854
5148O00004C9,8,-22.879757,-43.62749
3051O00004C0,8,-22.893696,-43.258424
3051O00005C0,8,-22.89391,-43.26063
5153O00016C0,8,-22.996821,-43.627307
5153O00017C0,8,-22.996657,-43.627921
5153O00018C0,8,-22.99743,-43.6295
4118O00003C0,8,-22.952055,-43.358218
4118O00015C0,8,-22.946831,-43.36088
3051O00010C0,8,-22.893897,-43.260423
5153O00005C0,8,-22.99359,-43.650597
4122O00227C9,8,-22.923975,-43.37368
4122O00229C0,8,-22.926094,-43.368952
2018O00025C0,8,-22.928074,-43.176898
2018O00026C0,8,-22.92665,-43.17654
cb38,8,-23.00148,-43.365475
cbu4,8,-22.825031,-43.402288
4r7b,8,-22.813429,-43.35975
50m1,8,-22.984524,-43.425073
3090O00026C0,8,-22.863446,-43.373216
3090O00005C0,8,-22.862587,-43.366694
3089O00040C0,8,-22.864065,-43.362153
5151O00260C9,8,-23.011272,-43.534008
3089O00044C0,8,-22.864473,-43.359064
qfjt,8,-22.899341,-43.211302
2023O00020C0,8,-22.96203,-43.16526
3043O00016C0,8,-22.83466,-43.28109
3042O00090C1,8,-22.849252,-43.266312
4115O00111C0,8,-22.9729,-43.33567
4125O00009C0,7,-22.88248,-43.35847
5141O00006C9,7,-22.85973,-43.50672
3063O00001C0,7,-22.899838,-43.279834
2z7m,7,-22.957326,-43.343719
3039O00001C2,7,-22.8834,-43.25341
n9ct,7,-22.834597,-43.394937
3061O00046C1,7,-22.916062,-43.274814
3062O00020C0,7,-22.911228,-43.275638
3076O00121C1,7,-22.835751,-43.318185
3076O00103C0,7,-22.848014,-43.324958
4130O00013C0,7,-22.9898,-43.442465
4130O00014C0,7,-22.988949,-43.440059
4130O00027C0,7,-22.987715,-43.481076
4130O00028C0,7,-22.98752,-43.48362
2035O00049C0,7,-22.909844,-43.221063
3077O00002C1,7,-22.84346,-43.33626
3077O00004C1,7,-22.846126,-43.339236
1012O00048C0,7,-22.8894,-43.23482
3077O00018C0,7,-22.84174,-43.33609
3062O00028C1,7,-22.91775,-43.283238
1007O00066C0,7,-22.922492,-43.209598
5144O00320C9,7,-22.944352,-43.561333
5144O00321C9,7,-22.940796,-43.559778
5144O00322C9,7,-22.935779,-43.557349
3061O00036C0,7,-22.911833,-43.274489
3061O00041C0,7,-22.901324,-43.269474
3077O00043C1,7,-22.844437,-43.337268
4120O00088C0,7,-22.93706,-43.33626
2025O00038C0,7,-22.984883,-43.198536
3045O00019C0,7,-22.83662,-43.31767
3102O00010C0,7,-22.79767,-43.20144
3102O00012C0,7,-22.79719,-43.19349
3100O00011C0,7,-22.800424,-43.199747
3101O00019C0,7,-22.799723,-43.196682
4130O00023C0,7,-22.98233,-43.464057
5151O00163C0,7,-22.962088,-43.648407
4125O00039C0,7,-22.88427,-43.35711
5149O00053C9,7,-22.948775,-43.681067
1005O00005P0,7,-22.904898,-43.192358
4130O00026C0,7,-22.98689,-43.47726
3101O00026C0,7,-22.79763,-43.19244
3101O00027C0,7,-22.79804,-43.19011
5151O00172C0,7,-22.954846,-43.649611
5149O00003C9,7,-22.899121,-43.679323
5149O00005C9,7,-22.903657,-43.682635
5149O00006C9,7,-22.906104,-43.684416
5149O00007C9,7,-22.908936,-43.686488
5149O00008C9,7,-22.911672,-43.687426
5150O00073C0,7,-22.9885,-43.68903
5144O00457C9,7,-22.907354,-43.560476
1007O00022C0,7,-22.92342,-43.20786
3061O00021C1,7,-22.916411,-43.276251
3061O00028C1,7,-22.914931,-43.265704
3061O00030C0,7,-22.915282,-43.268613
3061O00031C1,7,-22.91538,-43.27062
5151O00202C9,7,-22.955485,-43.575138
5151O00203C9,7,-22.954176,-43.572986
5151O00204C9,7,-22.951534,-43.569636
5151O00205C9,7,-22.95058,-43.56577
5151O00206C9,7,-22.95084,-43.563237
5139O00134C0,7,-22.891736,-43.439794
5139O00135C9,7,-22.892816,-43.440794
xvp6,7,-22.891878,-43.294775
5150O00018C9,7,-22.980485,-43.687539
0vnu,7,-22.956797,-43.345217
5150O00019C9,7,-22.981104,-43.686183
5151O00173C0,7,-22.958496,-43.650143
5151O00174C0,7,-22.961811,-43.648877
5151O00177C0,7,-22.96844,-43.62212
5140O00012C0,7,-22.86849,-43.446364
3043O00033C0,7,-22.83541,-43.28169
5150O00002C9,7,-22.95197,-43.68241
5150O00003C0,7,-22.9541,-43.68484
4131O00058C0,7,-23.011886,-43.51353
3042O00078C0,7,-22.85071,-43.27115
3108O00006C0,7,-22.82737,-43.40085
4130O00039C0,7,-22.991828,-43.445478
4130O00040C0,7,-22.989328,-43.43674
4130O00041C0,7,-22.985774,-43.43111
4131O00006C0,7,-23.009912,-43.511932
4131O00007C0,7,-23.004969,-43.510663
3090O00013C0,7,-22.85997,-43.36575
5144O00046C0,7,-22.89938,-43.55485
5144O00054C9,7,-22.88445,-43.556745
5144O00055C9,7,-22.881773,-43.555999
5144O00056C9,7,-22.878683,-43.554531
5144O00006C0,7,-22.939232,-43.57634
2024O00107C0,7,-22.964774,-43.189964
4117O00013P0,7,-22.95824,-43.35216
4116O00043C0,7,-22.957877,-43.342036
4116O00045C0,7,-22.955287,-43.338158
4123O00007C0,7,-22.913556,-43.360359
4123O00009C0,7,-22.91783,-43.36438
4116O00058C0,7,-22.950089,-43.338873
j1ff,7,-22.876437,-43.421069
5144O00063C9,7,-22.901175,-43.544463
3081O00003C0,7,-22.876735,-43.32039
3081O00004C0,7,-22.87699,-43.32421
5139O00047C0,7,-22.86938,-43.43067
3061O00010C1,7,-22.912823,-43.270057
3066O00060C0,7,-22.89093,-43.293169
3066O00062C0,7,-22.892012,-43.288286
5144O00030C9,7,-22.86524,-43.5742
4127O00068C0,7,-22.9844,-43.30009
3070O00002C0,7,-22.88536,-43.29805
2024O00091S0,7,-22.9629,-43.177096
2024O00092S0,7,-22.96443,-43.17945
3114O00066C0,7,-22.810664,-43.371137
2038O00063C0,7,-22.92043,-43.26126
3082O00063P0,7,-22.881496,-43.325472
3083O00005C0,7,-22.870397,-43.342412
5144O00003C0,7,-22.94472,-43.576672
5144O00004C0,7,-22.943025,-43.576013
2033O00243C0,7,-22.930695,-43.23786
3099O00031C9,7,-22.819028,-43.200592
id2u,7,-22.972026,-43.336921
3100O00010C0,7,-22.80259,-43.20293
3110O00017C9,7,-22.83409,-43.34671
3110O00026C9,7,-22.83222,-43.346203
3110O00027C9,7,-22.83373,-43.34678
3110O00028C9,7,-22.836658,-43.348027
5144O00031C9,7,-22.86603,-43.58429
5144O00032C0,7,-22.86941,-43.59844
5148O00032C9,7,-22.88424,-43.64381
5144O00033C0,7,-22.87449,-43.61051
ikpj,7,-22.969383,-43.336371
3058O00019C0,7,-22.89628,-43.24909
2038O00064C0,7,-22.92321,-43.25999
5144O00487P9,7,-22.90214,-43.55516
5151O00008C9,7,-22.946117,-43.598064
5151O00009C9,7,-22.951448,-43.60634
5151O00010C9,7,-22.952956,-43.608629
2033O00233C0,7,-22.92929,-43.243333
5151O00096C9,7,-22.94319,-43.592798
3114O00038C0,7,-22.81825,-43.35737
5151O00103C9,7,-22.935087,-43.579477
3046O00046C0,7,-22.8238,-43.3094
4131O00040C0,7,-23.00041,-43.508858
3098O00018C0,7,-22.789137,-43.16196
5144O00057C9,7,-22.874149,-43.553315
5151O00079C9,7,-22.985599,-43.650426
3097O00014C0,7,-22.79537,-43.17736
5151O00085C9,7,-22.961353,-43.61236
3047O00026C0,7,-22.82057,-43.30612
3040O00033C0,7,-22.865818,-43.255759
5151O00015C9,7,-22.96274,-43.61403
5151O00019C9,7,-22.96668,-43.62189
5151O00003C9,7,-22.936566,-43.584446
3066O00016C0,7,-22.891892,-43.290069
5151O00005C9,7,-22.938573,-43.588076
3066O00017C0,7,-22.89384,-43.29613
4115O00086C1,7,-22.91878,-43.28417
1161O00023C0,7,-22.91488,-43.18542
1161O00024C0,7,-22.914449,-43.183434
2033O00229C0,7,-22.919985,-43.233785
2033O00232C0,7,-22.93184,-43.24159
2033O00168C0,7,-22.936322,-43.244759
2033O00169C0,7,-22.935682,-43.244028
2033O00172C0,7,-22.933795,-43.242101
4115O00087C1,7,-22.92293,-43.28262
5151O00237C9,7,-22.99095,-43.65132
4115O00088C1,7,-22.924,-43.28387
4115O00089C0,7,-22.92514,-43.28779
1005O00246S0,7,-22.905862,-43.192264
1005O00248C0,7,-22.91073,-43.188238
5144O00192C9,7,-22.901171,-43.56699
3070O00010C0,7,-22.88634,-43.29745
3070O00013C0,7,-22.886956,-43.297009
4128O00050C0,7,-23.01421,-43.30551
4128O00052C0,7,-23.01167,-43.30495
3043O00045C0,7,-22.832604,-43.276254
3043O00046C0,7,-22.83146,-43.27554
3043O00047C0,7,-22.82999,-43.2755
4120O00023C0,7,-22.94192,-43.34466
3097OY0008C9,7,-22.78872,-43.1831
2020O00035S0,7,-22.947101,-43.182265
3106O00043C0,7,-22.847364,-43.37267
5151O00076C9,7,-22.98749,-43.65144
3065O00018C9,7,-22.89884,-43.27043
3084O00004C9,7,-22.856443,-43.327111
3084O00005C9,7,-22.85573,-43.32415
3065O00019C9,7,-22.8977,-43.27136
5151O00125C0,7,-22.953376,-43.577071
5151O00245C9,7,-22.96393,-43.616368
3066O00025C0,7,-22.89624,-43.29248
1007O00021C0,7,-22.923657,-43.206368
3043O00034C0,7,-22.83628,-43.28085
5144O00582C9,7,-22.949639,-43.561784
5144O00583C9,7,-22.946336,-43.561349
5144O00584C9,7,-22.938285,-43.558557
5151O00006C9,7,-22.941304,-43.590885
5151O00007C9,7,-22.945043,-43.595804
3058O00003C0,7,-22.90047,-43.25224
3056O00012C0,7,-22.86392,-43.30608
3043O00042C0,7,-22.83588,-43.27835
3043O00043C0,7,-22.83476,-43.27764
3043O00044C0,7,-22.83376,-43.277
3065O00027C0,7,-22.8931,-43.27577
3073O00001C0,7,-22.8533,-43.32033
3073O00018C0,7,-22.85806,-43.30835
5141O00187C0,7,-22.868487,-43.451513
3095O00007C0,7,-22.809538,-43.183189
3114O00031C0,7,-22.81598,-43.35826
3055O00007C0,7,-22.866139,-43.288386
3055O00008C0,7,-22.86542,-43.28967
3055O00009C0,7,-22.86536,-43.2921
3055O00010C0,7,-22.86506,-43.29439
3055O00011C0,7,-22.865323,-43.296044
3054O00038C0,7,-22.87313,-43.27673
5144O00193C9,7,-22.90288,-43.56672
3086O00003C1,7,-22.85137,-43.34741
1161O00025C0,7,-22.91374,-43.18104
1161O00026C0,7,-22.913659,-43.179271
3044L00069C0,7,-22.831494,-43.278844
1005O00068S0,7,-22.907564,-43.172783
3096O00006C0,7,-22.807558,-43.181721
3042O00035C0,7,-22.847823,-43.26707
3042O00036C0,7,-22.84659,-43.26754
3093O00006C0,7,-22.810854,-43.187214
3093O00007C0,7,-22.811081,-43.184631
3042O00048C0,7,-22.856617,-43.266964
3093O00011C0,7,-22.81894,-43.18828
3093O00012C0,7,-22.81707,-43.18757
5149O00265C9,7,-22.896593,-43.677516
3093O00015C0,7,-22.811274,-43.189955
2019O00011P0,7,-22.93981,-43.19976
3107O00033C0,7,-22.83017,-43.39736
3107O00034C0,7,-22.83121,-43.39616
3054O00050C2,7,-22.870389,-43.27625
4129O00016C0,7,-22.98052,-43.42314
3054O00058C0,7,-22.868981,-43.284232
3056O00013C0,7,-22.861788,-43.306658
3114O00011C0,7,-22.81165,-43.36136
3114O00013C0,7,-22.81479,-43.35956
3114O00014C0,7,-22.81646,-43.35859
3114O00015C0,7,-22.81836,-43.35772
3114O00080C0,7,-22.806945,-43.364935
5136O00059C9,7,-22.878844,-43.380178
5136O00060C9,7,-22.884123,-43.385753
5136O00061C9,7,-22.882572,-43.383253
5136O00062C9,7,-22.885063,-43.390232
5137O00002C9,7,-22.885604,-43.399863
2033O00159C0,7,-22.94328,-43.253822
2033O00162C0,7,-22.942037,-43.252772
5144O00217C9,7,-22.863183,-43.545591
5144O00219C9,7,-22.865475,-43.550804
5144O00221C9,7,-22.87209,-43.553919
3048O00022C9,7,-22.81274,-43.30922
3048O00023C0,7,-22.809863,-43.308671
3048O00024C9,7,-22.80881,-43.3072
3047O00029C0,7,-22.82224,-43.3074
5144O00223C9,7,-22.878449,-43.554741
3075O00001C0,7,-22.82912,-43.31935
3048O00013C9,7,-22.80785,-43.30432
3048O00014C9,7,-22.80953,-43.30225
3090O00098C1,7,-22.86039,-43.37227
3090O00100C0,7,-22.851068,-43.37104
3075O00002C0,7,-22.83041,-43.31915
5149O00150C0,7,-22.935321,-43.665824
4122O00232C0,7,-22.940596,-43.367706
4129O00017C0,7,-22.977124,-43.416571
2029O00027C0,7,-22.97956,-43.22669
2019O00028C0,7,-22.9392,-43.19604
4120O00022C0,7,-22.94993,-43.34848
5136O00012C9,7,-22.87684,-43.37701
5136O00013C9,7,-22.884986,-43.389128
5136O00021C9,7,-22.88539,-43.397076
5136O00011C9,7,-22.876573,-43.37388
4116O00006C0,7,-22.954607,-43.337376
4116O00007C0,7,-22.95272,-43.338123
2016O00040C0,7,-22.916004,-43.176333
4115O00229C0,7,-22.975956,-43.335122
3086O00072C1,7,-22.8521,-43.3485
4116O00060C0,7,-22.957014,-43.341038
4116O00061C0,7,-22.95552,-43.339921
4116O00064C0,7,-22.956284,-43.347451
4117O00010C0,7,-22.955985,-43.348555
4132O00035C0,7,-23.014444,-43.468586
4115O00239C0,7,-22.97376,-43.33523
4122O00289C0,7,-22.9178,-43.376562
1005O00231S0,7,-22.90864,-43.18772
1005O00238S0,7,-22.909,-43.17926
2024O00016S0,7,-22.9688,-43.18396
2037O00034C0,7,-22.9249,-43.25094
5141O00115C0,7,-22.873115,-43.464844
3090O00082C1,7,-22.86189,-43.37198
3063O00029C0,7,-22.895368,-43.27752
3114O00010C0,7,-22.81043,-43.36206
3054O00016C0,7,-22.87131,-43.28275
3054O00017C0,7,-22.870128,-43.283955
3054O00018C0,7,-22.8675,-43.28577
5144O00216C9,7,-22.86238,-43.54234
3063O00051C0,7,-22.901422,-43.278529
3039O00002C2,7,-22.879986,-43.253767
3054O00031C0,7,-22.87379,-43.28359
3054O00032C0,7,-22.87325,-43.28251
3088O00008C0,7,-22.86894,-43.34297
3040O00050C2,7,-22.873386,-43.258042
3039O00003C2,7,-22.87843,-43.25517
p2o9,7,-22.993459,-43.597527
3076O00002C2,7,-22.850463,-43.325893
5150O00113C9,7,-22.98304,-43.69497
3054O00009C2,7,-22.868483,-43.274681
3054O00010C2,7,-22.86731,-43.2722
3093O00010C0,7,-22.82004,-43.19017
ftmp,7,-22.810263,-43.327116
5141O00100C9,7,-22.858161,-43.464426
2024O00035C2,7,-22.98044,-43.191017
2024O00039S0,7,-22.96599,-43.17815
5144O00224C9,7,-22.881326,-43.556061
2024O00044S0,7,-22.9753,-43.1922
4122O00288C0,7,-22.919904,-43.375016
3089O00019C0,7,-22.86454,-43.36368
3089O00028C0,7,-22.8779,-43.35683
2016O00052C9,7,-22.918109,-43.176622
5151O00246C9,7,-22.964495,-43.619137
5151O00252C9,7,-22.958493,-43.649911
cq5g,7,-23.010774,-43.370846
2017O00041C0,7,-22.938529,-43.192462
2017O00042C0,7,-22.937129,-43.190209
2017O00044C0,7,-22.9386,-43.19426
5141O00070C0,7,-22.86325,-43.50882
3051O00013C0,7,-22.89421,-43.25158
3049O00017C0,7,-22.81292,-43.31864
5141O00071C0,7,-22.86467,-43.50947
3075O00003C9,7,-22.83273,-43.31891
3090O00032C9,7,-22.86349,-43.3664
42ec,7,-22.824556,-43.310949
2017O00051C0,7,-22.93171,-43.18052
3063O00063C0,7,-22.89763,-43.279288
4120O00119C0,7,-22.946881,-43.347336
3051O00006C0,7,-22.8949,-43.26252
3089O00061C0,7,-22.866636,-43.361568
4120O00120C0,7,-22.944866,-43.346348
4129O00005C0,7,-22.979153,-43.419223
3110O00015C9,7,-22.837413,-43.348288
4118O00001C0,7,-22.946125,-43.362497
3110O00016C9,7,-22.836024,-43.347561
4118O00011C0,7,-22.952741,-43.3534
5150O00051C0,7,-22.98351,-43.69304
3089O00008C0,7,-22.86472,-43.36054
3089O00009C9,7,-22.86459,-43.36183
3089O00016C0,7,-22.865992,-43.363142
4123O00006C0,7,-22.915092,-43.360603
2026O00075C0,7,-22.98512,-43.22961
2025O00001S0,7,-22.985622,-43.193564
5141O00069C0,7,-22.86195,-43.50823
3062O00027C1,7,-22.917315,-43.282286
3049O00012C9,7,-22.80638,-43.3255
3049O00015C0,7,-22.810795,-43.321135
2017O00052C0,7,-22.93254,-43.18299
1006O00006C0,7,-22.91907,-43.19573
1006O00007C0,7,-22.92023,-43.19661
5144O00323C9,7,-22.932986,-43.555891
5144O00310C9,7,-22.919036,-43.551138
3076O00069C0,7,-22.84677,-43.32561
3076O00070C0,7,-22.84613,-43.32764
3076O00071C0,7,-22.84554,-43.32863
3076O00072C0,7,-22.843,-43.331315
5150O00053C9,7,-22.98131,-43.69127
5151O00281C9,7,-22.948386,-43.603851
2017O00062C0,7,-22.935584,-43.18953
5151O00255C9,7,-22.99337,-43.65048
5150O00054C0,7,-22.98068,-43.69078
4120O00021C0,7,-22.951679,-43.349694
3089O00060C0,7,-22.875845,-43.357167
2033O00088C0,7,-22.922718,-43.233199
3040O00048C2,7,-22.876321,-43.256784
4130O00016C0,7,-22.987808,-43.433356
3053O00002C9,7,-22.878997,-43.271644
3051O00002C0,7,-22.89492,-43.25385
3051O00003C0,7,-22.89465,-43.25557
5150O00034C9,7,-22.95518,-43.68684
2025O00033S0,7,-22.98545,-43.201607
x99y,7,-22.867613,-43.413506
4128O00053C0,7,-23.00916,-43.30439
4130O00001C0,7,-22.987688,-43.48532
2024O00004S0,7,-22.96725,-43.18096
3109O00012C0,7,-22.836,-43.39348
80z2,7,-22.807653,-43.32175
5141O00027C9,7,-22.87843,-43.4636
1012O00047C0,7,-22.89102,-43.23681
2026O00092C0,7,-22.9827,-43.22772
4115O00124C0,7,-22.974384,-43.33588
5150O00001C9,7,-22.95037,-43.68156
4122O00009C0,7,-22.94376,-43.365922
4122O00020C0,7,-22.93671,-43.37071
4122O00023C0,7,-22.92791,-43.37336
5150O00017C9,7,-22.97969,-43.68921
1003O00016C0,6,-22.897528,-43.205672
5150O00032C9,6,-22.95942,-43.69516
5150O00010C9,6,-22.96767,-43.70629
5150O00009C9,6,-22.96415,-43.70459
4122O00007C0,6,-22.940526,-43.368066
4122O00287C0,6,-22.920809,-43.374487
5142O00003C0,6,-22.88901,-43.48018
1007O00076C0,6,-22.925151,-43.201223
1008O00007S0,6,-22.907874,-43.19875
3065O00054C0,6,-22.888891,-43.274554
3065OY0011C9,6,-22.89053,-43.28161
5141O00308C0,6,-22.873081,-43.464998
5141O00312C9,6,-22.886171,-43.47654
5142O00037C0,6,-22.87124,-43.48795
3071O00018C9,6,-22.88107,-43.28825
5142O00036C0,6,-22.87109,-43.48507
5142O00002C9,6,-22.887826,-43.48049
2020O00118C0,6,-22.947189,-43.184288
2020O00119C0,6,-22.948919,-43.184317
3107O00062C0,6,-22.82856,-43.40628
4128O00173C0,6,-23.007149,-43.311305
3040O00041C0,6,-22.868063,-43.256081
3040O00044C0,6,-22.866433,-43.249743
3090O00030C9,6,-22.86156,-43.3704
3051O00008C0,6,-22.89581,-43.26275
4122O00285C0,6,-22.918287,-43.37636
4122O00228C0,6,-22.926,-43.368703
bjhm,6,-22.837118,-43.338903
4132O00146C0,6,-23.016547,-43.460511
5151O00277C0,6,-22.968805,-43.621667
5151O00254C9,6,-22.98216,-43.64811
5151O00256C9,6,-22.97126,-43.64783
3089O00047C0,6,-22.865554,-43.356026
5150O00105C9,6,-22.97124,-43.70853
5150O00106C9,6,-22.97233,-43.70731
5150O00107C9,6,-22.97432,-43.70559
5150O00108C9,6,-22.97617,-43.70329
3088O00048C0,6,-22.871876,-43.345304
5150O00111C9,6,-22.98221,-43.69932
3088O00042C0,6,-22.869444,-43.349309
3088O00043C0,6,-22.870745,-43.34722
3088O00052C0,6,-22.876089,-43.356949
3088O00053C0,6,-22.877593,-43.356709
2033O00118C0,6,-22.93912,-43.24779
5134O00025C0,6,-22.85673,-43.38732
3050O00014C0,6,-22.8717,-43.25853
3041O00048C1,6,-22.857452,-43.25897
3090O00031C0,6,-22.86217,-43.36912
3090O00040C0,6,-22.8708,-43.37536
44wg,6,-23.007443,-43.304035
3051O00007C0,6,-22.896454,-43.263155
4118O00012C0,6,-22.95302,-43.35497
4118O00014C0,6,-22.952581,-43.353193
3088O00040C0,6,-22.868363,-43.351194
3087O00011C0,6,-22.851414,-43.354955
2016O00039C0,6,-22.916036,-43.176479
5135O00043C0,6,-22.85095,-43.39467
5136O00004C9,6,-22.885056,-43.388653
4132O00039C0,6,-23.01443,-43.46136
4132O00041C0,6,-23.018979,-43.459581
4132O00042C0,6,-23.02123,-43.458701
4132O00044C0,6,-23.024134,-43.457595
4132O00045C0,6,-23.025299,-43.458953
612h,6,-22.980976,-43.327132
3090O00081C2,6,-22.863542,-43.3722
5145O00047C0,6,-22.90343,-43.53659
3053O00028C2,6,-22.879669,-43.270374
dagk,6,-22.972863,-43.284423
3088O00034C0,6,-22.86679,-43.35393
5145O00024C9,6,-22.90533,-43.53568
5145O00027C9,6,-22.90309,-43.53856
3057O00010C0,6,-22.90483,-43.24383
4132O00020C0,6,-23.02382,-43.48204
3041O00053C1,6,-22.85648,-43.259313
3041O00054C0,6,-22.8598,-43.25817
5151O00298C0,6,-23.010125,-43.540987
4131O00090C0,6,-22.980533,-43.490864
4132O00070C0,6,-23.026915,-43.463577
p6of,6,-23.012531,-43.540902
5136O00005C9,6,-22.88427,-43.385668
5136O00006C9,6,-22.88335,-43.384229
5136O00007C9,6,-22.879088,-43.380207
5137O00009C0,6,-22.885923,-43.38979
5136O00015C9,6,-22.876858,-43.376584
3088O00036C0,6,-22.867373,-43.352905
3055O00016C0,6,-22.8682,-43.29491
5145O00023C9,6,-22.90687,-43.53494
3086O00027C0,6,-22.857844,-43.348889
4132BO0005X2,6,-23.01969,-43.48772
4132O00050C0,6,-23.00805,-43.44359
4132BO0010X2,6,-23.01245,-43.45931
3054O00042C0,6,-22.87228,-43.287582
3054O00043C0,6,-22.87104,-43.28866
3054O00044C0,6,-22.86916,-43.29164
3114O00016C0,6,-22.81991,-43.35369
3114O00017C0,6,-22.82097,-43.35184
3114O00019C0,6,-22.81418,-43.37907
3114O00020C0,6,-22.81377,-43.37726
5136O00058C9,6,-22.876658,-43.373638
5137O00004C9,6,-22.886922,-43.391777
3086O00009C0,6,-22.856033,-43.350425
3083O00070P0,6,-22.878537,-43.3362
5144O00585C9,6,-22.92711,-43.553586
3055O00017C0,6,-22.86748,-43.29752
3055O00018C0,6,-22.86638,-43.30161
5145O00008C9,6,-22.89709,-43.53955
3085O00008C0,6,-22.867409,-43.344594
3085O00009C0,6,-22.86681,-43.345744
3085O00010C0,6,-22.86572,-43.346676
4131O00075C0,6,-22.992514,-43.506149
4131O00076C0,6,-22.991457,-43.50442
3041O00034C0,6,-22.85419,-43.26404
5150O00087C9,6,-22.9633,-43.70166
5150O00088C9,6,-22.96222,-43.70055
5150O00089C9,6,-22.95888,-43.69288
4131O00077C0,6,-22.982328,-43.506081
4131O00078C0,6,-22.980385,-43.50594
2033O00166C0,6,-22.939859,-43.248842
2033O00167C0,6,-22.938165,-43.246699
2033O00174C0,6,-22.93111,-43.23833
3040O00031C0,6,-22.861078,-43.255964
3040O00032C0,6,-22.862861,-43.256765
7dkm,6,-22.849482,-43.357158
4131O00073C0,6,-22.996653,-43.508036
4131O00074C0,6,-22.995431,-43.50781
3085O00011C0,6,-22.864098,-43.346917
3085O00014C0,6,-22.860728,-43.346426
3085O00015C0,6,-22.862097,-43.345036
3085O00016C0,6,-22.864066,-43.343624
5151O00238C9,6,-22.98251,-43.6463
5151O00244C9,6,-22.947266,-43.601608
3083O00044C0,6,-22.87965,-43.33976
3083O00063C0,6,-22.86989,-43.341363
5139O00046C0,6,-22.87283,-43.429909
1005O00172C0,6,-22.90731,-43.183
3114O00056C0,6,-22.81281,-43.37402
5150O00086C9,6,-22.97022,-43.70866
5148O00098C0,6,-22.91691,-43.63264
4131O00030C0,6,-22.976331,-43.494694
3099O00012C9,6,-22.81514,-43.18903
3097OY0016C9,6,-22.787719,-43.184437
3097OY0019C9,6,-22.790785,-43.181262
3097OZ0017C9,6,-22.78947,-43.18264
5151O00021C9,6,-23.01157,-43.54045
5151BO0001U2,6,-22.96529,-43.646867
obld,6,-22.968761,-43.279068
3083O00043C0,6,-22.87966,-43.33594
3083O00080C0,6,-22.873146,-43.343177
2033O00164C0,6,-22.940855,-43.250411
3114O00064C0,6,-22.81628,-43.38374
3114O00065C0,6,-22.815065,-43.381489
3114O00069C0,6,-22.808265,-43.367657
4127O00063C0,6,-22.980427,-43.293211
4127O00064C0,6,-22.981622,-43.295081
4127O00066C0,6,-22.98151,-43.300592
2034O00009C0,6,-22.97098,-43.28289
3082O00064P0,6,-22.881524,-43.325248
3110O00040C0,6,-22.83828,-43.35046
3110O00018C9,6,-22.832129,-43.345972
3110O00034C0,6,-22.82522,-43.34959
4120O00049C0,6,-22.94864,-43.34823
rsez,6,-22.993955,-43.595893
5150O00085C9,6,-22.96635,-43.70556
5144O00540C9,6,-22.904414,-43.540369
3058O00020C0,6,-22.89752,-43.25253
2034O00042C0,6,-22.97383,-43.28551
e8d0,6,-22.913222,-43.208663
3061O00014C0,6,-22.898466,-43.263532
3099O00030C9,6,-22.81636,-43.18811
3061O00033C0,6,-22.90014,-43.26478
2034O00044C0,6,-22.97639,-43.28891
3082O00011C0,6,-22.879376,-43.321707
3082O00012C0,6,-22.87778,-43.31984
2033O00246C0,6,-22.922176,-43.232577
3061O00008C0,6,-22.90865,-43.27113
3061O00009C0,6,-22.910253,-43.27102
3059O00003C0,6,-22.894892,-43.254813
3059O00004C0,6,-22.895635,-43.252768
4127O00069C0,6,-22.98436,-43.29987
2024O00095C0,6,-22.966743,-43.186819
3114O00063C0,6,-22.816595,-43.385342
2034O00052C0,6,-22.965726,-43.277491
2034O00064C9,6,-22.961496,-43.273309
2034O00066C9,6,-22.964331,-43.276925
1014O00032C0,6,-22.93519,-43.20109
5140O00037C9,6,-22.887258,-43.445038
5140O00038C9,6,-22.885582,-43.44346
5140O00039C9,6,-22.884564,-43.4425
5140O00040C9,6,-22.88372,-43.44169
5140O00041C9,6,-22.882242,-43.440311
mivb,6,-22.898721,-43.210596
1007O00031C0,6,-22.92497,-43.20299
3061O00015C0,6,-22.900561,-43.266293
3061O00016C0,6,-22.90103,-43.2679
5139O00257C0,6,-22.871363,-43.430237
1014O00114C0,6,-22.942272,-43.208054
5139O00155C9,6,-22.86803,-43.42564
2024O00069C0,6,-22.97589,-43.18755
2024O00070C0,6,-22.971253,-43.183586
2024O00071C0,6,-22.96915,-43.18073
2024O00072C0,6,-22.967821,-43.178528
2024O00073C0,6,-22.965785,-43.174538
4125O00033C0,6,-22.87958,-43.35841
5148O00124C9,6,-22.91856,-43.649859
3045O00043C9,6,-22.83559,-43.3181
3045O00062C9,6,-22.83354,-43.31871
4131O00013C0,6,-22.987633,-43.503552
4131O00014C0,6,-22.983665,-43.506013
4131O00016C0,6,-22.977487,-43.499781
4131O00018C0,6,-22.976585,-43.494785
2031O00003C0,6,-22.99756,-43.2605
3157O00001C0,6,-22.864336,-43.239564
2034O00051C0,6,-22.97008,-43.28096
4115O00001C0,6,-22.972883,-43.41391
3040O00010C0,6,-22.862104,-43.257394
3040O00011C0,6,-22.86571,-43.25619
3061O00038C0,6,-22.913782,-43.271729
2034O00058C0,6,-22.96301,-43.27526
4120O00089C0,6,-22.93716,-43.33606
4120O00013C0,6,-22.94189,-43.34128
3103O00004C0,6,-22.802226,-43.202912
5151O00158C0,6,-22.97538,-43.64792
5151O00159C0,6,-22.97244,-43.64787
5151O00160C0,6,-22.97035,-43.64781
5151O00164C0,6,-22.954588,-43.649363
3078O00013C9,6,-22.88054,-43.35645
2034O00047C0,6,-22.97841,-43.29173
2034O00048C0,6,-22.979493,-43.292734
2024O00068C0,6,-22.97858,-43.1888
2yoj,6,-22.972327,-43.217431
3062O00018C0,6,-22.90845,-43.2767
3062O00019C0,6,-22.90953,-43.27601
5144O00408C0,6,-22.89985,-43.55893
3076O00127C0,6,-22.849297,-43.321836
3076O00128C0,6,-22.84779,-43.324348
3044O00020C9,6,-22.840246,-43.296844
5151O00153C9,6,-23.004864,-43.558666
3078O00012C0,6,-22.88189,-43.35638
3077O00017C0,6,-22.831939,-43.342416
1014O00046C0,6,-22.937672,-43.2048
1014O00054C0,6,-22.938539,-43.207118
1014O00055C0,6,-22.937636,-43.20454
1014O00058C0,6,-22.934905,-43.199917
3077O00020C2,6,-22.841225,-43.334501
3077O00022C2,6,-22.83663,-43.33136
1006O00004C0,6,-22.91707,-43.19543
5144O00324C9,6,-22.930145,-43.554841
1006O00008C0,6,-22.92414,-43.19849
3044O00027C9,6,-22.84068,-43.30231
3044O00028C9,6,-22.84017,-43.29983
3044O00029C9,6,-22.8396,-43.29707
4120O00015C0,6,-22.93858,-43.33698
2029O00029C0,6,-22.979409,-43.229308
3045O00020C0,6,-22.8384,-43.31233
5141O00018C9,6,-22.88603,-43.471874
5141O00019C9,6,-22.886067,-43.473072
5141O00020C9,6,-22.886245,-43.478922
2024O00125C0,6,-22.98536,-43.18891
2027O00021C0,6,-22.96557,-43.216047
3063O00022C0,6,-22.89662,-43.2755
3063O00023C0,6,-22.89814,-43.27722
3075O00004C9,6,-22.83133,-43.31893
3075O00008C0,6,-22.828756,-43.319292
3063O00064C0,6,-22.895801,-43.2745
4120O00121C0,6,-22.951689,-43.350151
3109O00029C0,6,-22.83674,-43.38808
5151O00300C0,6,-23.008917,-43.540776
3110O00035C0,6,-22.82593,-43.34897
5144O00307C9,6,-22.925147,-43.551985
5144O00308C9,6,-22.923571,-43.5514
5144O00309C9,6,-22.921488,-43.550822
5153O00030C9,6,-23.00025,-43.64693
5153O00031C9,6,-22.99617,-43.65
3076O00049C9,6,-22.83022,-43.32904
1014O00031C0,6,-22.936767,-43.203838
1007O00064C0,6,-22.9248,-43.21172
1005O00374C2,6,-22.908598,-43.168241
3074O00014C9,6,-22.84013,-43.30894
3074O00015C9,6,-22.840501,-43.307123
3074O00016C9,6,-22.840883,-43.303406
2026O00026C0,6,-22.97791,-43.22278
4122O00292C0,6,-22.927471,-43.361476
4122O00293C0,6,-22.928028,-43.362501
1005O00236C0,6,-22.90917,-43.18048
2037O00026C0,6,-22.92768,-43.24433
fbm0,6,-22.979533,-43.504046
1005O00226C0,6,-22.91219,-43.19057
1012O00030C0,6,-22.89531,-43.24103
1012O00042C0,6,-22.891877,-43.239846
3076O00037C0,6,-22.83746,-43.31638
3076O00039C0,6,-22.83791,-43.31385
5141O00084C9,6,-22.864136,-43.465028
5141O00085C0,6,-22.86054,-43.46529
2027O00024C0,6,-22.962819,-43.205095
1005O00225C0,6,-22.90958,-43.19173
5144O00171C0,6,-22.895229,-43.559393
3065O00025C0,6,-22.88674,-43.2779
5149O00286C9,6,-22.92868,-43.69021
3106O00029C0,6,-22.84075,-43.37755
3106O00030C2,6,-22.838803,-43.378951
3106O00053C9,6,-22.84291,-43.37597
3044O00018C0,6,-22.844033,-43.300797
3044O00019C0,6,-22.84164,-43.2988
3064O00022C0,6,-22.89299,-43.28503
3064O00007C0,6,-22.89401,-43.28296
5144O00222C9,6,-22.874239,-43.553812
3074O00003C2,6,-22.8385,-43.31062
3074O00004C2,6,-22.83735,-43.30945
3074O00013C9,6,-22.839926,-43.310361
3065O00012C9,6,-22.88812,-43.28264
3072O00003C0,6,-22.8463,-43.30293
3072O00012C0,6,-22.85078,-43.309331
3070O00008C0,6,-22.88975,-43.29817
3070O00009C0,6,-22.88871,-43.29602
3043O00035C0,6,-22.842555,-43.271603
1006O00018C0,6,-22.922234,-43.197393
3065O00026C0,6,-22.891631,-43.274574
3065O00033C0,6,-22.88821,-43.27681
3064O00021C0,6,-22.896369,-43.283203
3072O00022C2,6,-22.847581,-43.305205
3072O00002C0,6,-22.849098,-43.307044
5141O00282P0,6,-22.8749,-43.46257
5141O00127C0,6,-22.870429,-43.465049
2027O00022C0,6,-22.96295,-43.21152
2027O00023C0,6,-22.963008,-43.207182
2020O00027S0,6,-22.95643,-43.177388
3107O00052C0,6,-22.81832,-43.39082
5149O00273C9,6,-22.92173,-43.68184
2024O00139C0,6,-22.98351,-43.189451
2024O00140C0,6,-22.973667,-43.186047
4122O00044C0,6,-22.928393,-43.365101
4122O00045C0,6,-22.92703,-43.36725
4128O00110C0,6,-23.00705,-43.31649
3106O00031C0,6,-22.83796,-43.37957
3106O00032C0,6,-22.83627,-43.3826
3106O00033C0,6,-22.83649,-43.38619
3107O00053C0,6,-22.8173,-43.38943
5144O00152C9,6,-22.903446,-43.567138
1005O00046C2,6,-22.90243,-43.181646
knp4,6,-22.898338,-43.209827
la83,6,-22.946199,-43.576608
5150O00031C9,6,-22.96013,-43.69741
5152O00302C0,6,-23.061935,-43.565297
5150O00036C9,6,-22.97796,-43.6773
3042O00094C2,6,-22.84412,-43.268928
88pe,6,-22.999612,-43.581406
2020O00099C0,6,-22.954135,-43.180378
1010O00050C0,6,-22.89578,-43.21521
1009O00007C0,6,-22.91597,-43.19651
2024O00109C0,6,-22.965055,-43.172955
2038O00083C0,6,-22.92143,-43.25919
5142O00070C0,6,-22.87891,-43.49121
3070O00007C0,6,-22.89069,-43.30009
1010O00049C0,6,-22.89692,-43.21672
2027O00020C0,6,-22.968899,-43.217294
4115O00171C0,6,-22.92515,-43.31512
4122O00286C0,6,-22.919981,-43.375107
5150O00109C9,6,-22.97878,-43.70264
5150O00110C9,6,-22.98099,-43.70139
3041O00007C0,6,-22.855418,-43.260078
2032O00001C0,6,-22.911486,-43.212072
5150O00035C9,6,-22.97777,-43.67533
5150O00021C9,6,-22.981153,-43.685752
5150O00022C9,6,-22.9804,-43.687342
1003O00015C0,6,-22.898842,-43.207794
3108O00060C0,6,-22.828908,-43.419188
3109O00006C0,6,-22.83644,-43.39031
3109O00031C0,6,-22.843063,-43.398233
3042O00088C1,6,-22.847752,-43.267225
5150O00023C9,6,-22.97963,-43.68906
5150O00028C9,6,-22.96601,-43.70548
5150O00029C9,6,-22.96491,-43.70526
5150O00030C9,6,-22.96392,-43.70352
1002O00010C0,5,-22.89331,-43.1926
3042O00080C0,5,-22.84899,-43.27283
3042O00082C0,5,-22.84826,-43.27365
4122O00004C0,5,-22.9406,-43.3723
4122O00006C0,5,-22.93722,-43.37038
4122O00017C0,5,-22.91849,-43.36504
zk98,5,-22.985281,-43.329657
zmv1,5,-22.966283,-43.187512
2023O00016C0,5,-22.96313,-43.16822
2023O00017C0,5,-22.96264,-43.16669
2023O00018C0,5,-22.96263,-43.1679
2023O00019C0,5,-22.96327,-43.16953
856b,5,-22.925186,-43.206649
2020O00155C0,5,-22.941349,-43.182324
8k09,5,-22.907379,-43.168683
5150O00037C0,5,-22.98046,-43.69074
4120O00125C0,5,-22.945997,-43.339745
5152O00316C0,5,-23.014346,-43.542588
5152O00315C0,5,-23.022717,-43.546939
5152O00314C0,5,-23.024368,-43.548897
5152O00313C0,5,-23.024955,-43.555243
5152O00311C0,5,-23.024165,-43.558119
5152O00309C0,5,-23.028029,-43.562679
5152O00308C0,5,-23.029458,-43.563035
5149O00281C9,5,-22.95121,-43.68175
5149O00280C9,5,-22.95238,-43.68256
3043O00041C0,5,-22.83796,-43.27968
3043O00067C0,5,-22.84563,-43.28245
5149O00282C9,5,-22.95035,-43.68141
1007O00012C0,5,-22.92494,-43.20832
5149O00143C9,5,-22.913896,-43.683748
2029O00012C0,5,-22.981514,-43.236429
2029O00011C0,5,-22.98239,-43.23809
2029O00010C0,5,-22.984333,-43.240774
2029O00035C0,5,-22.979379,-43.234476
2029O00034P0,5,-22.979071,-43.231112
2023O00015C0,5,-22.96381,-43.16995
3109O00034C0,5,-22.83924,-43.39876
3105O00015C0,5,-22.861575,-43.224501
3105O00014C0,5,-22.859837,-43.221675
3105O00013C0,5,-22.860132,-43.221473
3105O00010C0,5,-22.85817,-43.231466
3106O00014C9,5,-22.8456,-43.37417
3105O00032C0,5,-22.843147,-43.233445
3105O00028C0,5,-22.842743,-43.233513
3105O00027C0,5,-22.841551,-43.231612
3106O00049C1,5,-22.847868,-43.37251
4131O00038C0,5,-22.991369,-43.504637
4131O00037C0,5,-22.987296,-43.503827
4131O00035C0,5,-22.984652,-43.506119
4131O00034C0,5,-22.9822,-43.506235
3099O00007C0,5,-22.808416,-43.207472
3099O00006C0,5,-22.81083,-43.20869
3099O00036C0,5,-22.806818,-43.207417
4131O00010C0,5,-22.99214,-43.506012
3102O00007C0,5,-22.79438,-43.20133
3102O00006C0,5,-22.79403,-43.19978
3102O00005C0,5,-22.79428,-43.19708
3102O00002C0,5,-22.79813,-43.19562
3101O00028C0,5,-22.79847,-43.18776
a4xv,5,-22.968993,-43.278993
2029O00013C0,5,-22.97779,-43.23291
3103O00007C0,5,-22.795126,-43.203064
4131O00072C0,5,-23.002141,-43.510254
2027O00099C0,5,-22.973855,-43.205573
2027O00095C0,5,-22.980383,-43.210946
2027O00094C0,5,-22.98044,-43.20675
2027O00093C0,5,-22.97924,-43.20249
2027O00091C0,5,-22.974247,-43.201291
2027O00089C0,5,-22.971655,-43.207983
2027O00088C0,5,-22.96909,-43.20551
2027O00087C0,5,-22.965196,-43.203744
6y3m,5,-22.969704,-43.184233
4128BC0001U1,5,-22.99462,-43.36585
4131O00024C0,5,-23.020373,-43.500329
2031O00025C0,5,-22.998852,-43.27056
3097OY0015C9,5,-22.78659,-43.1856
3097OY0013C9,5,-22.79473,-43.18017
4131O00039C0,5,-22.995248,-43.507913
3090O00038C9,5,-22.86207,-43.37179
3090O00084C1,5,-22.86543,-43.37487
3090O00083C1,5,-22.864765,-43.373516
4128BC0004U1,5,-22.97319,-43.38326
4128BC0002U1,5,-22.98903,-43.36576
6oh1,5,-22.993135,-43.507138
3090O00101C0,5,-22.853172,-43.371084
3090O00099C0,5,-22.850527,-43.37123
4132BO0013X2,5,-23.00833,-43.44313
3092O00007C0,5,-22.823237,-43.176238
3091O00010P0,5,-22.825542,-43.169242
4131O00071C0,5,-23.000165,-43.508909
4131O00070C0,5,-22.996647,-43.508187
4131O00069C0,5,-22.980344,-43.506052
4131O00068C0,5,-22.978371,-43.502204
3097OY0012C9,5,-22.79277,-43.18023
dal5,5,-22.899788,-43.211015
cpte,5,-22.98036,-43.293184
cpdx,5,-22.871656,-43.366344
5151O00250C0,5,-22.96499,-43.64761
2016O00051C9,5,-22.918213,-43.176786
3089O00029C0,5,-22.859037,-43.351753
3090O00029C0,5,-22.86745,-43.37769
2033O00131C0,5,-22.926855,-43.233743
5151O00279C9,5,-22.969537,-43.627112
5151O00278C9,5,-23.01095,-43.533555
2033O00022S0,5,-22.91656,-43.22631
3090O00002C0,5,-22.855128,-43.370774
3089O00067C0,5,-22.857683,-43.352758
2032O00017C0,5,-22.913557,-43.215314
4769,5,-22.976663,-43.325604
bdmz,5,-22.954091,-43.178855
1ew6,5,-22.91715,-43.24164
1161O00027C0,5,-22.91429,-43.17745
1158O00014C0,5,-22.895604,-43.226822
1158O00013C0,5,-22.897172,-43.226248
3111O00005C0,5,-22.825911,-43.348179
dhos,5,-22.999869,-43.376974
5137O00037C0,5,-22.888046,-43.390742
3086O00018C0,5,-22.858821,-43.351791
2033O00155C0,5,-22.946068,-43.255223
5136O00001C9,5,-22.87116,-43.3754
3087O00019C2,5,-22.847511,-43.357518
5137O00007C0,5,-22.88782,-43.39218
2016O00032C0,5,-22.92108,-43.17692
3088O00033C0,5,-22.864734,-43.348859
3088O00032C0,5,-22.86115,-43.34895
3088O00031C0,5,-22.85969,-43.350803
3082O00056C0,5,-22.884224,-43.326623
3082O00055C0,5,-22.885204,-43.325438
2034O00014C0,5,-22.951447,-43.260818
2034O00013C0,5,-22.95072,-43.26202
2034O00012C0,5,-22.946834,-43.25923
5139O00053C9,5,-22.86869,-43.44227
5139O00052C9,5,-22.868756,-43.441227
4127O00067C0,5,-22.98186,-43.30034
4127O00065C0,5,-22.982289,-43.295352
5gjm,5,-22.979301,-43.504875
2034L00039C0,5,-22.946807,-43.257169
2033O00202C0,5,-22.924244,-43.234879
2033O00179C0,5,-22.92417,-43.232446
3086O00019C0,5,-22.857447,-43.352847
3085O00013C0,5,-22.8597,-43.35032
3085O00012C0,5,-22.86165,-43.34868
5139O00137C0,5,-22.89504,-43.44296
5139O00136C0,5,-22.894213,-43.442123
2034O00046C0,5,-22.9778,-43.29121
2034O00045C0,5,-22.97669,-43.28964
2034O00043C0,5,-22.97433,-43.28586
567v,5,-22.873997,-43.3594
2027O00041C0,5,-22.96287,-43.2083
5139O00050C9,5,-22.868934,-43.437978
5139O00049C9,5,-22.869027,-43.436153
2034O00041C0,5,-22.97285,-43.28423
2034O00037C0,5,-22.946156,-43.257789
2034O00033C0,5,-22.94749,-43.25919
2034O00032C0,5,-22.948963,-43.259915
2033O00244S2,5,-22.918427,-43.224324
3082O00032C9,5,-22.886118,-43.32471
3082O00057C0,5,-22.882977,-43.328124
5139O00208C9,5,-22.897703,-43.44177
3079O00050C0,5,-22.888514,-43.321729
2034O00019C0,5,-22.96013,-43.269767
2034O00018C0,5,-22.957652,-43.264686
2034O00017C0,5,-22.95731,-43.26779
2034O00016C0,5,-22.95451,-43.26371
2034O00015C0,5,-22.95311,-43.2615
5151O00217C0,5,-22.96154,-43.6104
4127O00001C0,5,-22.97466,-43.327525
4126O00005C0,5,-23.00158,-43.27619
4126O00003C0,5,-23.00405,-43.28044
4126O00001C0,5,-23.009446,-43.290467
2027O00043C0,5,-22.969067,-43.217597
2027O00042C0,5,-22.964044,-43.214469
3159O00001C0,5,-22.821165,-43.351175
5139O00139C9,5,-22.896681,-43.442799
5140O00084C0,5,-22.89294,-43.45364
3079O00024C9,5,-22.888819,-43.320603
2034O00067C0,5,-22.948786,-43.259947
2034O00053C0,5,-22.965638,-43.277233
4125O00051C0,5,-22.88968,-43.356922
5151O00331C0,5,-22.955962,-43.605263
5151O00329C9,5,-22.97887,-43.66917
5151O00328C9,5,-22.97958,-43.66786
5151O00327C9,5,-22.98571,-43.65552
5151O00326C9,5,-22.98688,-43.65404
3157O00014C0,5,-22.868735,-43.241915
5162O00020C2,5,-22.85622,-43.49302
5151O00216C0,5,-22.961702,-43.608341
5151O00214C0,5,-22.961404,-43.605739
5151O00212C0,5,-22.957753,-43.605147
1005O00109C0,5,-22.901154,-43.177501
4125O00038C0,5,-22.885962,-43.354929
4125O00037C0,5,-22.88748,-43.35552
4125O00032C0,5,-22.87783,-43.36966
4125O00031C0,5,-22.8816,-43.37096
4125O00030C0,5,-22.88437,-43.37362
4125O00027C0,5,-22.87822,-43.36308
1005O00194S9,5,-22.90467,-43.17793
4115BC0002U1,5,-22.97327,-43.37664
4115BC0001U1,5,-22.97334,-43.36562
4115B00246P0,5,-22.971997,-43.400489
2024O00065S0,5,-22.985165,-43.191863
2034O00050C0,5,-22.97026,-43.280893
2034O00049C0,5,-22.979443,-43.292217
3078O00016C0,5,-22.887022,-43.344632
3079O00045C0,5,-22.889482,-43.317407
3079O00044C0,5,-22.888694,-43.314037
5151O00155C9,5,-22.98285,-43.66184
3078O00004C0,5,-22.88537,-43.34311
3078O00003C0,5,-22.888288,-43.345616
3077O00024C2,5,-22.833614,-43.329072
3077O00023C2,5,-22.8356,-43.33067
2034O00059C0,5,-22.96157,-43.27318
4115O00014C0,5,-22.95979,-43.38755
3br6,5,-22.98177,-43.663867
4115O00011C0,5,-22.96105,-43.39347
4115O00009C0,5,-22.96211,-43.39785
4115O00008C0,5,-22.962979,-43.401386
4115O00007C0,5,-22.96327,-43.40271
4115O00005C0,5,-22.96493,-43.40678
4115O00004C0,5,-22.96565,-43.4092
4115O00003C0,5,-22.966666,-43.411998
4125O00040C0,5,-22.88183,-43.35885
3076O00082C9,5,-22.81387,-43.32939
4125O00021C0,5,-22.885972,-43.365643
2026O00100C0,5,-22.98115,-43.21822
2026O00095C0,5,-22.98549,-43.2235
2026O00093C0,5,-22.98574,-43.22936
4115O00020C0,5,-22.948196,-43.372199
4115O00019C0,5,-22.952147,-43.374272
4115O00015C0,5,-22.95881,-43.38333
5141O00017C9,5,-22.885858,-43.466103
2035O00056C0,5,-22.912646,-43.224783
3076O00112C1,5,-22.8419,-43.32045
2035O00076C0,5,-22.9134,-43.2339
2035O00074C0,5,-22.91798,-43.234696
2034O00057C0,5,-22.96322,-43.27522
2034O00056C0,5,-22.96415,-43.27636
5151O00156C9,5,-22.980939,-43.665359
1010O00137C0,5,-22.900754,-43.22366
1010O00136C0,5,-22.898891,-43.227726
1010O00135C0,5,-22.897621,-43.227936
4115O00013C0,5,-22.96043,-43.39016
3074O00018C0,5,-22.84832,-43.30652
5141O00110C0,5,-22.869833,-43.483052
1012O00024C0,5,-22.89059,-43.23455
1012O00022C0,5,-22.892517,-43.236845
3074O00028C1,5,-22.840519,-43.314673
h4ru,5,-22.99335,-43.596395
2036O00061C0,5,-22.92032,-43.2353
3076O00019C9,5,-22.84215,-43.32223
2036O00070C0,5,-22.92357,-43.23775
2035O00091C0,5,-22.916618,-43.235029
3076O00038C9,5,-22.837267,-43.314822
3076O00083C0,5,-22.816338,-43.324931
ilwq,5,-22.987276,-43.228543
2024O00104C0,5,-22.96883,-43.1871
2024O00103C0,5,-22.970764,-43.185404
4124O00005C0,5,-22.89565,-43.35029
4124O00060C0,5,-22.884831,-43.356152
4124O00052C0,5,-22.889644,-43.34654
4124O00051C0,5,-22.89326,-43.34865
5142O00007C0,5,-22.89555,-43.48649
3071O00019C0,5,-22.88177,-43.28754
3071O00013C0,5,-22.88136,-43.29594
5141O00262C9,5,-22.88596,-43.46957
5141O00261C9,5,-22.885906,-43.467921
3071O00022C0,5,-22.87833,-43.29079
3071O00021C9,5,-22.88014,-43.29067
3071O00020C9,5,-22.88231,-43.2892
3074O00019C9,5,-22.84992,-43.30857
3069O00004C0,5,-22.90471,-43.31064
1009O00012S9,5,-22.913259,-43.202966
1009O00005S9,5,-22.91401,-43.20054
4115O00143C0,5,-22.96967,-43.41359
4115O00132C0,5,-22.95617,-43.39348
2024O00119C0,5,-22.964963,-43.174534
2024O00106C0,5,-22.96583,-43.18964
2024O00105C0,5,-22.96731,-43.18838
1010O00046C0,5,-22.90403,-43.22267
1010O00043C0,5,-22.89402,-43.2287
3069O00039C9,5,-22.88913,-43.311326
1005O00259C0,5,-22.909364,-43.180294
5142O00072C0,5,-22.89489,-43.49064
5142O00061C0,5,-22.87831,-43.49194
5151O00104C0,5,-22.969457,-43.625365
indd,5,-22.853683,-43.384151
3066O00052C0,5,-22.895729,-43.294213
3066O00050C0,5,-22.89627,-43.290011
3067O00003C0,5,-22.90563,-43.3107
5144O00100C0,5,-22.8916,-43.58892
4115O00187C0,5,-22.947238,-43.39022
4115O00185C0,5,-22.944812,-43.388071
4115O00183C0,5,-22.938218,-43.383097
4115O00182C0,5,-22.936382,-43.382759
4115O00174C0,5,-22.943465,-43.386018
4115O00173C0,5,-22.94185,-43.38435
3067O00002C0,5,-22.905782,-43.309991
3067O00001C0,5,-22.90551,-43.30825
jfw2,5,-22.872567,-43.361443
1008O00021S9,5,-22.912802,-43.201793
3067O00012C0,5,-22.90512,-43.307232
3069O00005C0,5,-22.90157,-43.30959
5144O00245C0,5,-22.892937,-43.58634
3063O00084P0,5,-22.901902,-43.275341
5144O00266C0,5,-22.885298,-43.618833
5144O00265C0,5,-22.885819,-43.614031
5144O00264C0,5,-22.885569,-43.611287
4122O00302C0,5,-22.936816,-43.372105
4122O00299C0,5,-22.923915,-43.371854
2026O00038C0,5,-22.97811,-43.21849
3064O00023C0,5,-22.893783,-43.286565
3064O00017C0,5,-22.895084,-43.287061
2hpt,5,-22.951629,-43.260672
5144O00099C0,5,-22.90897,-43.56316
1005O00254C0,5,-22.9132,-43.17733
5151O00081C0,5,-22.969714,-43.6267
1009O00004S9,5,-22.914422,-43.205532
5144O00119C9,5,-22.9281,-43.55457
3063O00026C0,5,-22.898211,-43.275313
2026O00071C0,5,-22.98453,-43.2289
2026O00070C0,5,-22.98236,-43.22692
2026O00069C0,5,-22.98025,-43.22637
1005O00193S9,5,-22.90242,-43.17877
5153O00034C0,5,-23.00193,-43.63893
5153O00033C0,5,-23.00187,-43.64009
5152O00002C0,5,-23.049964,-43.552657
4123O00001C0,5,-22.91743,-43.36318
5144O00263C0,5,-22.885235,-43.609815
5144O00262C0,5,-22.885371,-43.607289
5144O00261C0,5,-22.885944,-43.605341
5144O00270C0,5,-22.881932,-43.631153
5144O00269C0,5,-22.883239,-43.628677
5144O00268C9,5,-22.883148,-43.624596
5144O00267C0,5,-22.884852,-43.621367
1007O00051C0,5,-22.91797,-43.20987
1007O00049C0,5,-22.91943,-43.20979
3061O00004C0,5,-22.903971,-43.268705
5153O00026C0,5,-22.999661,-43.643737
5153O00025C0,5,-23.00042,-43.64478
5153O00023C0,5,-23.00178,-43.6401
5153O00021C0,5,-23.00183,-43.639
5153O00020C0,5,-23.00194,-43.63695
3061O00032C0,5,-22.900793,-43.266558
1007O00032C0,5,-22.9239,-43.2045
1007O00024C0,5,-22.91992,-43.20858
1007O00023C0,5,-22.92177,-43.20882
3061O00037C0,5,-22.91253,-43.273
n7vj,5,-22.820689,-43.324472
mncl,5,-22.82944,-43.399481
3039O00011C0,5,-22.87251,-43.25155
5146O00043C0,5,-22.892213,-43.592179
5147O00026C9,5,-22.90388,-43.61477
5147O00025C9,5,-22.90624,-43.6194
5147O00024C0,5,-22.91027,-43.62414
5152O00013C0,5,-23.063309,-43.565685
3054O00064C0,5,-22.875778,-43.288124
ot2x,5,-22.824519,-43.349418
3054O00053C0,5,-22.87658,-43.29015
3054O00040C0,5,-22.872977,-43.284714
5146O00019C0,5,-22.892358,-43.592158
3054O00039C0,5,-22.87194,-43.28322
5150O00118C1,5,-22.983466,-43.685158
5144O00581C9,5,-22.932472,-43.555788
5151BO0002U2,5,-22.96859,-43.62204
5144O00479C0,5,-22.88589,-43.61618
5144O00478C0,5,-22.885756,-43.612091
5147O00054C9,5,-22.911802,-43.61097
5147O00053C9,5,-22.91127,-43.60809
5147O00052C9,5,-22.9108,-43.60564
3053O00019C0,5,-22.879651,-43.268236
3054O00007C0,5,-22.87291,-43.2806
3054O00006C0,5,-22.87317,-43.28138
5147O00022C9,5,-22.911887,-43.627275
5147O00011C9,5,-22.90749,-43.621195
5147O00010C9,5,-22.905936,-43.619049
5147O00009C9,5,-22.904946,-43.617185
3054O00035C0,5,-22.875229,-43.287067
3054O00034C0,5,-22.87593,-43.28907
3040O00040C0,5,-22.87053,-43.24899
3053O00023C0,5,-22.877626,-43.275107
5146O00049C9,5,-22.91042,-43.603637
5146O00048C9,5,-22.909924,-43.601119
5147O00092C9,5,-22.910256,-43.624543
5147O00091C9,5,-22.903635,-43.614744
3048O00031C1,5,-22.814801,-43.303782
4122O00225C0,5,-22.934521,-43.383154
2025O00002S0,5,-22.985563,-43.199607
5153O00011C0,5,-23.00225,-43.63721
5153O00010C0,5,-23.00087,-43.64176
5153O00009C0,5,-23.00045,-43.64493
5153O00008C9,5,-23.0002,-43.64718
5153O00007C9,5,-22.9988,-43.64906
5153O00006C0,5,-22.99653,-43.65021
5153O00001C0,5,-23.00081,-43.64162
3041O00004C0,5,-22.85329,-43.26377
5147O00096C9,5,-22.90336,-43.61388
5147O00095C9,5,-22.908122,-43.621432
5150O00103C0,5,-22.9539,-43.68418
5148O00035C9,5,-22.915734,-43.631757
3042O00001C0,5,-22.849737,-43.265691
3041O00058C2,5,-22.85165,-43.263943
5148O00028C9,5,-22.91566,-43.63088
5148O00027C9,5,-22.91677,-43.6359
5148O00024C9,5,-22.918045,-43.642625
5148O00022C9,5,-22.918674,-43.649991
4120O00048C0,5,-22.94483,-43.34646
4120O00047C0,5,-22.94247,-43.3454
3046O00049C1,5,-22.8265,-43.31147
3042O00009C0,5,-22.84974,-43.27627
3042O00008C0,5,-22.84918,-43.27553
3042O00007C0,5,-22.84855,-43.2747
5150O00090C9,5,-22.95523,-43.68667
5147O00094C9,5,-22.90517,-43.617124
5147O00093C9,5,-22.911838,-43.62757
5149O00064C9,5,-22.924804,-43.687355
5149O00063C9,5,-22.92598,-43.68987
2025O00034S0,5,-22.985264,-43.204524
5149O00052C9,5,-22.9464,-43.68148
5149O00051C9,5,-22.94459,-43.68238
5149O00048C9,5,-22.93526,-43.68879
5148O00123C9,5,-22.91604,-43.63286
5148O00122C9,5,-22.917156,-43.638023
5148O00121C9,5,-22.918387,-43.644126
5148O00044C9,5,-22.918343,-43.644461
5148O00043C9,5,-22.917976,-43.642809
5148O00042C9,5,-22.917114,-43.638486
5148O00041C9,5,-22.91675,-43.63671
5148O00088C9,5,-22.91602,-43.6337
5148O00099C0,5,-22.917412,-43.636341
5148O00128C9,5,-22.917465,-43.640322
ugjw,5,-22.898356,-43.282081
3044O00004C0,5,-22.82869,-43.276575
5152O00307C0,5,-23.040954,-43.557432
5149O00129C0,5,-22.94662,-43.65503
5149O00128C9,5,-22.945628,-43.657721
5149O00127C0,5,-22.943239,-43.661671
5149O00122C9,5,-22.916912,-43.684567
3044O00035C0,5,-22.82841,-43.27599
5149O00115C9,5,-22.912532,-43.681389
3044O00066C0,5,-22.838171,-43.286199
5149O00131C9,5,-22.951333,-43.650534
5149O00130C0,5,-22.94946,-43.6523
tiy6,5,-23.001337,-43.366596
5149O00047C9,5,-22.93096,-43.68947
3045O00007C9,5,-22.82684,-43.29564
5149O00065C9,5,-22.92222,-43.68459
4128O00071C0,5,-22.995469,-43.363517
4122O00002C0,5,-22.94461,-43.37196
5152O00306C0,5,-23.045558,-43.55313
5152O00305C0,5,-23.052543,-43.554921
5152O00304C0,5,-23.055591,-43.55823
5152O00303C0,5,-23.05691,-43.559904
4121O00059C0,5,-22.92743,-43.34474
4121O00058C0,5,-22.92784,-43.35108
4121O00057C0,5,-22.928379,-43.352511
4121O00049C0,5,-22.92669,-43.34587
4121O00048C0,5,-22.927072,-43.349166
5150O00033C9,5,-22.95775,-43.69045
3042O00092C2,5,-22.849076,-43.266314
3043O00017C9,5,-22.838718,-43.284183
5150O00039C0,5,-22.9836,-43.69323
5150O00038C0,5,-22.98189,-43.69186
3106O00020C0,5,-22.836933,-43.380266
2018O00032C0,5,-22.92908,-43.17944
2018O00031C0,5,-22.92749,-43.17941
2018O00030C0,5,-22.92582,-43.17945
2018O00029C0,5,-22.92455,-43.17912
2018O00028C0,5,-22.92254,-43.17725
3108O00044C0,5,-22.833305,-43.395802
2027O00104C0,5,-22.962634,-43.205994
2027O00103C0,5,-22.973973,-43.218227
2027O00102C0,5,-22.962566,-43.211116
3107O00025C0,5,-22.828985,-43.398747
2020O00081C0,5,-22.958792,-43.191295
3108O00042C0,5,-22.835069,-43.395818
3108O00038C0,5,-22.83686,-43.39679
4128O00073C0,5,-22.995884,-43.357993
4128O00072C0,5,-22.995466,-43.361904
1002O00008C0,4,-22.90064,-43.19296
03gr,4,-23.00133,-43.36601
1004O00018C0,4,-22.877428,-43.216143
xkbl,4,-22.993854,-43.59607
xyr6,4,-22.965242,-43.647711
y0uk,4,-22.908643,-43.293608
5150O00027C9,4,-22.96806,-43.70479
5149O00320C1,4,-22.918187,-43.684636
5149O00321C1,4,-22.92009,-43.687438
5149O00322C1,4,-22.921103,-43.689029
3042O00104C0,4,-22.84951,-43.268207
3042O00105C0,4,-22.852325,-43.281128
3042O00107C0,4,-22.853572,-43.268503
3042O00108C0,4,-22.852705,-43.269431
2025O00021S0,4,-22.985067,-43.208653
2025O00022S0,4,-22.984835,-43.212524
3042O00076C0,4,-22.85461,-43.26724
5150O00040C0,4,-22.98474,-43.69499
5150O00041C9,4,-22.98543,-43.69833
3042O00099C0,4,-22.848127,-43.268977
5150O00042C9,4,-22.98446,-43.70063
5150O00043C9,4,-22.9825,-43.70178
5150O00044C9,4,-22.98048,-43.70283
5150O00045C0,4,-22.97793,-43.70433
5150O00046C9,4,-22.97576,-43.70583
5150O00047C9,4,-22.97435,-43.70689
5149O00271C9,4,-22.927563,-43.678258
3043O00089C0,4,-22.836488,-43.283441
5149O00244C9,4,-22.94611,-43.63991
5149O00245C9,4,-22.943722,-43.638814
5149O00246C9,4,-22.942378,-43.637577
5149O00233C0,4,-22.88985,-43.71744
v5je,4,-22.827812,-43.392167
vcfu,4,-22.977441,-43.333571
3043O00110C0,4,-22.836905,-43.282531
3042O00023C0,4,-22.84901,-43.27512
3042O00033C9,4,-22.84891,-43.26715
1006O00010C0,4,-22.92227,-43.19726
1006O00011C0,4,-22.9205,-43.19591
uy2h,4,-22.867046,-43.307674
2026O00013C0,4,-22.98015,-43.21594
5149O00141C9,4,-22.910875,-43.691547
5149O00142C9,4,-22.91187,-43.68816
5149O00158C9,4,-22.93746,-43.65527
5150O00048C0,4,-22.97201,-43.70905
5150O00049C9,4,-22.97022,-43.70843
5150O00050C9,4,-22.96772,-43.70615
3044O00041C0,4,-22.84343,-43.300751
3044O00042C0,4,-22.84622,-43.30333
3042O00051C0,4,-22.85058,-43.27734
5149O00124C0,4,-22.939219,-43.66648
5149O00125C0,4,-22.940897,-43.664539
5149O00126C9,4,-22.94142,-43.663309
5149O00102C9,4,-22.913013,-43.683885
3045O00021C9,4,-22.82903,-43.29406
3045O00022C9,4,-22.83064,-43.29304
3045O00023C9,4,-22.8318,-43.29198
3045O00024C9,4,-22.83219,-43.29112
4122O00265C0,4,-22.935607,-43.372015
2025O00003S0,4,-22.984955,-43.210774
3045O00025C9,4,-22.829404,-43.28818
3045O00026C9,4,-22.82741,-43.28829
3045O00027C9,4,-22.82571,-43.28942
3045O00041C9,4,-22.838375,-43.312159
3045O00042C0,4,-22.83788,-43.31333
5149O00049C9,4,-22.93857,-43.68653
5149O00050C9,4,-22.94223,-43.684
5149BO0004U2,4,-22.93083,-43.67346
5149BO0006U2,4,-22.94048,-43.66514
5149BO0007U2,4,-22.95088,-43.65075
5149BO0003U2,4,-22.92748,-43.67758
4119O00047C0,4,-22.954527,-43.391708
5148O00087C0,4,-22.91661,-43.63258
5148O00025C9,4,-22.917651,-43.64063
3042O00004C9,4,-22.84965,-43.27158
3046O00047C2,4,-22.82577,-43.31159
3041O00028C0,4,-22.85326,-43.26242
5150O00097C9,4,-22.96953,-43.69481
5148O00011C9,4,-22.917306,-43.637134
3049O00011C9,4,-22.806973,-43.326599
3049O00030C0,4,-22.811163,-43.329832
5147O00088C9,4,-22.911958,-43.611031
5147O00089C9,4,-22.910852,-43.605218
3051O00009C0,4,-22.894194,-43.263252
qr92,4,-22.821982,-43.391973
5147O00056C9,4,-22.912199,-43.613668
5147O00057C0,4,-22.91147,-43.60851
5151O00337C2,4,-23.011177,-43.541955
5152O00014C1,4,-23.066612,-43.568028
5147O00042C9,4,-22.910532,-43.61434
5147O00043C9,4,-22.907702,-43.613986
5147O00044C9,4,-22.904445,-43.613662
3054O00001C0,4,-22.86739,-43.2868
3054O00002C0,4,-22.86901,-43.28437
3054O00003C0,4,-22.87073,-43.28374
3054O00004C0,4,-22.87217,-43.28277
q404,4,-23.030202,-43.479952
5147O00027C9,4,-22.90001,-43.6125
5147O00028C9,4,-22.89889,-43.61292
5146O00026C9,4,-22.910045,-43.600985
5146O00020C9,4,-22.90576,-43.58057
5146O00021C9,4,-22.906927,-43.585948
5146O00022C9,4,-22.907563,-43.589299
5146O00023C9,4,-22.908105,-43.592306
5146O00024C9,4,-22.908675,-43.596312
5146O00025C9,4,-22.910403,-43.602822
3054O00054C0,4,-22.87412,-43.28674
ort8,4,-23.001491,-43.366115
3055O00001C0,4,-22.86567,-43.30098
3055O00003C0,4,-22.865417,-43.298249
3055O00004C0,4,-22.86522,-43.29301
3055O00005C0,4,-22.86552,-43.28986
3055O00006C0,4,-22.866332,-43.288437
4123O00028C0,4,-22.91108,-43.37797
4123O00029C0,4,-22.908906,-43.378484
4123O00030C0,4,-22.90719,-43.37923
4123O00051P1,4,-22.915667,-43.36116
4115O00223C0,4,-22.973585,-43.377831
2026O00035S0,4,-22.9862,-43.2258
4115O00068C0,4,-22.97362,-43.37043
4115O00180C0,4,-22.951042,-43.391392
4115O00188C0,4,-22.95317,-43.39145
5144OY0451C9,4,-22.895409,-43.584199
3055O00020C0,4,-22.86794,-43.29788
3055O00021C0,4,-22.869074,-43.294257
3055O00023C0,4,-22.87078,-43.28993
3055O00024C0,4,-22.86983,-43.29191
3055O00025C0,4,-22.865491,-43.295875
3056O00001C0,4,-22.869024,-43.309495
3056O00002C0,4,-22.866816,-43.307285
3056O00009C0,4,-22.870727,-43.300299
5151BO0001U1,4,-22.965404,-43.646949
og0e,4,-22.829791,-43.39213
3056O00023C0,4,-22.869328,-43.306903
3056O00025C0,4,-22.869125,-43.303903
3056O00027C0,4,-22.865406,-43.306937
3056O00028C0,4,-22.866673,-43.302617
3056O00030C0,4,-22.863561,-43.307434
4115O00069C0,4,-22.97366,-43.36785
2024O00102C0,4,-22.963702,-43.176042
5151BO0003U2,4,-22.9935,-43.59706
5151BO0003X1,4,-22.99407,-43.59653
5144O00579C9,4,-22.924593,-43.551948
nsbf,4,-22.899904,-43.210618
5151O00020C9,4,-22.975309,-43.636818
5151O00022C0,4,-23.007878,-43.540296
5151O00023C0,4,-23.005942,-43.540282
5151O00024C0,4,-23.004928,-43.540011
5151O00025C0,4,-23.0032,-43.54006
5144O00560C9,4,-22.905291,-43.577174
3059O00010C0,4,-22.898288,-43.256722
3059O00015C0,4,-22.901392,-43.256314
4125O00008C0,4,-22.880527,-43.360641
4125O00022C0,4,-22.88764,-43.36388
4125O00024C0,4,-22.89071,-43.35996
3061O00005C0,4,-22.905629,-43.268592
3061O00006C0,4,-22.90641,-43.2679
3061O00007C0,4,-22.908082,-43.269407
5151O00026C0,4,-23.001235,-43.540645
5151O00028C0,4,-23.000025,-43.541284
5151O00029C0,4,-22.997545,-43.542536
1007O00040C0,4,-22.92513,-43.19961
1007O00044C0,4,-22.92371,-43.21231
5144O00469C0,4,-22.898023,-43.574822
3039O00014C0,4,-22.88428,-43.24878
3039O00015C0,4,-22.88261,-43.2494
3039O00016C0,4,-22.879765,-43.250441
3039O00017C0,4,-22.878501,-43.250884
3039O00025C0,4,-22.886657,-43.247745
3040BB0058U2,4,-22.866725,-43.247606
3040BB0059U1,4,-22.865128,-43.247783
3040BB0065U1,4,-22.859889,-43.247772
3040BB0066U2,4,-22.861525,-43.247868
1007O00039C0,4,-22.925285,-43.201492
4125O00045C0,4,-22.881799,-43.362919
4115O00016C0,4,-22.95727,-43.37976
4115O00017C0,4,-22.955436,-43.377288
4115BL0001X1,4,-22.97044,-43.40032
5144O00435C0,4,-22.885856,-43.556815
3039BB0027U2,4,-22.875807,-43.242619
3039BB0028U1,4,-22.87444,-43.243604
3039BB0036U2,4,-22.884649,-43.235697
3039BB0037U1,4,-22.88344,-43.236818
lnk4,4,-22.872457,-43.361443
5151O00333C9,4,-22.943809,-43.56133
4125O00052C0,4,-22.889483,-43.361958
3qix,4,-23.001109,-43.367264
1007O00061C0,4,-22.924,-43.20952
1007O00063C0,4,-22.92268,-43.21401
1005O00371C1,4,-22.901278,-43.18014
3063O00039C0,4,-22.910035,-43.293362
3063O00043C0,4,-22.90716,-43.27675
3039O00010C0,4,-22.87532,-43.25213
1006O00009C0,4,-22.92357,-43.1979
5144O00272C9,4,-22.903759,-43.569616
5144O00273C9,4,-22.904445,-43.57315
5144O00275C9,4,-22.904644,-43.573222
5144O00276C9,4,-22.903915,-43.569532
5144O00277C9,4,-22.936138,-43.55769
5144O00278C9,4,-22.938865,-43.558956
5144O00279C9,4,-22.94143,-43.56035
5151O00323C9,4,-22.97904,-43.66913
5144O00232C0,4,-22.897986,-43.57455
5144O00233C0,4,-22.896288,-43.576389
5144O00234C0,4,-22.895521,-43.578282
3063O00068C0,4,-22.89992,-43.279205
3063O00075C0,4,-22.903827,-43.292023
5144O00235C0,4,-22.895916,-43.579806
5144O00236C0,4,-22.895812,-43.582178
5144O00237C0,4,-22.895317,-43.584047
5144O00241C0,4,-22.889642,-43.595685
5144O00242C0,4,-22.888215,-43.597618
5144O00243C0,4,-22.886547,-43.600949
5144O00244C0,4,-22.886253,-43.602774
3064O00006C0,4,-22.897639,-43.284292
3064O00013C0,4,-22.896912,-43.287656
2154O00022C0,4,-22.988616,-43.248896
2154O00023C0,4,-22.988135,-43.246845
2154O00025C0,4,-22.989462,-43.251224
2154O00027C0,4,-22.989517,-43.251763
5144O00228C0,4,-22.902191,-43.569322
3114O00116C1,4,-22.804386,-43.36326
3157O00019C0,4,-22.864722,-43.239325
33f2,4,-22.853739,-43.384017
36fh,4,-22.847407,-43.376427
5144O00229C0,4,-22.901361,-43.571182
5144O00230C0,4,-22.899315,-43.573273
5144O00196C9,4,-22.915889,-43.550327
5144O00198C9,4,-22.92195,-43.55104
1005O00041C0,4,-22.91448,-43.18843
1005O00056S0,4,-22.90541,-43.19145
kj3s,4,-22.97359,-43.374686
kjmv,4,-22.894019,-43.213944
3065O00020C9,4,-22.8952,-43.27413
3114O00037C0,4,-22.81952,-43.35437
5arx,4,-22.925386,-43.315148
3114O00052C0,4,-22.806672,-43.366375
1007O00077C0,4,-22.925151,-43.203004
3065O00039C2,4,-22.89202,-43.2738
3065O00040C2,4,-22.88867,-43.27465
3065O00041C2,4,-22.88719,-43.2763
3065O00053C0,4,-22.885519,-43.277384
20dz,4,-22.936431,-43.191483
2154O00002C0,4,-22.98712,-43.24641
2154O00006C0,4,-22.9865,-43.2473
1005O00040C0,4,-22.91343,-43.18832
5144O00147C0,4,-22.896745,-43.576507
6ky3,4,-23.000039,-43.389543
2024O00027S0,4,-22.96519,-43.18062
2024O00047S0,4,-22.96688,-43.18321
5144O00148C9,4,-22.899759,-43.573237
5151O00080C9,4,-22.98009,-43.643576
2154O00015C0,4,-22.986426,-43.245327
2154O00017C0,4,-22.987963,-43.24783
2154O00020C0,4,-22.987593,-43.245296
3065O00038C2,4,-22.893363,-43.273867
1005O00250C0,4,-22.89948,-43.17708
5144O00101C0,4,-22.89246,-43.58736
5144O00102C0,4,-22.89339,-43.58613
5144O00103C0,4,-22.89597,-43.58231
5144O00104C0,4,-22.89624,-43.58038
5144O00105C0,4,-22.895837,-43.578091
3067O00004C0,4,-22.90597,-43.314
3067O00005C0,4,-22.9064,-43.31263
3067O00006C0,4,-22.90582,-43.31102
3066O00026C0,4,-22.9047,-43.302136
3066O00027C0,4,-22.90457,-43.30007
3066O00039C0,4,-22.906002,-43.293253
4127O00114C0,4,-22.973949,-43.329184
3112O00006C0,4,-22.838527,-43.362522
3112O00007C0,4,-22.8407,-43.36232
1010BB0124U2,4,-22.887026,-43.224386
jw9h,4,-23.001097,-43.366824
1005O00033S0,4,-22.90542,-43.1924
3066O00053C0,4,-22.907196,-43.293138
1010BB0125U1,4,-22.885872,-43.225539
1010BB0127P1,4,-22.897883,-43.211935
2038O00075C0,4,-22.921407,-43.261923
2038O00076C0,4,-22.92193,-43.26331
j2kf,4,-22.849243,-43.378894
j89g,4,-23.001573,-43.366171
1009O00010S9,4,-22.914138,-43.205656
1010BB0117U2,4,-22.894429,-43.215347
1010BB0118U1,4,-22.894278,-43.215368
3069O00006C0,4,-22.89933,-43.30886
4128BO0019P2,4,-23.0066,-43.31258
3069O00025C0,4,-22.90486,-43.31551
5143O00037C0,4,-22.879304,-43.523727
5142O00059C9,4,-22.894759,-43.488597
5142O00038C0,4,-22.87137,-43.49109
5142O00039C0,4,-22.87154,-43.49252
5142O00040C0,4,-22.872618,-43.494823
5142O00041C0,4,-22.872488,-43.496985
5142O00042C0,4,-22.87299,-43.50016
5142O00043C0,4,-22.87317,-43.50339
5142O00044C0,4,-22.87253,-43.50491
5142O00045C0,4,-22.869796,-43.508128
3071O00007C0,4,-22.871267,-43.299302
5142O00023C9,4,-22.88941,-43.48017
5142O00032C0,4,-22.87133,-43.48557
3071O00025C0,4,-22.88006,-43.294408
3071O00026C0,4,-22.87862,-43.29549
3071O00027C0,4,-22.87638,-43.29688
3071O00028C0,4,-22.87502,-43.29707
3071O00029C0,4,-22.872629,-43.297377
2037O00054C0,4,-22.92147,-43.24586
2037O00057C0,4,-22.922248,-43.247306
3073O00041C0,4,-22.85872,-43.30858
3073O00042C0,4,-22.860477,-43.30759
5141O00231C9,4,-22.866085,-43.471312
5141O00232C0,4,-22.867959,-43.470217
5141O00233C0,4,-22.870363,-43.469598
2036O00088C0,4,-22.914929,-43.235468
3073O00039C0,4,-22.853247,-43.314876
3074O00017C0,4,-22.84712,-43.30503
4128O00003C1,4,-23.000458,-43.417253
3109O00036C0,4,-22.831599,-43.39189
3109O00026C0,4,-22.83427,-43.39195
2022O00026C0,4,-22.94334,-43.16081
5141O00179C0,4,-22.86881,-43.46985
5141O00109C0,4,-22.868437,-43.481891
5141O00126C0,4,-22.867136,-43.465107
g2tn,4,-22.92427,-43.691044
5141O00099C9,4,-22.88068,-43.4688
1005O00240C0,4,-22.90878,-43.17147
2036O00075C0,4,-22.91847,-43.24026
2036O00076C0,4,-22.91981,-43.24292
2036O00078C0,4,-22.91809,-43.24195
2036O00086C0,4,-22.92035,-43.24441
3108O00051C0,4,-22.83137,-43.40681
7uqu,4,-22.899551,-43.211058
82g2,4,-22.986423,-43.189794
3108O00046C0,4,-22.833253,-43.407472
5141O00078C0,4,-22.869344,-43.482723
2036O00062C0,4,-22.92408,-43.23809
5141O00046C9,4,-22.88658,-43.48075
5141O00047C9,4,-22.886374,-43.479949
5141O00048C9,4,-22.88632,-43.47819
5141O00049C9,4,-22.886275,-43.476552
5141O00050C9,4,-22.88625,-43.47554
5141O00051C9,4,-22.886118,-43.471661
5141O00052C9,4,-22.886038,-43.469121
5141O00055C9,4,-22.88589,-43.46397
5141O00056C9,4,-22.884433,-43.463518
3076O00054C0,4,-22.84594,-43.32879
2020O00106C0,4,-22.956183,-43.19224
2020O00107C0,4,-22.957146,-43.19183
1012O00040C0,4,-22.88891,-43.244451
5141O00045C9,4,-22.888428,-43.480229
3077O00014C0,4,-22.8431,-43.33468
3077O00015C0,4,-22.84313,-43.3336
3077O00016C0,4,-22.843331,-43.331657
5151O00154C9,4,-22.993114,-43.597146
5151O00157C0,4,-22.97794,-43.671429
eylv,4,-22.97361,-43.372698
2034O00068C0,4,-22.957177,-43.267772
2034O00069C0,4,-22.957157,-43.265385
5151O00165C9,4,-22.946038,-43.561478
5151O00166C9,4,-22.948199,-43.561638
5151O00167C9,4,-22.95064,-43.56308
5151O00168C9,4,-22.950338,-43.566412
5151O00169C9,4,-22.95137,-43.569794
5151O00170C9,4,-22.953716,-43.572692
2021O00007C0,4,-22.959055,-43.199849
4128O00068C0,4,-22.97348,-43.39888
4128O00069C0,4,-22.973546,-43.386536
8y6v,4,-22.899643,-43.211189
3108O00007C0,4,-22.825555,-43.402291
3108O00019C0,4,-22.82707,-43.41833
2020O00105C0,4,-22.952839,-43.193624
5151O00171C9,4,-22.955646,-43.57644
3080O00009C0,4,-22.87021,-43.311756
3080O00010C0,4,-22.87136,-43.31306
3080O00011C0,4,-22.874018,-43.315251
3080O00012C0,4,-22.874503,-43.316141
1005O00142C0,4,-22.90232,-43.18185
3107O00061C0,4,-22.82869,-43.40619
3107O00063C0,4,-22.826131,-43.405601
3107O00064C0,4,-22.825155,-43.405203
3107O00065C0,4,-22.824887,-43.405223
3107O00067C0,4,-22.825339,-43.391839
3107O00075C0,4,-22.819886,-43.390579
2020O00065C0,4,-22.95468,-43.17864
103r,4,-22.965517,-43.647715
114y,4,-22.846947,-43.375625
1158O00002C0,4,-22.889811,-43.229453
1158O00003C0,4,-22.888326,-43.231707
5139O00216C9,4,-22.88924,-43.414508
3081O00006C0,4,-22.87638,-43.32077
3081O00007C0,4,-22.87606,-43.32165
3081O00008C0,4,-22.874712,-43.323847
3081O00010C0,4,-22.874824,-43.324617
2034O00029C0,4,-22.954149,-43.262564
3080O00001C0,4,-22.87487,-43.31638
3080O00002C0,4,-22.87238,-43.31339
3080O00004C0,4,-22.870321,-43.311567
5139O00194C9,4,-22.889406,-43.422396
5139O00195C9,4,-22.89003,-43.425969
5139O00180C9,4,-22.89545,-43.437554
5139O00181C9,4,-22.89359,-43.43336
5139O00153C0,4,-22.868617,-43.420091
3082O00025C0,4,-22.88038,-43.33452
3080O00019C0,4,-22.876058,-43.318
3081O00001C0,4,-22.876495,-43.322923
5139O00132C9,4,-22.888856,-43.437031
5139O00133C9,4,-22.890467,-43.438607
5139O00140C9,4,-22.898192,-43.440362
3107O00038C0,4,-22.829121,-43.39836
3107O00058C0,4,-22.824833,-43.41455
3107O00059C0,4,-22.82613,-43.417131
3107O00032C0,4,-22.82462,-43.40344
4128O00154P0,4,-23.005478,-43.312534
4128O00190C0,4,-22.973512,-43.393613
4128O00191C0,4,-22.973547,-43.384621
5139O00141C9,4,-22.896704,-43.438743
5139O00142C9,4,-22.893948,-43.435285
5139O00143C0,4,-22.89286,-43.43241
5139O00098C9,4,-22.8907,-43.421204
5139O00099C9,4,-22.889743,-43.423923
2033O00236C0,4,-22.920386,-43.225752
2034O00031C0,4,-22.950344,-43.26188
5139O00101C9,4,-22.889247,-43.426702
5139O00092C9,4,-22.86836,-43.4283
5139O00095C9,4,-22.890831,-43.41609
5139O00096C9,4,-22.891928,-43.417455
5139O00097C9,4,-22.892281,-43.419071
3082O00042P0,4,-22.881793,-43.329684
5139O00062C9,4,-22.887022,-43.435841
3107O00001C0,4,-22.82332,-43.40495
3107O00002C0,4,-22.82331,-43.40649
3105O00017C0,4,-22.852831,-43.232723
3105O00019C0,4,-22.841791,-43.236615
3105O00024P0,4,-22.839556,-43.239519
4128O00205C0,4,-23.0048,-43.31925
2018O00033C0,4,-22.931153,-43.179516
2019O00014C0,4,-22.943925,-43.208204
5151O00221C9,4,-22.97996,-43.66744
5151O00222C9,4,-22.981103,-43.665384
1isr,4,-22.873885,-43.359504
9ffm,4,-22.975556,-43.331032
2029O00001C0,4,-22.98529,-43.24464
3105O00012C0,4,-22.862001,-43.224531
3105O00016C0,4,-22.860669,-43.227045
1z95,4,-22.853957,-43.313773
1158O00004C0,4,-22.88923,-43.23187
1158O00006C0,4,-22.89164,-43.22691
1158O00007C0,4,-22.88935,-43.22775
3085O00001C9,4,-22.86539,-43.33924
3086O00020C0,4,-22.85626,-43.35553
3085O00017C0,4,-22.866304,-43.341573
1158O00015C0,4,-22.893868,-43.227453
5138O00017C0,4,-22.867906,-43.413339
5138O00084C0,4,-22.86844,-43.415199
16lj,4,-22.9148,-43.374925
1hty,4,-22.8716,-43.366254
1005O00061S0,4,-22.90481,-43.189
5137O00025C0,4,-22.90466,-43.37994
9ttc,4,-22.850079,-43.379286
a5us,4,-22.871928,-43.246761
3103O00022C0,4,-22.799214,-43.20293
5137O00026C0,4,-22.90035,-43.38246
5137O00027C0,4,-22.89873,-43.38951
5137O00028C0,4,-22.899222,-43.395109
5137O00029C0,4,-22.897,-43.397889
5137O00023C0,4,-22.892465,-43.394203
5137O00024C0,4,-22.890771,-43.390766
5137BL0001X1,4,-22.88598,-43.400652
3086O00069C0,4,-22.845664,-43.338401
3086O00073C2,4,-22.849076,-43.343249
3086O00030C2,4,-22.85058,-43.34513
3086O00032C2,4,-22.847307,-43.34053
5135O00047P2,4,-22.88456,-43.39954
5135O00050C0,4,-22.849,-43.395797
5135O00051C0,4,-22.847289,-43.396362
4131O00061C0,4,-23.011782,-43.513755
3099O00033C0,4,-22.818359,-43.196774
3099O00034C0,4,-22.818682,-43.199557
2031O00004C0,4,-22.99865,-43.259573
2017O00022C0,4,-22.93484,-43.19182
2017O00023C0,4,-22.93444,-43.19241
2017O00024C0,4,-22.93646,-43.19886
dg5y,4,-22.82034,-43.392077
3089O00018C0,4,-22.86595,-43.35859
2017O00003C0,4,-22.93668,-43.19572
2017O00005C0,4,-22.93465,-43.19211
2017O00020C0,4,-22.935795,-43.191116
5151O00247C9,4,-22.979894,-43.643277
3089O00050C2,4,-22.871222,-43.367637
3089O00052C2,4,-22.871173,-43.36776
2033O00128C0,4,-22.922814,-43.232537
2033O00129C0,4,-22.920697,-43.225015
2033O00132C0,4,-22.9253,-43.23282
2033O00046S0,4,-22.920171,-43.223082
5151O00282C9,4,-22.972735,-43.634335
3098O00003C0,4,-22.7893,-43.16436
3099O00001C0,4,-22.8199,-43.19006
3099O00002C0,4,-22.818649,-43.194307
3099O00003C0,4,-22.817243,-43.203019
3099O00004C0,4,-22.816406,-43.205017
3099O00005C9,4,-22.812863,-43.207504
3099O00009C0,4,-22.81886,-43.2016
3100O00009C0,4,-22.81099,-43.19245
3099O00018C9,4,-22.81108,-43.19416
3099O00023C0,4,-22.81534,-43.206216
4131O00060C0,4,-23.009673,-43.511868
3094O00004C0,4,-22.81644,-43.17635
3094O00005C0,4,-22.814744,-43.176539
3095O00001C0,4,-22.81053,-43.17738
3095O00002C0,4,-22.80891,-43.17829
3095O00005C0,4,-22.811827,-43.176449
3096O00009C0,4,-22.80691,-43.18061
2031O00019C0,4,-22.991984,-43.253629
4131O00025C0,4,-23.018278,-43.508064
4131O00041C0,4,-23.004557,-43.510753
3099O00011C9,4,-22.81279,-43.19103
2018O00011C0,4,-22.931537,-43.177512
2033O00100C0,4,-22.931494,-43.234319
2031O00040C0,4,-22.990903,-43.252408
4132O00154C0,4,-23.020137,-43.487766
3092O00010C0,4,-22.819093,-43.175385
3093O00002C9,4,-22.81473,-43.18829
3093O00009C0,4,-22.81916,-43.18849
3090O00045C0,4,-22.86708,-43.37469
3090O00046C9,4,-22.86506,-43.37345
3090O00050C0,4,-22.85834,-43.36416
bam4,4,-23.001087,-43.366157
3090O00072C0,4,-22.857105,-43.366164
3090O00078C2,4,-22.86849,-43.37547
3090O00080C2,4,-22.865641,-43.373783
2017O00059C0,4,-22.936652,-43.196086
2017O00060C0,4,-22.935167,-43.194338
4132O00112C0,4,-23.030276,-43.4742
4132O00113C0,4,-23.030182,-43.478133
4132O00125C0,4,-23.029203,-43.480269
4132O00135C0,4,-23.027931,-43.480648
4132O00136C0,4,-23.023464,-43.481886
4132O00057C0,4,-23.016767,-43.47758
4132O00072C0,4,-23.02889,-43.468061
3092O00003C0,4,-22.82111,-43.17393
3092O00004C0,4,-22.82011,-43.17559
5151O00283C9,4,-22.97723,-43.638277
5151O00284C9,4,-22.971205,-43.632277
4132O00074C0,4,-23.03012,-43.475349
3090O00087C1,4,-22.871954,-43.369784
3090O00089C2,4,-22.872114,-43.369806
3090O00091C1,4,-22.872581,-43.371484
3090O00093C2,4,-22.87265,-43.371264
3090O00095C2,4,-22.87337,-43.373249
3090O00097C1,4,-22.873239,-43.373267
3090O00060C0,4,-22.85662,-43.36908
4132O00111C0,4,-23.03074,-43.472596
4132O00036C0,4,-23.015156,-43.471304
4132O00047C0,4,-23.01823,-43.48332
3091O00005C0,4,-22.82428,-43.1695
3091O00006C0,4,-22.82286,-43.17117
3042O00079C0,4,-22.85072,-43.27099
3042O00081C0,4,-22.84983,-43.27206
3042O00083C0,4,-22.84844,-43.27362
wfp1,4,-23.00158,-43.421313
wxn2,4,-23.01875,-43.485518
5150O00024C9,4,-22.96926,-43.69744
5150O00025C9,4,-22.96908,-43.69956
5150O00026C9,4,-22.96909,-43.70221
zcy1,4,-22.921638,-43.24679
1002O00004C0,4,-22.89541,-43.1964
1002O00001C0,4,-22.89797,-43.1954
zflv,3,-22.990274,-43.639887
wrrl,3,-22.925463,-43.370569
0t3k,3,-22.827984,-43.353214
0pcp,3,-22.893831,-43.305585
0k8e,3,-22.86248,-43.402276
zjbl,3,-22.897765,-43.212359
4122O00027C0,3,-22.92294,-43.375775
4132O00029C0,3,-23.025643,-43.458769
4132O00027C0,3,-23.027382,-43.463965
3090O00110C0,3,-22.85606,-43.367205
yprz,3,-22.998723,-43.634562
4122BC0297U2,3,-22.920087,-43.368003
4122BC0196U1,3,-22.92455,-43.37379
4122BC0004U1,3,-22.92948,-43.37339
5149O00303C9,3,-22.916383,-43.667572
5149O00302C9,3,-22.91689,-43.662651
5149O00301C9,3,-22.917928,-43.655407
5149O00300C9,3,-22.917041,-43.662436
5149O00299C9,3,-22.916571,-43.666037
5149O00297C9,3,-22.904308,-43.713708
5149O00296C9,3,-22.907895,-43.701526
4132O00006C0,3,-22.99841,-43.45154
4132O00005C0,3,-22.99669,-43.45016
4132BO0013U1,3,-23.00819,-43.44225
4132O00124C0,3,-23.009481,-43.460762
3091O00003C0,3,-22.8245,-43.17321
3094O00002C0,3,-22.819477,-43.18254
3094O00001C0,3,-22.82018,-43.17935
4132O00030C0,3,-23.024365,-43.457287
4122O00033C0,3,-22.924691,-43.389673
4122O00032C0,3,-22.924702,-43.387308
4122O00031C0,3,-22.92392,-43.38479
4122O00030C0,3,-22.92301,-43.38105
3043O00068C0,3,-22.84432,-43.28068
3043O00052C0,3,-22.837156,-43.269823
3043O00049C0,3,-22.83358,-43.27553
3043O00048C0,3,-22.83558,-43.2768
5149O00285C9,3,-22.926868,-43.690623
3090O00071C0,3,-22.86383,-43.37338
4132BO0005X1,3,-23.01979,-43.48766
3093O00004C9,3,-22.81251,-43.19101
3093O00001C0,3,-22.81645,-43.18615
5151O00289C0,3,-23.015566,-43.543266
4132O00026C0,3,-23.028467,-43.46674
4132O00024C0,3,-23.031002,-43.472337
4132O00023C0,3,-23.03048,-43.473955
4132O00022C0,3,-23.030232,-43.47701
4132O00021C0,3,-23.030379,-43.478424
5149O00284C9,3,-22.92889,-43.68995
5149O00276C9,3,-22.913221,-43.684548
5149O00305C0,3,-22.922302,-43.671128
2017O00046C0,3,-22.93776,-43.1905
4132O00143C0,3,-23.021838,-43.482377
clry,3,-22.872248,-43.511503
4132O00123C0,3,-23.005795,-43.457489
3043O00095C0,3,-22.843998,-43.283484
1006O00012C0,3,-22.91975,-43.194386
5149O00188C0,3,-22.93973,-43.67352
ve1r,3,-23.024328,-43.560334
v454,3,-22.985306,-43.626776
5149O00218C9,3,-22.90598,-43.707962
5149O00216C9,3,-22.902125,-43.720538
1007O00020C0,3,-22.92555,-43.20513
1007O00019C0,3,-22.929946,-43.201885
4120O00117C0,3,-22.928081,-43.336123
4120O00083C0,3,-22.937949,-43.332704
4120O00082C0,3,-22.93999,-43.332319
4119O00026C0,3,-22.956659,-43.393949
5149O00140C9,3,-22.90996,-43.69456
5149O00139C9,3,-22.909233,-43.696947
2031O00017C0,3,-22.998805,-43.270962
3094O00011C0,3,-22.816895,-43.185533
3094O00009C0,3,-22.82046,-43.180934
3099O00017C9,3,-22.809881,-43.195485
3099O00016C9,3,-22.80814,-43.19683
3099O00015C9,3,-22.80609,-43.20014
3098O00019C0,3,-22.789006,-43.161648
4132BL0001P1,3,-23.008509,-43.440389
4131O00082C0,3,-22.968512,-43.49413
5151O00294C0,3,-23.025345,-43.562434
5151O00293C0,3,-23.024074,-43.558117
2024O00163C0,3,-22.96506,-43.174486
5149O00121C9,3,-22.917368,-43.659752
2033O00133C0,3,-22.920639,-43.215215
5134O00033C0,3,-22.854002,-43.390142
5134O00027C0,3,-22.85531,-43.38627
ceet,3,-23.001306,-43.364808
3097OY0023C9,3,-22.790617,-43.180957
4131O00022C0,3,-22.973495,-43.494175
5150O00058C9,3,-22.970338,-43.689296
5150O00057C9,3,-22.97134,-43.68529
5150O00056C9,3,-22.9738,-43.68125
5150O00055C0,3,-22.97596,-43.68075
5149O00138C9,3,-22.907034,-43.704472
5149O00137C9,3,-22.905141,-43.71088
5149O00136C9,3,-22.903289,-43.717063
5149O00134C9,3,-22.899545,-43.721956
5149O00133C9,3,-22.896403,-43.721025
3045O00002C9,3,-22.83531,-43.30398
3045O00001C9,3,-22.836146,-43.306174
3045O00008C9,3,-22.82632,-43.29506
3045O00006C9,3,-22.82813,-43.29863
3045O00005C9,3,-22.82895,-43.29993
5149O00060C9,3,-22.93091,-43.68902
5149O00099C9,3,-22.912307,-43.679215
5149O00098C9,3,-22.916247,-43.667708
5149O00097C9,3,-22.916697,-43.664093
3089O00007C0,3,-22.865706,-43.356463
3089O00006C0,3,-22.866812,-43.354457
3087OY0004C9,3,-22.840705,-43.356328
3087O00031C0,3,-22.84083,-43.352149
2017O00025C0,3,-22.93314,-43.1833
2033O00039C0,3,-22.923392,-43.234752
3090O00012C0,3,-22.85786,-43.36457
3090O00011C0,3,-22.85656,-43.36384
2016O00053C0,3,-22.91913,-43.1768
2029O00039P0,3,-22.979381,-43.231033
2016O00015C0,3,-22.916058,-43.176554
2015O00063C0,3,-22.936985,-43.17573
3087O00015C9,3,-22.847045,-43.352538
3087O00014C9,3,-22.84488,-43.35197
2017O00045C0,3,-22.938459,-43.192961
5149O00096C9,3,-22.917307,-43.659381
5149O00095C9,3,-22.917787,-43.655588
5149O00120C9,3,-22.916843,-43.664
5149O00119C9,3,-22.91625,-43.668707
5149O00118C9,3,-22.915838,-43.671776
5149O00117C9,3,-22.913709,-43.676487
4122O00211C0,3,-22.939261,-43.384134
4122O00226C0,3,-22.931495,-43.373923
4122O00221C0,3,-22.930706,-43.379065
4122O00218C0,3,-22.93201,-43.38239
3086O00077C0,3,-22.849449,-43.35259
3086O00058C9,3,-22.85572,-43.34913
3087O00018C1,3,-22.845065,-43.356582
4131O00021C0,3,-22.970209,-43.494048
4122O00217C0,3,-22.932686,-43.383537
4122O00216C0,3,-22.93384,-43.38336
5149O00066C0,3,-22.92412,-43.67878
sr5u,3,-22.833831,-43.408078
5149O00073C0,3,-22.923011,-43.647754
5149O00072C0,3,-22.923166,-43.652136
5149O00071C0,3,-22.92269,-43.65621
5149O00070C0,3,-22.922385,-43.659083
5149O00069C0,3,-22.92197,-43.662695
5149O00068C0,3,-22.921598,-43.665945
5149O00067C0,3,-22.923642,-43.676608
4119O00014C0,3,-22.95203,-43.38832
4122O00215C0,3,-22.936093,-43.382508
4122O00214C0,3,-22.938055,-43.382936
5149O00059C9,3,-22.93307,-43.68875
2015O00052C0,3,-22.939555,-43.176736
dvwu,3,-22.916174,-43.225247
3087O00013C9,3,-22.84288,-43.35192
3087O00012C9,3,-22.83896,-43.35235
3087O00010C0,3,-22.84775,-43.35917
3087O00006C0,3,-22.85529,-43.361289
3087O00005C0,3,-22.85604,-43.35708
3086O00078C0,3,-22.845183,-43.351928
5149O00058C9,3,-22.9361,-43.68806
5149O00057C9,3,-22.93875,-43.68623
5149O00056C9,3,-22.94082,-43.68486
5149O00055C9,3,-22.94674,-43.68128
5149O00054C9,3,-22.94813,-43.68098
3045O00004C0,3,-22.83006,-43.30153
3045O00028C9,3,-22.824561,-43.288628
t9oc,3,-22.833221,-43.395625
3086O00034C9,3,-22.8495,-43.35272
2029O00020C0,3,-22.98152,-43.23671
2029O00019C0,3,-22.979434,-43.234652
2029O00018C0,3,-22.97803,-43.23344
3046O00001C9,3,-22.82381,-43.29609
3045O00075C2,3,-22.832833,-43.317207
3045O00061C2,3,-22.833468,-43.302276
3045O00059C1,3,-22.83763,-43.31011
sh6z,3,-23.001313,-43.365249
5149BO0001U2,3,-22.91754,-43.6834
5149BO0001U1,3,-22.916685,-43.683705
5148O00137C1,3,-22.91829,-43.651731
5150O00075C0,3,-22.98434,-43.69544
anh0,3,-22.843338,-43.283362
e403,3,-23.025684,-43.562848
3086O00044C2,3,-22.85286,-43.34779
3086O00043C2,3,-22.853818,-43.349031
3086O00042C0,3,-22.8565,-43.35494
3086O00040C9,3,-22.84082,-43.35203
3086O00039C9,3,-22.842917,-43.351814
3086O00037C9,3,-22.84696,-43.35239
3086O00036C9,3,-22.85083,-43.35222
5150O00072C9,3,-22.97788,-43.67547
5150O00071C9,3,-22.97801,-43.677
5150O00070C0,3,-22.97813,-43.67805
5149BO0002U2,3,-22.92224,-43.67961
3045O00058C1,3,-22.835057,-43.309059
3045O00056C2,3,-22.835042,-43.308755
3046O00030C2,3,-22.82864,-43.31005
5139O00025C9,3,-22.896727,-43.438963
1yni,3,-23.017698,-43.543984
2019O00027C0,3,-22.93908,-43.19616
2019O00026C0,3,-22.938194,-43.194939
3105O00011C0,3,-22.86102,-43.22723
2029O00016C0,3,-22.97737,-43.22724
3103O00009C0,3,-22.79923,-43.20276
3102O00015C0,3,-22.796178,-43.195761
3046O00029C2,3,-22.83023,-43.30923
3046O00021C2,3,-22.82701,-43.310886
1004O00025C0,3,-22.888207,-43.219215
1004O00023C0,3,-22.875748,-43.22279
1004O00019C9,3,-22.879428,-43.224736
5152O00295C0,3,-23.027771,-43.562948
5152O00294C0,3,-23.024206,-43.560304
5148O00114C0,3,-22.918816,-43.630749
5148O00113C9,3,-22.913084,-43.655823
5148O00108C9,3,-22.924733,-43.634907
5148O00101C0,3,-22.921548,-43.645478
5148O00045C9,3,-22.91841,-43.65158
5148O00089C9,3,-22.927735,-43.635264
5148O00080C9,3,-22.91211,-43.65725
5148O00077C9,3,-22.91392,-43.65455
5148O00076C0,3,-22.915582,-43.652044
2033O00191C0,3,-22.91512,-43.2187
5138O00015C0,3,-22.870287,-43.418252
5138O00014C0,3,-22.868782,-43.415087
3085O00024C9,3,-22.86198,-43.34785
5148O00075C9,3,-22.9291,-43.63544
5148O00074C9,3,-22.930891,-43.635627
4119O00049C0,3,-22.95512,-43.39063
4119O00037C0,3,-22.942616,-43.384585
4119O00036C0,3,-22.943292,-43.385531
4119O00034C0,3,-22.944736,-43.387785
4119O00032C0,3,-22.946956,-43.389945
4119O00031C0,3,-22.94844,-43.3901
rpe4,3,-22.913698,-43.223074
rnxp,3,-22.843647,-43.534023
3041O00060C0,3,-22.854914,-43.263031
3046O00053C1,3,-22.83059,-43.30937
5139O00034C9,3,-22.88557,-43.436769
5139O00033C9,3,-22.886879,-43.43583
5139O00032C9,3,-22.888788,-43.436847
5139O00031C9,3,-22.890763,-43.438717
3102O00014C0,3,-22.795945,-43.198282
3102O00013C0,3,-22.796602,-43.201256
9b71,3,-22.899543,-43.211313
3105O00021C0,3,-22.855826,-43.233003
3105O00020C0,3,-22.857952,-43.233802
4129O00008C0,3,-22.97979,-43.409
4128O00237C0,3,-23.001022,-43.416225
4128O00224C0,3,-22.999341,-43.357856
5139O00070C9,3,-22.890526,-43.424733
2033O00190C0,3,-22.91684,-43.2179
5151O00225C0,3,-22.98437,-43.65939
5151O00224C9,3,-22.983645,-43.660812
5151O00220C9,3,-22.97798,-43.67163
5139O00045C9,3,-22.877993,-43.428319
3046O00052C1,3,-22.8285,-43.31041
5150O00095C9,3,-22.97056,-43.68771
5150O00094C9,3,-22.97258,-43.68285
5150O00093C9,3,-22.97186,-43.68422
5148O00031C9,3,-22.918418,-43.63902
5148O00030C9,3,-22.920115,-43.642396
5148O00029C9,3,-22.913958,-43.629359
5147O00087C9,3,-22.91397,-43.62141
5148O00015C9,3,-22.918256,-43.633712
5148O00014C9,3,-22.923285,-43.634595
5148O00013C9,3,-22.925821,-43.635042
5139O00075C9,3,-22.889453,-43.414481
5139O00074C9,3,-22.891066,-43.416187
5139O00073C9,3,-22.892542,-43.418748
5139O00071C9,3,-22.889783,-43.422213
5139O00030C9,3,-22.892677,-43.440533
5139O00029C0,3,-22.894091,-43.441889
5139O00028C9,3,-22.895444,-43.443137
5139O00027C9,3,-22.897642,-43.441722
5139O00026C9,3,-22.898166,-43.440612
2019O00008C0,3,-22.945657,-43.207678
4128O00204C0,3,-23.008258,-43.293101
5139O00103C0,3,-22.89353,-43.43348
5139O00102C9,3,-22.890433,-43.429707
2033O00248P0,3,-22.946307,-43.256828
5139O00100C9,3,-22.890458,-43.424903
5139O00145C0,3,-22.872467,-43.422768
3083O00001C0,3,-22.880465,-43.337339
3082OY0028C9,3,-22.87751,-43.31852
3050O00001C0,3,-22.870985,-43.25922
3049O00031C2,3,-22.810677,-43.329519
3049O00029C0,3,-22.810202,-43.329202
3051O00014C0,3,-22.890964,-43.258547
5148O00010C9,3,-22.914231,-43.629628
5150O00096C9,3,-22.96996,-43.69112
5147O00062C9,3,-22.896077,-43.612148
qhgq,3,-22.89085,-43.309453
qf2l,3,-22.942027,-43.332357
4116O00050C0,3,-22.943878,-43.333342
4116O00049C0,3,-22.944222,-43.334518
4116O00046C0,3,-22.946037,-43.336661
4115O00250C0,3,-22.973066,-43.373341
5152O00007C0,3,-23.014482,-43.542728
5152O00004C0,3,-23.02955,-43.563175
5139O00154C0,3,-22.868263,-43.423771
5139O00122C9,3,-22.874171,-43.429415
5147O00086C9,3,-22.915041,-43.627011
5152O00016C0,3,-23.012651,-43.541895
4116O00059C0,3,-22.94332,-43.331696
4119BC0052U2,3,-22.959817,-43.388471
4119BC0003U1,3,-22.9553,-43.37732
q4lp,3,-22.99898,-43.634622
pby1,3,-23.029739,-43.480209
5139O00185C9,3,-22.89056,-43.42151
5139O00184C9,3,-22.890325,-43.425923
4128O00130C0,3,-23.00813,-43.29665
2019O00025C0,3,-22.9404,-43.19802
3107O00027C0,3,-22.82465,-43.41161
3107O00054C0,3,-22.81974,-43.39261
ozul,3,-22.892359,-43.307497
3054O00008C0,3,-22.87193,-43.27676
5146O00053C9,3,-22.893295,-43.593717
5145O00029C9,3,-22.89639,-43.53597
otxw,3,-22.828081,-43.330538
4115O00198C0,3,-22.968357,-43.398165
4115O00197C0,3,-22.964655,-43.39547
4115O00194C0,3,-22.972924,-43.395984
4115O00192C0,3,-22.973001,-43.384766
4115O00191C0,3,-22.97301,-43.377018
4115O00190C0,3,-22.973098,-43.366979
2026O00057C0,3,-22.9796,-43.21824
5139O00199C9,3,-22.895116,-43.437342
5139O00198C9,3,-22.893673,-43.435615
5139O00197C0,3,-22.892028,-43.431519
5139O00196C9,3,-22.889129,-43.428259
5139O00193C9,3,-22.887574,-43.413233
5139O00192C9,3,-22.884623,-43.40678
2020O00108C0,3,-22.95701,-43.18934
2020O00050C0,3,-22.95124,-43.18231
5139O00151C9,3,-22.868422,-43.429951
5139O00150C9,3,-22.868077,-43.426916
5139O00146C0,3,-22.87421,-43.42639
5139O00190C9,3,-22.885924,-43.409436
4115O00204C0,3,-22.96778,-43.398326
4123BC0001U1,3,-22.91588,-43.36148
4122O00301P2,3,-22.923641,-43.374354
2026O00051C0,3,-22.97915,-43.22292
4115O00240C0,3,-22.97349,-43.33537
5150O00117C9,3,-22.979508,-43.681864
5145O00011C9,3,-22.89934,-43.53914
3056O00005C0,3,-22.870708,-43.300606
5144O00648C0,3,-22.912533,-43.533245
3107O00041C0,3,-22.82526,-43.39197
3107O00040C0,3,-22.82209,-43.39205
3107O00039C0,3,-22.82085,-43.39247
3108O00004C0,3,-22.83051,-43.39779
5139O00191C9,3,-22.886563,-43.411454
5139O00169C9,3,-22.868218,-43.425417
5139O00210C9,3,-22.8919,-43.41723
5139O00209C9,3,-22.89665,-43.442713
5139O00201C9,3,-22.887707,-43.435794
5139O00200C9,3,-22.891759,-43.43967
5151O00198C0,3,-23.001515,-43.540629
5151O00197C0,3,-22.998008,-43.542422
5151O00196C0,3,-22.99465,-43.54419
5151O00194C0,3,-22.99197,-43.54566
5151O00193C0,3,-22.98893,-43.55274
5139O00228C0,3,-22.891621,-43.444701
5145O00035C9,3,-22.90399,-43.5403
5145O00034C9,3,-22.90178,-43.5399
5145O00031C9,3,-22.89795,-43.53756
4115O00203C0,3,-22.96439,-43.394481
4115O00199C0,3,-22.965964,-43.396713
4124BC0001U1,3,-22.90469,-43.357
4115O00083C0,3,-22.973687,-43.411046
4115O00080C0,3,-22.972899,-43.39813
4115O00079C0,3,-22.97297,-43.3919
4115O00078C0,3,-22.973002,-43.387243
5139O00256C0,3,-22.873361,-43.424614
1014O00126C0,3,-22.920424,-43.184705
1014O00120C0,3,-22.927086,-43.192173
5151O00200C0,3,-23.005673,-43.540331
5151O00199C0,3,-23.00277,-43.54019
4115O00075C0,3,-22.973049,-43.370852
3056O00024C0,3,-22.86928,-43.30437
3056O00021C0,3,-22.869423,-43.306723
5151BO0002U1,3,-22.96869,-43.622
5144O00575C9,3,-22.910992,-43.547159
5144O00618C0,3,-22.910319,-43.560726
5144O00615C0,3,-22.913195,-43.557546
5151BO0006U1,3,-23.00952,-43.53988
2024O00122C0,3,-22.96603,-43.18415
4124BC0002U1,3,-22.89805,-43.35245
5144O00572C9,3,-22.916316,-43.53744
5151O00185C0,3,-22.989894,-43.577748
5151O00184C0,3,-22.991169,-43.579511
5151O00183C0,3,-22.99149,-43.57973
5151O00182C0,3,-22.993834,-43.582728
5151O00181C0,3,-22.99416,-43.58278
5151O00180C9,3,-22.995259,-43.584679
5151O00179C0,3,-22.99603,-43.587978
ecrb,3,-22.992941,-43.647872
e67d,3,-22.994792,-43.636309
5139O00226C0,3,-22.890876,-43.445558
1014O00216C0,3,-22.934761,-43.197425
1014O00213C0,3,-22.91239,-43.19232
1014O00066C0,3,-22.916791,-43.181623
1014O00063C0,3,-22.921671,-43.186035
ntef,3,-23.001576,-43.366391
nt65,3,-22.931792,-43.3318
4115O00032C0,3,-22.927818,-43.392008
2024O00123C0,3,-22.96493,-43.18197
3108O00026C0,3,-22.83695,-43.41271
3108O00025C0,3,-22.837124,-43.414435
3080O00008C0,3,-22.87661,-43.3186
5151O00192C0,3,-22.98792,-43.55512
5151O00190C0,3,-22.98795,-43.56202
4125O00004C0,3,-22.87836,-43.36964
5144O00574C9,3,-22.9124,-43.544972
5144O00573C9,3,-22.916225,-43.53905
5144O00552C9,3,-22.85703,-43.54164
5144O00551C9,3,-22.85505,-43.54245
5151O00042C0,3,-22.986575,-43.574135
5151O00041C0,3,-22.985176,-43.572114
5151O00039C0,3,-22.98739,-43.55926
5151O00038C0,3,-22.98883,-43.55272
8uft,3,-22.991993,-43.636622
8bnp,3,-22.991839,-43.63674
2020O00149C0,3,-22.958817,-43.191064
3107O00068C0,3,-22.827261,-43.392288
3107O00060C0,3,-22.83101,-43.40686
3108O00041C0,3,-22.83484,-43.39556
5151O00037C0,3,-22.989914,-43.550176
5151O00035C0,3,-22.990854,-43.547922
5151O00034C0,3,-22.991659,-43.546076
5151O00033C0,3,-22.99264,-43.54437
5151O00031C0,3,-22.99508,-43.54381
5144O00415C9,3,-22.896077,-43.56228
1007O00025C0,3,-22.91786,-43.20922
5144O00460C9,3,-22.898653,-43.565879
5144O00449C9,3,-22.893643,-43.584517
f1i2,3,-22.973294,-43.494093
eywx,3,-22.853596,-43.263205
ey2v,3,-22.899015,-43.211691
5151O00178C0,3,-22.996252,-43.589978
3108O00024C0,3,-22.8348,-43.41655
3108O00012C0,3,-22.831322,-43.419642
5144O00447C9,3,-22.892273,-43.582405
5144O00446C9,3,-22.890987,-43.579919
1007O00052C0,3,-22.91777,-43.21018
4125O00003C0,3,-22.87997,-43.37007
4125O00002C0,3,-22.8818,-43.37091
4125O00001C0,3,-22.884747,-43.373722
4115BC0243U2,3,-22.96745,-43.390541
4125O00025C0,3,-22.88302,-43.36758
5144O00426C0,3,-22.902398,-43.561559
3062O00012C0,3,-22.911682,-43.285809
3077O00038C2,3,-22.843267,-43.335808
1014O00059C0,3,-22.928069,-43.193748
1014O00052C0,3,-22.918984,-43.183097
1014O00005C0,3,-22.91804,-43.18387
5140O00051C0,3,-22.86227,-43.45246
1014O00038C0,3,-22.924072,-43.187366
1014O00037C0,3,-22.92497,-43.18976
1014O00036C0,3,-22.92753,-43.19334
1014O00035C0,3,-22.930036,-43.195481
3062O00006C0,3,-22.91102,-43.2871
mts8,3,-23.001571,-43.365648
5144O00444C9,3,-22.889483,-43.579589
5144O00442C9,3,-22.887788,-43.579412
m76j,3,-22.911069,-43.658943
3062O00074C0,3,-22.909928,-43.2909
1007O00055C0,3,-22.92968,-43.20926
1007O00054C0,3,-22.92744,-43.20962
1007O00053C0,3,-22.92396,-43.20983
3076O00110C0,3,-22.845806,-43.321013
3076O00085C0,3,-22.824464,-43.329353
3108O00049C0,3,-22.83623,-43.41129
2024O00001C0,3,-22.96929,-43.18998
2022O00023C0,3,-22.95325,-43.16811
5144O00329C9,3,-22.908978,-43.53587
5144O00327C0,3,-22.91126,-43.53819
1007O00070C0,3,-22.92588,-43.20972
1007O00068C0,3,-22.920919,-43.209982
4115BC0005U1,3,-22.94827,-43.37237
4115BC0004U1,3,-22.95221,-43.37453
4115BC0002U0,3,-22.95865,-43.38341
3zfv,3,-22.992415,-43.643057
1007O00059C0,3,-22.92773,-43.2093
1007O00058C0,3,-22.92961,-43.20896
1007O00057C0,3,-22.931356,-43.208737
1007O00056C0,3,-22.93156,-43.20922
3063O00025C0,3,-22.90044,-43.28072
3063O00021C1,3,-22.901773,-43.278202
3063O00057C0,3,-22.906474,-43.288033
3063O00049C0,3,-22.899656,-43.278906
3063O00042C0,3,-22.90541,-43.28855
3063O00041C0,3,-22.90815,-43.28713
3063O00038C0,3,-22.9037,-43.29018
2022O00008C0,3,-22.94513,-43.161
2022O00007C0,3,-22.94682,-43.16211
1014O00010C0,3,-22.91427,-43.18182
1014O00007C0,3,-22.91611,-43.18416
1014O00006C0,3,-22.91722,-43.18449
2035O00061C0,3,-22.91586,-43.2226
3076O00112C0,3,-22.849249,-43.318988
3076O00111C0,3,-22.847483,-43.319996
3076O00046C9,3,-22.85195,-43.33299
3076O00045C9,3,-22.85049,-43.33205
3076O00040C0,3,-22.825308,-43.332262
5141O00080C0,3,-22.866129,-43.477675
2022O00002C0,3,-22.954248,-43.168539
2022O00001C0,3,-22.95299,-43.17244
2022O00019C0,3,-22.95303,-43.1717
2022O00018C0,3,-22.95391,-43.16889
2022O00016C0,3,-22.95198,-43.16856
2022O00014C0,3,-22.94847,-43.16593
2022O00013C0,3,-22.94802,-43.16418
2022O00011C0,3,-22.94517,-43.16332
1005O00370C1,3,-22.901944,-43.182203
1005O00369C2,3,-22.902674,-43.18239
1007O00060C0,3,-22.92582,-43.20942
1005O00214C0,3,-22.91362,-43.1907
1005O00212C0,3,-22.9106,-43.19392
1005O00211C0,3,-22.90859,-43.19501
5144O00294C9,3,-22.85259,-43.54364
3109O00021C0,3,-22.83489,-43.39474
3109O00020C0,3,-22.829386,-43.392336
3075O00005C2,3,-22.832544,-43.30897
3076O00025C9,3,-22.82481,-43.332599
2036O00085C0,3,-22.918438,-43.254055
2035O00095C0,3,-22.91168,-43.218765
2035O00094C0,3,-22.910634,-43.220078
5141O00058C9,3,-22.880212,-43.463576
5141O00057C9,3,-22.88165,-43.463553
2035O00092C0,3,-22.913561,-43.219673
5151O00048C0,3,-22.99465,-43.58369
5151O00047C0,3,-22.99236,-43.58109
5151O00046C0,3,-22.98994,-43.57798
5151O00043C0,3,-22.987824,-43.575887
1005O00222C0,3,-22.90925,-43.1935
1005O00218C0,3,-22.91051,-43.172587
1005O00215C0,3,-22.9148,-43.18904
5151O00324C9,3,-22.98288,-43.66209
5151O00322C0,3,-22.985215,-43.572003
3075O00013C1,3,-22.832219,-43.3156
3075O00012C1,3,-22.832831,-43.310335
3075O00011C2,3,-22.832968,-43.310225
3075O00010C2,3,-22.832745,-43.311892
3075O00008C1,3,-22.8327,-43.30918
3108O00048C0,3,-22.83531,-43.40908
3109O00033C0,3,-22.83952,-43.39862
3109O00032C0,3,-22.843278,-43.397868
7wme,3,-22.870754,-43.456849
3109O00022C0,3,-22.83136,-43.39589
5141O00108C0,3,-22.8671,-43.47904
5141O00107C0,3,-22.86439,-43.47494
5141O00106C9,3,-22.864062,-43.47272
5141O00159C0,3,-22.86194,-43.45924
5141O00158C9,3,-22.862165,-43.457428
5141O00157C9,3,-22.862309,-43.455002
5141O00133C0,3,-22.87404,-43.47633
5141O00102C9,3,-22.862464,-43.465925
5141O00101C9,3,-22.859543,-43.465502
5141O00098C0,3,-22.883128,-43.468789
fevs,3,-22.912336,-43.679322
5151O00321C0,3,-22.986086,-43.573212
5151O00320C0,3,-22.98767,-43.57546
5151O00319C0,3,-22.993,-43.58156
5144O00259C9,3,-22.884636,-43.579696
5144O00258C9,3,-22.882537,-43.580371
5144O00257C9,3,-22.884244,-43.569327
5144O00256C9,3,-22.883497,-43.567393
5144O00255C9,3,-22.883954,-43.565638
5144O00254C0,3,-22.88408,-43.5641
3064O00016C0,3,-22.896732,-43.287087
5144O00214C9,3,-22.906177,-43.554861
gvwr,3,-22.915902,-43.378862
glxv,3,-22.898973,-43.212002
5141O00130C0,3,-22.87407,-43.46937
5141O00113C0,3,-22.87644,-43.46967
5141O00112C0,3,-22.87828,-43.46968
5141O00111C0,3,-22.867808,-43.477604
3064O00004C0,3,-22.891055,-43.287565
3063O00083P0,3,-22.901989,-43.27537
5144O00260C9,3,-22.886398,-43.579321
5151O00325C9,3,-22.98677,-43.6544
3157O00002C0,3,-22.867768,-43.241299
5144O00197C9,3,-22.92012,-43.55133
5151O00318C0,3,-22.9963,-43.58965
5151O00317C0,3,-22.99452,-43.59301
3155O00007C0,3,-22.889324,-43.256938
5141O00203C0,3,-22.86987,-43.47761
5141O00131C0,3,-22.87407,-43.4724
hi33,3,-22.897799,-43.20251
2027O00083C0,3,-22.973779,-43.20594
2027O00082C0,3,-22.97311,-43.202
1005O00170C0,3,-22.901611,-43.179679
3114O00114C1,3,-22.804936,-43.363332
24jl,3,-23.034433,-43.562153
5144O00212C9,3,-22.909,-43.550344
5144O00211C9,3,-22.910225,-43.54844
5144O00210C9,3,-22.913225,-43.543668
5144O00209C9,3,-22.914115,-43.542145
5144O00207C9,3,-22.916755,-43.533778
2022O00006C0,3,-22.94838,-43.16443
2022O00005C0,3,-22.94927,-43.1662
2022O00003C0,3,-22.95266,-43.16746
5141O00192C0,3,-22.8732,-43.46379
5141O00235C0,3,-22.86644,-43.47747
5141O00161C9,3,-22.86365,-43.46268
5141O00160C9,3,-22.861928,-43.46056
5144O00203C9,3,-22.92518,-43.51886
3064O00019C0,3,-22.888389,-43.287892
2mms,3,-22.925295,-43.235482
2ghw,3,-23.001565,-43.365441
28m0,3,-22.904961,-43.207684
3114O00070C0,3,-22.82041,-43.36273
5w1w,3,-22.82922,-43.345394
5rbo,3,-22.964337,-43.177476
5qmc,3,-23.006802,-43.285106
1005O00223C0,3,-22.90773,-43.19399
5151O00117C0,3,-22.9831,-43.64825
5151O00116C0,3,-22.98209,-43.6482
5151O00113C0,3,-22.972501,-43.648028
5141O00290C0,3,-22.88028,-43.46641
2023O00008C0,3,-22.96169,-43.16611
2022O00025C0,3,-22.95068,-43.16777
3109O00027C0,3,-22.831374,-43.392023
3109O00037C0,3,-22.834242,-43.392109
3109O00035C0,3,-22.83783,-43.39746
3114O00090C0,3,-22.806076,-43.363787
3114O00072C0,3,-22.819117,-43.357592
3114O00071C0,3,-22.81968,-43.35959
3114O00001C0,3,-22.804985,-43.364673
le9b,3,-22.870242,-43.433138
l0et,3,-22.894863,-43.30383
5144O00213C9,3,-22.90749,-43.55275
2024O00024C0,3,-22.973048,-43.192355
2024O00022C0,3,-22.9676,-43.18724
4128BC0004X1,3,-22.97319,-43.38234
4128BC0003U2,3,-22.98396,-43.36576
5141O00234C9,3,-22.868422,-43.47749
3066O00002C9,3,-22.89542,-43.29709
3114O00094C0,3,-22.805154,-43.361921
3067O00007C0,3,-22.90591,-43.30901
5144O00114C9,3,-22.91216,-43.54557
3066O00013C0,3,-22.90317,-43.29788
3113O00021C0,3,-22.8213,-43.366042
3113O00018C0,3,-22.821771,-43.367458
3113O00017C0,3,-22.822609,-43.369299
3114O00043C0,3,-22.8053,-43.36312
2024O00025C0,3,-22.97528,-43.19346
3113O00016C0,3,-22.82595,-43.36759
3113O00015C0,3,-22.82843,-43.36619
3112O00014C0,3,-22.844137,-43.361952
3112O00010C0,3,-22.84198,-43.36188
2027O00086C0,3,-22.96496,-43.20352
5141O00314C9,3,-22.884422,-43.468793
5142O00035C0,3,-22.89546,-43.48628
5141O00278C0,3,-22.86894,-43.48313
5141O00277C0,3,-22.87913,-43.4689
3071O00035C0,3,-22.878649,-43.295614
3071O00034C0,3,-22.87193,-43.29839
4128BO0014U1,3,-23.00022,-43.3466
4128BO0013U1,3,-23.00011,-43.35249
4128BO0011U1,3,-23.00002,-43.3613
3066O00033C0,3,-22.88629,-43.28781
j6wi,3,-22.994763,-43.63615
2038O00078C0,3,-22.922968,-43.264453
3068O00004C0,3,-22.89385,-43.30385
3068O00003C0,3,-22.89259,-43.30325
5144O00044C2,3,-22.90172,-43.55816
5142O00053C9,3,-22.890545,-43.482548
5142O00050C9,3,-22.89334,-43.484735
5151O00309C0,3,-22.989994,-43.550222
5151O00308C0,3,-22.987971,-43.55533
2027O00084C0,3,-22.97164,-43.207617
5141O00313C9,3,-22.864725,-43.463426
3066O00064C0,3,-22.900958,-43.30123
3066O00061C0,3,-22.895439,-43.300883
3066O00056C0,3,-22.89609,-43.289486
3066O00055C0,3,-22.895238,-43.294372
jx4h,3,-22.925417,-43.517436
1007O00074C0,3,-22.928348,-43.203432
5144O00118C9,3,-22.910267,-43.562146
4128BO0019P1,3,-23.00675,-43.31246
4128BO0018U1,3,-23.00336,-43.32396
4128BO0017U1,3,-23.00132,-43.3291
5151O00303C0,3,-22.987674,-43.560933
5151O00302C0,3,-22.986983,-43.557209
5151O00301C0,3,-23.007699,-43.540415
3071O00012C0,3,-22.88023,-43.29444
3071O00011C0,3,-22.87757,-43.29643
5142O00022C9,3,-22.892026,-43.484959
5142O00021C9,3,-22.893864,-43.484528
4128BO0016U1,3,-23.000615,-43.335158
4128BO0015U1,3,-23.0003,-43.3421
5151O00311C0,3,-23.000138,-43.541326
3069O00024C0,3,-22.903044,-43.314913
3069O00023C0,3,-22.901578,-43.314398
3069O00056C0,3,-22.897637,-43.31268
2038O00065C0,3,-22.92476,-43.25901
imu9,3,-22.899991,-43.202346
1005O00263P0,3,-22.904988,-43.192317
1005O00262C0,3,-22.908248,-43.170956
3110O00030C0,3,-22.828791,-43.353941
3110O00021C0,3,-22.826474,-43.349138
2027O00100C0,3,-22.976836,-43.196288
5151O00307C0,3,-22.987388,-43.556955
5151O00306C0,3,-22.98561,-43.566863
5151O00305C0,3,-22.985309,-43.56714
5151O00304C0,3,-22.987071,-43.563659
3071O00010C0,3,-22.87621,-43.29703
3071O00009C0,3,-22.87431,-43.29728
2038O00062C0,3,-22.92639,-43.2599
3068O00002C0,3,-22.89079,-43.30325
3068O00001C0,3,-22.889869,-43.302077
3067O00011C0,3,-22.904676,-43.304503
3067O00010C0,3,-22.90462,-43.30547
3067O00008C0,3,-22.90526,-43.30724
3070O00004C0,3,-22.88835,-43.29783
3070O00003C0,3,-22.88715,-43.29698
5142O00068C9,3,-22.89321,-43.48468
5142O00067C0,3,-22.894427,-43.484602
5142O00054C9,3,-22.891212,-43.483839
5142O00079C9,3,-22.894112,-43.484546
5144O00001C0,3,-22.90602,-43.56249
1005O00258C0,3,-22.9088,-43.18051
1005O00255C0,3,-22.91239,-43.17652
1010O00034C0,3,-22.90757,-43.21843
5142O00078C9,3,-22.890585,-43.482435
5142O00077C9,3,-22.891472,-43.48415
weqe,3,-22.854156,-43.391272
3092O00002C0,3,-22.82035,-43.17762
3092O00001C0,3,-22.82204,-43.17705
3091O00004C0,3,-22.82369,-43.17484
3042O00062C9,3,-22.85515,-43.26957
zsjz,3,-22.853863,-43.38431
3042O00102C0,3,-22.854221,-43.270771
3042O00101C0,3,-22.853251,-43.272004
4122BC0001U1,3,-22.94064,-43.37251
4122BC0003U1,3,-22.93522,-43.37181
4122O00087C0,3,-22.922792,-43.37842
4122O00067C0,3,-22.91994,-43.37242
3042O00063C9,3,-22.85675,-43.26748
1004O00014C0,3,-22.88343,-43.22595
1003O00017C0,3,-22.901242,-43.206571
071g,2,-22.839544,-43.239374
x7e3,2,-22.854038,-43.383881
1003O00067C2,2,-22.894509,-43.197401
4122O00131C0,2,-22.91736,-43.39065
4122O00121C0,2,-22.915409,-43.377297
4132O00110C0,2,-23.019145,-43.459283
3090O00058C0,2,-22.85525,-43.362968
3090O00057C0,2,-22.856491,-43.363668
3090O00055C0,2,-22.85967,-43.36543
4132O00079C0,2,-23.00102,-43.45343
5151O00291C0,2,-23.02422,-43.548839
3042O00077C0,2,-22.85277,-43.26956
1002O00013C0,2,-22.89538,-43.18789
4122BL0001U2,2,-22.91562,-43.39807
4122O00119C0,2,-22.911046,-43.378125
4122O00118C0,2,-22.909088,-43.37862
4122O00113C0,2,-22.91729,-43.41255
4122O00107C0,2,-22.91507,-43.384415
3043O00029C0,2,-22.84381,-43.280139
3070O00011C0,2,-22.88436,-43.29998
5142O00047C0,2,-22.874384,-43.484984
3069O00064C0,2,-22.895723,-43.312725
3069O00063C0,2,-22.894679,-43.312234
3069O00018C0,2,-22.89082,-43.31046
3069O00017C9,2,-22.889254,-43.31127
4128BC0005U1,2,-22.97328,-43.3935
3069O00048C0,2,-22.89822,-43.30849
3069O00065C0,2,-22.895595,-43.312536
5144BM0001U1,2,-22.90172,-43.5548
5143O00034C0,2,-22.87867,-43.51178
2038O00094C0,2,-22.920333,-43.266117
2038O00093C0,2,-22.924822,-43.262468
2038O00092C0,2,-22.925886,-43.262217
2038O00090C0,2,-22.927083,-43.260664
2038O00088C0,2,-22.924797,-43.261727
3069O00038C0,2,-22.89072,-43.31027
3069O00019C0,2,-22.894052,-43.311725
3069O00062C0,2,-22.893085,-43.311511
3069O00061C0,2,-22.892306,-43.310998
3069O00057C9,2,-22.898274,-43.310537
1005O00266T0,2,-22.905313,-43.174898
2038O00061C0,2,-22.92685,-43.25899
2038O00060C0,2,-22.926977,-43.260913
2038O00059C0,2,-22.92541,-43.26229
2038O00058C0,2,-22.92486,-43.262205
2038O00056C0,2,-22.92589,-43.26463
2038O00055C0,2,-22.92618,-43.26474
2038O00054C0,2,-22.919542,-43.267432
2038O00053C0,2,-22.91861,-43.26516
3069O00049C0,2,-22.89695,-43.30823
3070O00012C0,2,-22.885719,-43.30051
i1wv,2,-22.842174,-43.349276
hnwc,2,-22.916195,-43.355909
5142O00029C0,2,-22.872807,-43.495084
5142O00028C0,2,-22.872513,-43.498281
5142O00027C0,2,-22.87363,-43.50235
5142O00026C0,2,-22.87195,-43.50565
5142O00025C9,2,-22.869697,-43.508367
4128BO0016U2,2,-23.00052,-43.33515
4128BO0015U2,2,-23.00021,-43.34202
4128BO0014U2,2,-23.00011,-43.34654
5151O00310C0,2,-22.990874,-43.54832
3069O00016C9,2,-22.88878,-43.31292
jtgy,2,-22.938712,-43.694924
3069O00043C0,2,-22.87998,-43.3121
3069O00042C0,2,-22.878902,-43.310701
3069O00041C0,2,-22.87751,-43.30938
2028O00016C0,2,-22.965326,-43.22254
2027O00085C0,2,-22.969278,-43.205277
5141O00258C0,2,-22.89088,-43.454784
5141O00305C0,2,-22.885244,-43.460452
5141O00292C0,2,-22.875013,-43.456653
5141O00291C0,2,-22.875171,-43.458971
3071O00031C0,2,-22.88277,-43.29912
3072O00008C0,2,-22.85536,-43.30741
3066O00063C9,2,-22.903741,-43.300861
k23j,2,-22.917128,-43.387288
4128BC0004X2,2,-22.97328,-43.38234
4128BO0176U2,2,-23.000013,-43.352481
4128BO0018U2,2,-23.00327,-43.3239
4128BO0017U2,2,-23.00124,-43.32906
5151O00299C0,2,-23.009884,-43.54106
icx4,2,-22.833498,-43.365262
5142O00034C0,2,-22.87449,-43.48498
5142O00033C0,2,-22.871644,-43.488255
5142O00031C0,2,-22.87147,-43.49064
5142O00030C0,2,-22.87164,-43.49214
2038O00052C0,2,-22.91977,-43.26471
2038O00051C0,2,-22.92039,-43.26792
2038O00050C0,2,-22.9212,-43.2674
744o,2,-22.911266,-43.271429
73oj,2,-22.927491,-43.694349
4128BC0005U2,2,-22.97316,-43.39352
2154O00013C0,2,-22.987873,-43.247742
3066O00032C0,2,-22.886572,-43.285418
jnxn,2,-22.965222,-43.647622
1010BB0128P2,2,-22.898422,-43.211546
5142O00049C0,2,-22.87353,-43.48767
5142O00048C0,2,-22.87441,-43.48719
2154O00004C0,2,-22.985763,-43.243387
2154O00003C0,2,-22.98638,-43.24546
2024O00083S0,2,-22.985066,-43.19019
5144O00116C9,2,-22.907029,-43.541848
5144O00115C9,2,-22.908517,-43.543169
3066O00015C0,2,-22.90347,-43.30016
3066O00014C0,2,-22.90277,-43.29933
2154O00021C0,2,-22.987827,-43.246514
2154O00019C0,2,-22.986395,-43.24775
2154O00018C0,2,-22.990563,-43.252328
2154O00016C0,2,-22.987194,-43.246537
697y,2,-22.82705,-43.401502
3111O00008C1,2,-22.827896,-43.343326
5142O00006C0,2,-22.89378,-43.48361
5142O00005C0,2,-22.89261,-43.48154
5141O00316C9,2,-22.890136,-43.454646
2038O00046C0,2,-22.92363,-43.26629
2038O00045C0,2,-22.92469,-43.26578
2038O00044C0,2,-22.9256,-43.26549
1010O00082C0,2,-22.90233,-43.2125
1010O00065C0,2,-22.90694,-43.21579
5141O00259C0,2,-22.8862,-43.47387
3073O00044C0,2,-22.859276,-43.322174
3073O00014C0,2,-22.853299,-43.316342
3073O00003C0,2,-22.853421,-43.317933
3072O00016C2,2,-22.8514,-43.30897
3072O00015C2,2,-22.85313,-43.30816
3072O00014C2,2,-22.856811,-43.308274
4128BC0001U2,2,-22.99461,-43.36593
2154O00012C0,2,-22.988583,-43.249016
2154O00009C0,2,-22.989476,-43.252177
2154O00007C0,2,-22.98784,-43.24509
5bt4,2,-23.001338,-43.366323
3114O00021C1,2,-22.804521,-43.362193
5141O00230C0,2,-22.857711,-43.472901
5141O00289C0,2,-22.885007,-43.463361
5141O00288C9,2,-22.893432,-43.454824
5141O00287C0,2,-22.89369,-43.47344
2028O00020C0,2,-22.96618,-43.22975
2028O00019C0,2,-22.96562,-43.2287
5144O00186C9,2,-22.88452,-43.572013
5144O00185C9,2,-22.88376,-43.57405
2024O00023C0,2,-22.96828,-43.18842
4128BC0004U2,2,-22.97327,-43.38322
4128BC0002U2,2,-22.98903,-43.36584
2038O00049C0,2,-22.92136,-43.26745
2038O00048C0,2,-22.92256,-43.26678
2038O00047C0,2,-22.92293,-43.26674
5144O00206C9,2,-22.920794,-43.528127
5144O00205C9,2,-22.922378,-43.526514
2028O00018C0,2,-22.965436,-43.226325
2028O00017C0,2,-22.965599,-43.224548
5141O00195C0,2,-22.87505,-43.45896
5141O00253C9,2,-22.87584,-43.46362
5141O00174C0,2,-22.88557,-43.45666
5141O00173C9,2,-22.885338,-43.459394
5141O00172C0,2,-22.885375,-43.461007
5141O00171C0,2,-22.885145,-43.463242
5141O00229C0,2,-22.85363,-43.48921
5144O00204C9,2,-22.924033,-43.522671
5144O00202C9,2,-22.92438,-43.514616
2aq2,2,-22.85477,-43.492762
29ok,2,-22.912656,-43.388781
2024O00082C0,2,-22.97773,-43.19181
5141O00227C0,2,-22.85268,-43.48391
5141O00226C0,2,-22.85029,-43.485467
5141O00225C0,2,-22.84845,-43.48761
5141O00208C9,2,-22.862039,-43.460317
5141O00207C9,2,-22.863524,-43.462405
5141O00206C9,2,-22.865081,-43.463524
5141O00196C0,2,-22.87509,-43.46078
5141O00132C0,2,-22.874104,-43.474539
3074O00029C2,2,-22.84097,-43.31536
2037O00035C0,2,-22.92394,-43.2507
2037O00033C0,2,-22.922819,-43.248456
hgnz,2,-22.838848,-43.350086
55y4,2,-22.935792,-43.680702
2027O00040C0,2,-22.976973,-43.196361
3114O00110C1,2,-22.804402,-43.363139
2154O00026C0,2,-22.989352,-43.251247
5141O00180C9,2,-22.861438,-43.472383
5141O00178C0,2,-22.872915,-43.468969
5141O00176C0,2,-22.88859,-43.454481
5141O00175C9,2,-22.887064,-43.455222
5141O00087C0,2,-22.87413,-43.48212
5141O00124C9,2,-22.862417,-43.456192
5141O00123C9,2,-22.8623,-43.457272
5141O00116C0,2,-22.87066,-43.46384
3063O00065P0,2,-22.90181,-43.27529
5162O00023C9,2,-22.853602,-43.487926
5162O00015C9,2,-22.854342,-43.492465
5162O00014C0,2,-22.85279,-43.48387
5144O00195C9,2,-22.915266,-43.553323
4126O00078C0,2,-23.00943,-43.294908
3155O00008C0,2,-22.88811,-43.253369
5141O00228C0,2,-22.85312,-43.48667
5141O00089C0,2,-22.87418,-43.47707
5141O00088C0,2,-22.87414,-43.47987
2028O00014C0,2,-22.9642,-43.22139
2028O00013C0,2,-22.9648,-43.21971
5141O00135C0,2,-22.87401,-43.48107
5141O00134C0,2,-22.87402,-43.47847
5141O00097C0,2,-22.87511,-43.4562
5141O00096C0,2,-22.875235,-43.462511
fdoh,2,-22.827049,-43.409971
5144O00249C9,2,-22.868554,-43.561076
5144O00240C9,2,-22.882647,-43.580222
5144O00239C9,2,-22.884297,-43.579709
5144O00238C9,2,-22.886271,-43.57919
3063O00028C0,2,-22.897152,-43.272634
5141O00182C0,2,-22.857771,-43.472047
5141O00181C9,2,-22.859193,-43.472286
5144O00292C9,2,-22.85056,-43.5434
3109O00007C0,2,-22.83584,-43.39264
5141O00077C0,2,-22.885277,-43.461404
5141O00076C0,2,-22.88522,-43.45941
5141O00075C0,2,-22.88527,-43.456858
3076O00062C9,2,-22.85081,-43.32434
5141O00083C9,2,-22.86482,-43.4662
5144O00291C9,2,-22.85245,-43.54343
5144O00290C9,2,-22.85508,-43.54231
5144O00289C9,2,-22.85678,-43.54155
5144O00286C9,2,-22.919931,-43.529244
5151O00073C0,2,-23.024834,-43.555444
5162O00012C0,2,-22.853901,-43.489748
5162O00011C9,2,-22.85437,-43.49213
5141O00091C0,2,-22.87457,-43.47209
5141O00090C0,2,-22.87418,-43.47572
3076O00116C2,2,-22.8417,-43.31849
3076O00115C2,2,-22.8424,-43.32092
3076O00114C2,2,-22.844034,-43.322854
3076O00110C2,2,-22.85123,-43.32847
5141O00082C9,2,-22.862423,-43.472484
5141O00081C0,2,-22.86467,-43.47523
5141O00079C0,2,-22.86825,-43.48015
2022O00020C0,2,-22.95229,-43.17322
3063O00035C0,2,-22.90015,-43.2745
1005O00372C1,2,-22.901438,-43.18065
4115BC0006P2,2,-22.972006,-43.400998
5144O00250C9,2,-22.869987,-43.559945
5144O00274C9,2,-22.905284,-43.576533
5144O00306C9,2,-22.86813,-43.56107
5144O00305C9,2,-22.86994,-43.55981
5144O00304C0,2,-22.872,-43.55981
1007O00072C0,2,-22.92432,-43.20941
5144O00350C9,2,-22.883621,-43.567428
5144O00349C9,2,-22.884252,-43.569111
5144O00345C9,2,-22.90997,-43.54479
4115BC0002U2,2,-22.97336,-43.37666
4115BC0001U2,2,-22.97341,-43.36561
3ulw,2,-22.939027,-43.692305
4125O00054C0,2,-22.886288,-43.36507
4125O00053C0,2,-22.888305,-43.362978
3062O00022C0,2,-22.91028,-43.28355
3063O00046C0,2,-22.903382,-43.290918
3063O00045C0,2,-22.900769,-43.290262
2022O00010C0,2,-22.94336,-43.16164
1012O00028C0,2,-22.8959,-43.24367
3076O00066C1,2,-22.85077,-43.3304
3076O00063C9,2,-22.85404,-43.3243
5144O00389C0,2,-22.874287,-43.579728
5144O00388C0,2,-22.87663,-43.57456
3063O00016C0,2,-22.901345,-43.276066
lzst,2,-22.835658,-43.363836
2035O00093C0,2,-22.912351,-43.221392
3076O00101C0,2,-22.852539,-43.333512
5140O00112C2,2,-22.870423,-43.443985
3108O00050C0,2,-22.836744,-43.412643
3079O00028C0,2,-22.878577,-43.315083
5140O00111C2,2,-22.870246,-43.44709
5140O00107C9,2,-22.863801,-43.450337
5140O00106C9,2,-22.862387,-43.45333
5140O00101C0,2,-22.870347,-43.449149
5140O00100C0,2,-22.871718,-43.448173
5140O00099C0,2,-22.874899,-43.451262
5144O00335C9,2,-22.88077,-43.56349
5144O00445C9,2,-22.890554,-43.57966
5144O00443C9,2,-22.889396,-43.579438
5144O00344C9,2,-22.908511,-43.543421
5144O00343C9,2,-22.906911,-43.541964
5144O00342C9,2,-22.901173,-43.573531
5144O00341C9,2,-22.880409,-43.580919
5144O00340C9,2,-22.878178,-43.582114
5144O00339C9,2,-22.876404,-43.582763
5144O00338C9,2,-22.875051,-43.581226
5144O00337C9,2,-22.874707,-43.560837
5144O00336C9,2,-22.877831,-43.562819
5144O00406C0,2,-22.874854,-43.576511
5144O00403C0,2,-22.92957,-43.58832
5144O00402C9,2,-22.92017,-43.5471
5144O00401C9,2,-22.92224,-43.54081
5144O00399C1,2,-22.93816,-43.56844
5144O00386C0,2,-22.879459,-43.573448
5144O00385C0,2,-22.88307,-43.570716
5144O00384C0,2,-22.844798,-43.51854
5144O00367C0,2,-22.884496,-43.561176
3062O00021C0,2,-22.908944,-43.280221
3062O00013C0,2,-22.90998,-43.28609
3076O00138C0,2,-22.830504,-43.329796
3076O00137C0,2,-22.828163,-43.330615
3076O00136C0,2,-22.82665,-43.329646
3076O00134C0,2,-22.853047,-43.324861
2035O00062C0,2,-22.913973,-43.224796
5140O00047C9,2,-22.86366,-43.45022
5140O00090C0,2,-22.8882,-43.454335
nlz7,2,-22.923427,-43.69507
nj6d,2,-22.936781,-43.667401
mi2o,2,-22.981928,-43.698359
5144O00475C0,2,-22.904893,-43.556172
5144O00474C0,2,-22.903088,-43.551556
5144O00473C0,2,-22.904038,-43.55413
5144O00465C0,2,-22.902202,-43.569853
5144O00464C0,2,-22.901581,-43.571049
1007O00043C0,2,-22.92261,-43.21113
5144O00441C9,2,-22.888066,-43.57931
5144O00438C9,2,-22.900258,-43.566991
5144O00430C0,2,-22.848365,-43.544398
4125O00046C0,2,-22.88479,-43.36655
4115BL0006U1,2,-22.92796,-43.39593
4115BL0005U1,2,-22.94106,-43.39459
4115BL0004U1,2,-22.94776,-43.39182
4115BL0003U1,2,-22.9632,-43.39368
4115BL0002U1,2,-22.96675,-43.39698
4115BL0001X2,2,-22.97036,-43.4004
5144O00538C9,2,-22.910032,-43.544653
5144O00526C0,2,-22.873853,-43.578323
5144O00523C9,2,-22.887414,-43.56055
5144O00419C0,2,-22.92428,-43.54726
3061O00035C0,2,-22.909634,-43.27263
3061O00034C0,2,-22.909397,-43.270577
3079O00022C9,2,-22.888795,-43.314225
3079O00018C9,2,-22.889556,-43.31758
f3io,2,-22.914614,-43.345945
eqfv,2,-22.829258,-43.410107
elyv,2,-22.971714,-43.33331
3079O00016C0,2,-22.879618,-43.314056
5151O00175C9,2,-22.966474,-43.644283
5140O00074C0,2,-22.893712,-43.45372
3108O00014C0,2,-22.828796,-43.419525
3108O00011C0,2,-22.83466,-43.41648
4124O00039C0,2,-22.897234,-43.354252
4124O00038C0,2,-22.89223,-43.35721
1005O00367C2,2,-22.902005,-43.180841
1005O00364C0,2,-22.908115,-43.170819
1005O00360C2,2,-22.90507,-43.17617
3108O00010C0,2,-22.83613,-43.41515
3108O00008C0,2,-22.83604,-43.41098
8pwq,2,-22.965412,-43.647622
5140O00065C9,2,-22.866853,-43.445908
5140O00064C9,2,-22.86493,-43.448643
5140O00063C0,2,-22.86246,-43.452399
5140O00055C0,2,-22.874952,-43.453149
2020O00156C0,2,-22.942227,-43.179984
2020O00141C0,2,-22.951498,-43.184021
3107O00066C0,2,-22.825685,-43.416076
5144O00539C9,2,-22.911925,-43.545145
5144O00545C9,2,-22.91322,-43.5457
3059O00011C0,2,-22.90062,-43.25634
3059O00009C0,2,-22.89669,-43.256713
3059O00008C0,2,-22.89811,-43.256638
5144O00521C9,2,-22.902681,-43.574319
5144O00518C0,2,-22.884381,-43.561469
5144O00489C1,2,-22.932751,-43.567841
3040O00036C0,2,-22.86785,-43.254
3040O00035C9,2,-22.86719,-43.25178
5144O00488C1,2,-22.928831,-43.567496
5144O00556C9,2,-22.85443,-43.5427
5144O00550C9,2,-22.85069,-43.54349
5144O00548C9,2,-22.914295,-43.549128
5144O00547C9,2,-22.914647,-43.552118
4124O00061C0,2,-22.893098,-43.356194
4124O00043C0,2,-22.89443,-43.3559
4115O00027C0,2,-22.971876,-43.334189
4125O00023C0,2,-22.88944,-43.3617
4125O00020C0,2,-22.88487,-43.36687
1005O00140C0,2,-22.899467,-43.187639
3080O00015C0,2,-22.876189,-43.316311
3080O00014C0,2,-22.87503,-43.30877
3080O00013C0,2,-22.8705,-43.30983
3080O00007C0,2,-22.874366,-43.315263
3080O00006C0,2,-22.87382,-43.314208
5140O00031C0,2,-22.875054,-43.451174
5140O00029C0,2,-22.88717,-43.454811
5140O00028C0,2,-22.890245,-43.45444
5140O00026C0,2,-22.893639,-43.453633
1014O00092C0,2,-22.917399,-43.177216
4125O00013C0,2,-22.89059,-43.35986
5144O00546C9,2,-22.914275,-43.548355
5144O00571C9,2,-22.918082,-43.531434
5144O00565C9,2,-22.873005,-43.56003
5144O00561C9,2,-22.871774,-43.559925
o25h,2,-22.853915,-43.38417
nvbc,2,-23.001567,-43.365937
5139O00269C2,2,-22.871018,-43.433737
5139O00268C2,2,-22.870858,-43.436526
nuly,2,-22.914976,-43.177986
nphp,2,-22.827056,-43.409892
3059L00013C0,2,-22.895092,-43.256003
5151O00013C9,2,-22.959807,-43.611408
5151O00012C9,2,-22.956007,-43.610362
5144O00601C9,2,-22.884206,-43.564077
5144O00589C0,2,-22.919975,-43.54417
4115O00036C0,2,-22.93041,-43.390347
4115O00033C0,2,-22.931491,-43.38861
4115O00072C0,2,-22.96638,-43.33477
4123O00054C0,2,-22.914683,-43.34979
4123O00053C0,2,-22.922639,-43.343402
oqnh,2,-22.909826,-43.661218
oawp,2,-22.812503,-43.321415
5144O00588C0,2,-22.919525,-43.545961
5144O00587C0,2,-22.917801,-43.548466
5144O00631C9,2,-22.925743,-43.515917
5144O00630C9,2,-22.922034,-43.514405
5144O00629C9,2,-22.920439,-43.513396
5151BO0003X2,2,-22.994007,-43.596478
3057O00008C0,2,-22.90218,-43.24448
3056O00032C0,2,-22.870687,-43.308209
3056O00031C0,2,-22.873036,-43.308494
4123O00015C0,2,-22.912362,-43.361623
3059O00007C9,2,-22.90118,-43.25528
4123O00018C0,2,-22.916959,-43.367463
4123O00017C0,2,-22.91485,-43.36609
4123O00016C0,2,-22.91377,-43.36413
4115O00106C0,2,-22.91605,-43.41824
4115O00105C0,2,-22.91504,-43.41675
5139O00263C9,2,-22.868661,-43.42108
5139O00262C9,2,-22.869206,-43.436003
5139O00261C9,2,-22.869097,-43.437714
5139O00260C9,2,-22.866952,-43.445521
5139O00259C9,2,-22.868454,-43.42193
5139O00255C0,2,-22.874443,-43.428999
5139O00252C9,2,-22.885491,-43.408598
5140O00032C9,2,-22.87427,-43.4489
5139O00225C2,2,-22.88633,-43.42412
5139O00215C9,2,-22.881803,-43.420893
5139O00214C9,2,-22.879891,-43.422639
3107OY0050C0,2,-22.81991,-43.39545
3080O00005C0,2,-22.870445,-43.309982
3082O00001C0,2,-22.877676,-43.315931
5139O00170C9,2,-22.868475,-43.423075
5139O00211C9,2,-22.886338,-43.416688
5139O00251C9,2,-22.881607,-43.440459
5139O00250C9,2,-22.88815,-43.424113
5139O00248C0,2,-22.878903,-43.442792
3107O00051C0,2,-22.81888,-43.39359
3107O00047C0,2,-22.82182,-43.40157
3107O00046C0,2,-22.82271,-43.40395
3107O00045C0,2,-22.82407,-43.40312
3107O00044C0,2,-22.82497,-43.40218
3107O00043C0,2,-22.825729,-43.401561
3107O00042C0,2,-22.82726,-43.400263
5145O00042C9,2,-22.90198,-43.53975
5146O00035C0,2,-22.90032,-43.59517
5146O00034C9,2,-22.903592,-43.595879
5146O00033C9,2,-22.905313,-43.596611
5146O00031C9,2,-22.905948,-43.580943
2020O00109C0,2,-22.95417,-43.19064
5139O00152C9,2,-22.880241,-43.441623
5139O00149C9,2,-22.865475,-43.447674
5139O00148C9,2,-22.868369,-43.443512
4122O00291C0,2,-22.914805,-43.381327
4122O00290C0,2,-22.918949,-43.407946
4115O00225C0,2,-22.973691,-43.410775
4115O00252C0,2,-22.915823,-43.4217
3057O00009C0,2,-22.90105,-43.24451
5144O00643C1,2,-22.844832,-43.518733
5145O00043C9,2,-22.89946,-43.53906
3108O00005C0,2,-22.82937,-43.39916
p38i,2,-22.818714,-43.31664
3041BB0074U1,2,-22.852296,-43.247589
3041BB0072U1,2,-22.842377,-43.251503
3041BB0071U2,2,-22.843581,-43.250395
5147O00003C9,2,-22.886252,-43.605072
5147O00002C0,2,-22.88548,-43.609991
4123O00031C0,2,-22.917654,-43.359958
4123O00019C0,2,-22.91885,-43.35997
3054O00063C0,2,-22.874703,-43.283433
3054O00048C0,2,-22.874499,-43.284938
5146O00018C0,2,-22.891145,-43.594571
5145O00045C9,2,-22.89666,-43.53598
5145O00044C9,2,-22.89798,-43.53741
5146O00052C9,2,-22.907007,-43.596789
5146O00037C0,2,-22.89571,-43.59397
5146O00036C9,2,-22.89879,-43.594259
4119BL0001U1,2,-22.952913,-43.390488
5146O00030C9,2,-22.906938,-43.585217
5146O00029C9,2,-22.9079,-43.590305
5146O00028C9,2,-22.908218,-43.593264
5146O00027C9,2,-22.908738,-43.595711
pzd5,2,-22.816724,-43.319744
5139O00189C9,2,-22.884755,-43.406756
5139O00188C9,2,-22.886281,-43.409845
5139O00187C9,2,-22.886659,-43.411433
5139O00186C9,2,-22.887477,-43.412855
5139O00183C9,2,-22.890684,-43.429849
5139O00182C9,2,-22.891944,-43.431267
5139O00174C0,2,-22.87429,-43.4302
3107O00009C0,2,-22.82618,-43.414
3107O00057C0,2,-22.826341,-43.406022
3107O00037C0,2,-22.825826,-43.409703
5147O00032C9,2,-22.892707,-43.609513
5147O00085C9,2,-22.913485,-43.619544
5147O00084C0,2,-22.885541,-43.607425
5147O00066C1,2,-22.887899,-43.605826
5147O00065C9,2,-22.887146,-43.60505
5150O00114C9,2,-22.980586,-43.692993
5150O00101C0,2,-22.981585,-43.694915
5150O00100C0,2,-22.981913,-43.697112
5150O00098C0,2,-22.98285,-43.68528
5147O00051C9,2,-22.914996,-43.627384
5147O00050C9,2,-22.91426,-43.62356
5147O00049C9,2,-22.91383,-43.62125
5147O00047C9,2,-22.91061,-43.61446
5147O00046C9,2,-22.907703,-43.614172
5147O00045C9,2,-22.904691,-43.613805
5152O00008C0,2,-23.020155,-43.545535
3080O00018C0,2,-22.872672,-43.312683
3082O00029C0,2,-22.875021,-43.314895
5139O00168C9,2,-22.868969,-43.439774
5139O00163C9,2,-22.868905,-43.44101
5139O00162C0,2,-22.87031,-43.43105
5139O00160C0,2,-22.87013,-43.43428
5139O00159C9,2,-22.892939,-43.443159
5139O00112C9,2,-22.88791,-43.415363
5139O00111C9,2,-22.886583,-43.416586
5139O00110C9,2,-22.88469,-43.418307
5139O00109C9,2,-22.883546,-43.419325
5139O00107C9,2,-22.878568,-43.427638
5139O00106C0,2,-22.87669,-43.42737
5151O00336C0,2,-22.955618,-43.576295
5147O00038C0,2,-22.88861,-43.59705
5147O00037C0,2,-22.88685,-43.60078
5147O00109C9,2,-22.894167,-43.610671
5147O00064C9,2,-22.89011,-43.607602
5147O00063C9,2,-22.891092,-43.60822
5147O00061C0,2,-22.911887,-43.614456
5147O00059C9,2,-22.91219,-43.614406
ram1,2,-22.923031,-43.693756
r85t,2,-22.911068,-43.659178
r30f,2,-22.898837,-43.280087
qy18,2,-22.97183,-43.331991
qrqv,2,-22.967067,-43.335606
qloe,2,-22.93708,-43.667639
3040O00043C0,2,-22.868764,-43.254783
3051O00017C0,2,-22.89007,-43.254194
5147O00099C9,2,-22.897678,-43.613364
5160O00001C9,2,-22.84953,-43.48622
3107O00036C0,2,-22.828393,-43.407305
5139O00091C0,2,-22.87233,-43.43201
5139O00077C9,2,-22.884685,-43.418185
5139O00076C9,2,-22.88762,-43.41552
5139O00125C0,2,-22.872693,-43.422905
5139O00123C0,2,-22.873778,-43.425173
2033O00250P0,2,-22.946357,-43.256559
2033O00249P0,2,-22.9463,-43.25666
5139O00144C9,2,-22.88912,-43.428127
3107OY0049C9,2,-22.82108,-43.39715
5139O00064C9,2,-22.88815,-43.43183
5139O00063C9,2,-22.8895,-43.43354
3082O00067P0,2,-22.881928,-43.329851
3082O00062P0,2,-22.881509,-43.325358
5139O00093C0,2,-22.86639,-43.42624
3041BB0075U2,2,-22.853878,-43.247651
3051O00015C0,2,-22.892423,-43.255921
5148O00049C9,2,-22.922601,-43.634568
5148O00048C9,2,-22.920539,-43.634233
5148O00047C9,2,-22.91797,-43.63381
5150O00092C9,2,-22.97268,-43.68289
3047O00035C2,2,-22.822283,-43.313453
3047O00023C9,2,-22.81869,-43.30003
3047BB0043U2,2,-22.818754,-43.309173
3047BB0042U1,2,-22.817826,-43.307725
5150O00084C9,2,-22.97019,-43.69146
5150O00083C9,2,-22.97184,-43.69248
5150O00082C9,2,-22.9751,-43.69443
5150O00081C9,2,-22.98029,-43.69761
s8vz,2,-22.935971,-43.700153
5147O00098C9,2,-22.913336,-43.62701
5147O00090C9,2,-22.89862,-43.613226
5148O00012C0,2,-22.919767,-43.642463
2033O00208C0,2,-22.91706,-43.2211
2033O00206C0,2,-22.927782,-43.233559
3105O00006C0,2,-22.855355,-43.235928
2028O00021C0,2,-22.96671,-43.23134
2029O00037C0,2,-22.985376,-43.244742
2029O00036C0,2,-22.982301,-43.241299
3106O00050C0,2,-22.845554,-43.374023
5139O00069C9,2,-22.88916,-43.426982
5139O00065C9,2,-22.887176,-43.430643
5151O00235C0,2,-23.008775,-43.540876
5151O00223C0,2,-22.98183,-43.66401
5148O00021C9,2,-22.915712,-43.652133
5148O00020C0,2,-22.91449,-43.65396
5148O00019C9,2,-22.91668,-43.63292
5148O00051C9,2,-22.92813,-43.63545
5148O00050C9,2,-22.92471,-43.63505
3084O00020C9,2,-22.859711,-43.324968
3084O00019C9,2,-22.859449,-43.326882
3084O00018C9,2,-22.859342,-43.327045
2033O00180C0,2,-22.923826,-43.231994
3083O00066C0,2,-22.86937,-43.34127
5138O00016C0,2,-22.87088,-43.41953
5138O00013C0,2,-22.870203,-43.417783
3085O00022C0,2,-22.860135,-43.345024
3085O00021C0,2,-22.86351,-43.341503
4122O00256C0,2,-22.915255,-43.400227
rlpw,2,-22.931882,-43.677553
3042BB0117U1,2,-22.836531,-43.258812
3042BB0116U2,2,-22.837332,-43.257326
2033O00212C0,2,-22.9277,-43.2318
2033O00211C0,2,-22.929227,-43.231453
2033O00209C0,2,-22.929797,-43.234198
1004O00024C0,2,-22.8764,-43.21381
4122O00255C0,2,-22.914087,-43.394598
4122O00249C0,2,-22.914452,-43.396415
4122O00248C0,2,-22.915033,-43.398413
5152O00298C0,2,-23.043688,-43.554677
5152O00297C0,2,-23.040984,-43.557611
5152O00296C0,2,-23.03456,-43.562161
5148O00112C9,2,-22.913944,-43.654747
5148O00111C9,2,-22.9131,-43.65605
5148O00107C9,2,-22.929256,-43.635605
5148O00095C0,2,-22.92267,-43.647884
5148O00094C0,2,-22.918413,-43.639657
5148O00090C0,2,-22.91233,-43.65718
90jq,2,-22.970187,-43.334596
1uq4,2,-22.966484,-43.336033
3084O00021C9,2,-22.859623,-43.324933
5150O00064C9,2,-22.96996,-43.69179
5149BO0007U1,2,-22.95094,-43.65081
5148O00094C9,2,-22.918219,-43.651715
5149BO0003U1,2,-22.92753,-43.67767
3046O00040C9,2,-22.82066,-43.2985
3085O00020C0,2,-22.861372,-43.343898
1158O00008C0,2,-22.891283,-43.229098
5138O00090C9,2,-22.868833,-43.418975
2019O00031P0,2,-22.94003,-43.19988
3102O00004C0,2,-22.79981,-43.19883
3102O00003C0,2,-22.79935,-43.19719
3101O00034C0,2,-22.79786,-43.188246
3101O00033C0,2,-22.793043,-43.186648
3046O00013C9,2,-22.825277,-43.296441
3046O00012C9,2,-22.8219,-43.29767
3046O00011C9,2,-22.822257,-43.29881
5149BO0006U1,2,-22.94054,-43.66518
5149BO0004U1,2,-22.93089,-43.67349
5149O00043C0,2,-22.91851,-43.6877
shvf,2,-22.932519,-43.699984
5149BO0002U1,2,-22.92227,-43.67969
3101O00032C0,2,-22.792693,-43.185209
aamz,2,-22.859772,-43.533935
3086O00013C9,2,-22.84095,-43.3496
2033O00156C0,2,-22.943706,-43.254835
1005O00064S0,2,-22.904784,-43.189485
1005O00063S0,2,-22.90978,-43.19101
1dq5,2,-22.834833,-43.409727
5150O00069C0,2,-22.97612,-43.68084
5150O00068C9,2,-22.97403,-43.68128
5150O00067C9,2,-22.9716,-43.68506
5150O00065C9,2,-22.970349,-43.689833
3046O00006C9,2,-22.82595,-43.30742
3046O00005C9,2,-22.82673,-43.30912
3086O00035C9,2,-22.85523,-43.34918
5138BL0001U2,2,-22.868056,-43.413146
5138BL0001U1,2,-22.868115,-43.413115
5137O00034C0,2,-22.90673,-43.37997
5137O00033C9,2,-22.895994,-43.398311
5137O00022C0,2,-22.903666,-43.380887
5137O00021C0,2,-22.9,-43.38358
5137O00020C0,2,-22.89911,-43.39002
5137O00019C0,2,-22.8994,-43.39567
5137O00018C0,2,-22.89386,-43.39716
5137O00017C0,2,-22.8916,-43.39456
5137O00016C0,2,-22.88961,-43.39442
3046BB0074U2,2,-22.815139,-43.291352
3046BB0073U1,2,-22.814729,-43.292972
5149O00034C0,2,-22.9225,-43.65681
5149O00033C0,2,-22.9231,-43.6516
5137O00013C0,2,-22.88798,-43.394437
2015O00054C0,2,-22.934393,-43.175623
e1dh,2,-22.823682,-43.287313
dyxe,2,-22.899119,-43.211817
djnq,2,-22.92074,-43.260348
3086O00046C0,2,-22.858538,-43.346517
3086O00045C0,2,-22.85612,-43.34707
3087O00007C0,2,-22.855327,-43.362191
thnu,2,-22.831024,-43.411171
1004O00026C0,2,-22.874689,-43.210347
3046O00010C9,2,-22.82339,-43.30029
3046O00009C9,2,-22.823751,-43.301558
3046O00008C9,2,-22.82424,-43.30375
3046O00007C9,2,-22.82513,-43.30566
3101O00005C0,2,-22.79461,-43.18452
4122O00284C0,2,-22.91286,-43.4052
4122O00283C0,2,-22.917189,-43.400802
3044O00054C9,2,-22.837897,-43.291945
3045O00012C9,2,-22.82852,-43.29414
3045O00011C9,2,-22.83033,-43.29315
3045O00010C0,2,-22.83136,-43.2915
t8x1,2,-22.932325,-43.385992
siu4,2,-22.925678,-43.694837
1005O00026S9,2,-22.90344,-43.18532
5149O00046C0,2,-22.92811,-43.69054
5149O00044C9,2,-22.919904,-43.689771
5149O00038C0,2,-22.92304,-43.67822
5149O00037C0,2,-22.92234,-43.67178
5149O00036C0,2,-22.92174,-43.66917
5149O00035C0,2,-22.92171,-43.663399
5149O00108C9,2,-22.90415,-43.71371
5149O00107C9,2,-22.905809,-43.708033
4122O00205C0,2,-22.92962,-43.37425
4122O00223C0,2,-22.93187,-43.38072
4122O00222C0,2,-22.93047,-43.37909
3086O00074C0,2,-22.853555,-43.346956
3086O00062C0,2,-22.848309,-43.338852
3086O00061C9,2,-22.84736,-43.33999
3086O00059C0,2,-22.838778,-43.350908
3087O00024C0,2,-22.853388,-43.355396
5137BL0001X2,2,-22.886248,-43.400797
3101O00023C0,2,-22.79255,-43.18512
3101O00022C0,2,-22.794436,-43.184139
3101O00021C0,2,-22.79592,-43.18585
3101O00020C0,2,-22.79808,-43.18833
3101O00006C0,2,-22.79588,-43.18599
d43s,2,-22.938603,-43.698769
4130O00030C0,2,-22.993427,-43.447361
3089O00032C0,2,-22.85928,-43.35382
3089O00063C0,2,-22.857603,-43.353547
3089O00054C0,2,-22.865789,-43.356501
3101O00004C0,2,-22.79263,-43.18816
3101O00003C0,2,-22.79012,-43.1887
2031L00020C0,2,-22.99199,-43.25393
3087O00016C0,2,-22.855671,-43.360071
5135BL0003U2,2,-22.86217,-43.40062
5135BL0003U1,2,-22.86222,-43.40058
5135BL0002U1,2,-22.87593,-43.40524
d1vp,2,-22.939615,-43.353707
d0hb,2,-22.946253,-43.360483
cukh,2,-22.829298,-43.410013
5149O00087C0,2,-22.94964,-43.65183
3043O00114C0,2,-22.845461,-43.282448
3042O00056C9,2,-22.852543,-43.272186
3044O00053C9,2,-22.837515,-43.289614
3044O00036C0,2,-22.83971,-43.2995
3044O00025C0,2,-22.829697,-43.277831
5149O00106C9,2,-22.90778,-43.701447
5149O00105C9,2,-22.908933,-43.697523
5149O00104C9,2,-22.90976,-43.69476
5149O00103C9,2,-22.910686,-43.691596
3045BB0069U2,2,-22.820086,-43.283308
3045BB0068U1,2,-22.819048,-43.284631
3044O00071C0,2,-22.827968,-43.278588
3044O00065C1,2,-22.841507,-43.299206
3044O00063C1,2,-22.840216,-43.29717
cm84,2,-22.919661,-43.343439
df17,2,-22.929438,-43.391854
3044O00055C9,2,-22.838563,-43.294953
5150O00063C9,2,-22.96965,-43.69438
5150O00062C9,2,-22.96941,-43.69665
5150O00061C9,2,-22.96924,-43.69846
5150O00060C9,2,-22.96917,-43.70168
5150O00059C9,2,-22.96789,-43.70514
5134O00051C0,2,-22.854059,-43.390345
3089O00031C0,2,-22.861899,-43.355335
3089O00030C0,2,-22.863971,-43.356028
3089O00022C0,2,-22.866631,-43.354949
5135BL0046P2,2,-22.884607,-43.399428
5135BL0046P1,2,-22.88454,-43.39993
caik,2,-22.917711,-43.39452
4r2r,2,-22.916329,-43.177568
4aih,2,-22.910706,-43.192646
3097O00026C2,2,-22.790684,-43.181062
5149O00147C9,2,-22.910577,-43.674532
5149O00145C9,2,-22.91152,-43.67883
5149O00175C9,2,-22.911025,-43.670385
3098O00023C0,2,-22.789156,-43.16154
5151O00276C9,2,-22.968847,-43.636145
2031O00016C0,2,-22.998716,-43.270151
5151O00296C0,2,-23.052642,-43.555248
5151O00295C0,2,-23.049908,-43.552739
5149O00174C9,2,-22.911379,-43.667636
5149O00173C9,2,-22.909904,-43.663241
5149O00172C9,2,-22.94709,-43.677
4122O00103C0,2,-22.91338,-43.39146
4122O00099C0,2,-22.91542,-43.40255
4121O00034C0,2,-22.929431,-43.355834
4121O00033C0,2,-22.93058,-43.35636
4121O00031C0,2,-22.932856,-43.35754
uz1p,2,-22.954423,-43.178733
5149O00186C0,2,-22.94816,-43.67976
4121O00027C0,2,-22.937583,-43.359462
4120O00124C0,2,-22.941135,-43.353848
4120O00054C0,2,-22.94499,-43.35683
4120O00053C0,2,-22.94578,-43.35834
2025O00057C0,2,-22.97928,-43.201283
5149O00171C9,2,-22.94286,-43.67515
5149O00170C9,2,-22.93992,-43.6739
u5vq,2,-22.853888,-43.38424
tzps,2,-22.916699,-43.344013
tkez,2,-22.825541,-43.279427
3043O00118C0,2,-22.834274,-43.274067
5149O00169C9,2,-22.93789,-43.67132
5149O00149C9,2,-22.90998,-43.66315
5149O00148C9,2,-22.91108,-43.67074
3090O00041C9,2,-22.86765,-43.37739
3090O00073C0,2,-22.860518,-43.371033
5149O00248C9,2,-22.939465,-43.687356
5149O00243C9,2,-22.9462,-43.64011
5149O00242C9,2,-22.943762,-43.639133
5149O00241C9,2,-22.937607,-43.636654
5149O00287C9,2,-22.929132,-43.697178
3043O00097C0,2,-22.84174,-43.27958
3043O00083C0,2,-22.844015,-43.284501
3043O00080C0,2,-22.83544,-43.27172
1007O00009C0,2,-22.92059,-43.21275
5149O00187C9,2,-22.94331,-43.67521
3043O00109C0,2,-22.838299,-43.277322
3043O00108C0,2,-22.837046,-43.276513
3043O00107C0,2,-22.834985,-43.275214
vtrd,2,-23.017217,-43.511892
5149O00261C0,2,-22.934553,-43.678696
5149O00259C0,2,-22.927855,-43.693263
5149O00257C9,2,-22.930088,-43.699252
5149O00254C9,2,-22.937219,-43.699938
5149O00252C9,2,-22.938646,-43.69679
5149O00250C9,2,-22.939504,-43.690112
5151O00292C0,2,-23.024618,-43.556627
4132O00145C0,2,-23.016261,-43.46039
5134BB0046P0,2,-22.853769,-43.384092
2033O00095C0,2,-22.920484,-43.223411
ckxe,2,-22.81784,-43.318854
cf31,2,-22.914173,-43.38789
4132O00122C0,2,-22.997027,-43.450185
4132O00121C0,2,-22.999049,-43.451768
4132O00120C0,2,-23.005945,-43.457389
3090O00042C9,2,-22.86352,-43.37699
4122O00037C0,2,-22.932521,-43.384889
3043O00079C0,2,-22.8445,-43.28401
3043O00061C0,2,-22.846571,-43.284697
bop0,2,-22.899158,-43.211514
b0ai,2,-22.852595,-43.384449
3090O00043C0,2,-22.86088,-43.37553
4132BO0010X1,2,-23.01254,-43.45928
3093O00003C9,2,-22.81353,-43.18959
5151O00290C0,2,-23.022703,-43.547066
5149O00283C9,2,-22.94607,-43.67598
5149O00279C9,2,-22.94819,-43.68004
5149O00278C9,2,-22.94128,-43.67468
5149O00307C0,2,-22.922295,-43.658614
5149O00306C0,2,-22.921474,-43.665746
5149O00304C0,2,-22.923435,-43.676351
5149O00262C9,2,-22.950945,-43.650553
3043O00098C0,2,-22.835886,-43.275762
3042O00100C0,2,-22.853326,-43.271726
3043BB0124U1,2,-22.828791,-43.272164
3043BB0123U2,2,-22.829812,-43.270855
4132O00010C0,2,-23.012105,-43.462414
4132O00137C0,2,-23.019954,-43.482931
4132O00130C0,2,-23.016317,-43.519911
4132O00128C0,2,-23.018969,-43.520303
4132O00127C0,2,-23.021055,-43.521077
3091O00002C0,2,-22.82525,-43.17214
4132O00034C0,2,-23.01436,-43.46111
4132O00032C0,2,-23.020491,-43.458783
5149O00294C9,2,-22.911812,-43.687952
5149O00290C9,2,-22.903075,-43.717394
5149O00289C9,2,-22.904928,-43.711101
5149O00288C9,2,-22.906908,-43.704503
1003O00020C0,2,-22.896005,-43.203354
z7qk,2,-22.993622,-43.597626
z2u6,2,-22.972913,-43.329672
z0ka,2,-22.965101,-43.647617
wzjt,2,-23.0069,-43.285073
1001O00006C0,2,-22.89731,-43.18737
wlq0,2,-23.020678,-43.498014
xpj6,2,-22.81674,-43.319634
y5bm,2,-22.911312,-43.209475
xkag,2,-22.82467,-43.281
1002O00012C2,2,-22.894498,-43.190443
yd8x,2,-22.85388,-43.383813
4122O00173C0,2,-22.935335,-43.372092
4122O00153C0,2,-22.917367,-43.398813
4122O00150C0,2,-22.91767,-43.40366
4122O00145C0,2,-22.916488,-43.379508
1005O00260C0,2,-22.90957,-43.17046
5142O00073C0,2,-22.89745,-43.48689
whsv,2,-22.937452,-43.682955
w835,2,-22.897385,-43.352214
3042O00084C0,2,-22.85538,-43.26644
1002O00007C0,2,-22.8984,-43.18773
3091O00011P0,2,-22.825494,-43.169325
3042O00057C9,2,-22.85444,-43.2703
00bw,2,-22.969093,-43.335334
3042O00103C0,2,-22.855788,-43.267124
5152O00300C0,2,-23.047779,-43.552595
5152O00299C0,2,-23.045322,-43.553367
4122BC0002X0,2,-22.93665,-43.37175
4122O00072C0,2,-22.916821,-43.383745
zlcj,2,-22.934625,-43.700389
zrjm,2,-22.824705,-43.411471
yoot,1,-22.914775,-43.349458
zloc,1,-22.869256,-43.449743
xevh,1,-22.87082,-43.456464
y535,1,-22.965818,-43.489977
5150O00020C9,1,-22.98553,-43.68686
5149O00311C9,1,-22.8731,-43.67625
5149O00312C9,1,-22.879793,-43.673455
5149O00323C0,1,-22.90719,-43.658608
5149O00308C9,1,-22.885792,-43.669519
5149O00267C9,1,-22.919628,-43.695749
3043O00050C0,1,-22.8349,-43.27289
3042O00022C0,1,-22.84969,-43.27797
3043O00099C0,1,-22.847048,-43.290264
v8sf,1,-22.993558,-43.59754
v56l,1,-23.01422,-43.446015
u9ft,1,-22.897592,-43.212281
tkqx,1,-22.834064,-43.365339
3043O00116C0,1,-22.84409,-43.284771
3044O00043C0,1,-22.83156,-43.28092
3044O00034C0,1,-22.82668,-43.27976
3044O00033C0,1,-22.82853,-43.27792
3044O00026C0,1,-22.83027,-43.28273
3045O00052C0,1,-22.82748,-43.28604
3045O00051C0,1,-22.82575,-43.28643
3045O00035C9,1,-22.83,-43.29065
3045O00034C9,1,-22.827789,-43.290033
5148O00120C9,1,-22.892684,-43.626686
5148O00119C0,1,-22.888161,-43.63
5148O00118C0,1,-22.889272,-43.634666
5150O00080C9,1,-22.98028,-43.6977
5150O00079C9,1,-22.97901,-43.69697
5150O00078C9,1,-22.97705,-43.69583
5150O00077C9,1,-22.97453,-43.69419
5150O00076C9,1,-22.97192,-43.69264
5150O00074C0,1,-22.98537,-43.68661
5149O00091C9,1,-22.939504,-43.666072
5149O00090C0,1,-22.943051,-43.661546
5149O00089C0,1,-22.945551,-43.65708
5149O00088C0,1,-22.947001,-43.654384
5149O00114C9,1,-22.914803,-43.686989
5149O00113C9,1,-22.9182,-43.69289
5149O00112C9,1,-22.919797,-43.695743
5147O00097C9,1,-22.89536,-43.614913
5148O00009C0,1,-22.885617,-43.618773
5147O00108C9,1,-22.892527,-43.607518
5147O00107C9,1,-22.894187,-43.605092
5148O00037C0,1,-22.88806,-43.63026
5148O00039C0,1,-22.889193,-43.634678
5148O00038C0,1,-22.88837,-43.63281
5148O00092C0,1,-22.88717,-43.63843
5148O00091C0,1,-22.889847,-43.636025
5148O00079C0,1,-22.883996,-43.639137
5148O00078C9,1,-22.884743,-43.639948
5148O00116C9,1,-22.890939,-43.629871
5148O00105C0,1,-22.882184,-43.631085
5148O00104C0,1,-22.88505,-43.621194
5148O00103C0,1,-22.883567,-43.62735
5148O00102C0,1,-22.883432,-43.628627
5145O00053C1,1,-22.89098,-43.53307
5146O00051C9,1,-22.894307,-43.594864
5147O00030C9,1,-22.895365,-43.611756
5146O00056C9,1,-22.907959,-43.59765
5146O00055C9,1,-22.898918,-43.594474
5146O00054C9,1,-22.893591,-43.593865
5150O00115C9,1,-22.980646,-43.692928
5150O00099C0,1,-22.981589,-43.694455
5147O00036C0,1,-22.88645,-43.60294
5147O00077C9,1,-22.89638,-43.611228
5147O00075C9,1,-22.896423,-43.609725
5147O00073C9,1,-22.896436,-43.607713
5147O00072C9,1,-22.895945,-43.605058
5147O00106C9,1,-22.894857,-43.604099
5147O00101C9,1,-22.893593,-43.597399
5147O00100C9,1,-22.894245,-43.59974
5144O00621C0,1,-22.928631,-43.583541
5144O00620C0,1,-22.928235,-43.580963
5144O00619C0,1,-22.929106,-43.578207
5144O00603C9,1,-22.890452,-43.589581
5144O00602C9,1,-22.884427,-43.571693
5151BO0006U2,1,-23.009423,-43.539913
5151BO0005U1,1,-23.00527,-43.55841
5150O00116C9,1,-22.979666,-43.681852
5144O00647C0,1,-22.869187,-43.555568
5145O00040C9,1,-22.89435,-43.54263
5145O00039C0,1,-22.8917,-43.53023
5145O00036C9,1,-22.89217,-43.53705
5146O00017C9,1,-22.90535,-43.597189
5146O00016C9,1,-22.902919,-43.595896
5146O00015C0,1,-22.90123,-43.59553
5146O00013C0,1,-22.89461,-43.59397
5144O00569C9,1,-22.922547,-43.526598
5144O00568C9,1,-22.920967,-43.528176
5144O00567C9,1,-22.920183,-43.529082
5144O00566C9,1,-22.916981,-43.533476
5144O00564C9,1,-22.878017,-43.562965
5144O00563C9,1,-22.83691,-43.5628
5144O00600C0,1,-22.928736,-43.541755
5144O00578C9,1,-22.897852,-43.549956
5144O00577C9,1,-22.898406,-43.552613
5144O00576C9,1,-22.898003,-43.551897
5144O00632C9,1,-22.915188,-43.518628
5144O00628C9,1,-22.92207,-43.514299
5144O00627C0,1,-22.920467,-43.516665
5144O00626C0,1,-22.92275,-43.516956
5144O00623C0,1,-22.929272,-43.578052
5144O00622C0,1,-22.928212,-43.581318
5144O00450C9,1,-22.893666,-43.584368
5144O00448C9,1,-22.892503,-43.58257
1007O00042C0,1,-22.926,-43.20846
1005O00361C0,1,-22.90526,-43.17648
5144O00512C9,1,-22.83699,-43.56276
5144O00493C9,1,-22.918287,-43.562709
5144O00491C9,1,-22.91702,-43.560326
5144O00490C9,1,-22.915117,-43.558783
5144O00483C9,1,-22.896717,-43.547014
5144O00482C9,1,-22.89629,-43.546651
5144O00555C9,1,-22.85858,-43.54138
5144O00554C9,1,-22.86042,-43.54121
5144O00553C9,1,-22.86043,-43.54136
5144O00544C9,1,-22.916963,-43.527995
5144O00543C9,1,-22.916022,-43.52134
5144O00570C9,1,-22.9252,-43.519115
5144O00295C9,1,-22.85852,-43.54155
5144O00288C9,1,-22.92575,-43.51564
5144O00287C0,1,-22.92566,-43.51756
5144O00285C9,1,-22.918353,-43.531302
5151O00074C0,1,-23.060428,-43.56326
1007O00073C0,1,-22.938429,-43.207107
5144O00354C9,1,-22.917234,-43.528911
5144O00353C9,1,-22.917766,-43.525982
5144O00352C9,1,-22.915888,-43.51515
5144O00351C0,1,-22.91765,-43.51809
5144O00397C9,1,-22.85968,-43.53402
5144O00375C0,1,-22.87562,-43.555408
5144O00374C0,1,-22.873907,-43.557817
5144O00429C0,1,-22.9165,-43.50519
1007O00037C0,1,-22.929656,-43.208505
1007O00033C0,1,-22.91902,-43.21038
5144O00113C9,1,-22.91108,-43.54729
5144O00112C9,1,-22.910108,-43.548921
5144O00111C9,1,-22.90926,-43.55019
1005O00253C2,1,-22.90463,-43.17543
5151O00087C9,1,-22.955686,-43.610065
5151O00086C9,1,-22.960318,-43.611402
1008O00018S0,1,-22.90818,-43.19931
1008O00017C0,1,-22.912297,-43.20442
1007O00075C0,1,-22.927058,-43.208334
5144O00248C9,1,-22.866618,-43.561787
5144O00253C9,1,-22.879689,-43.56333
5144O00252C9,1,-22.875447,-43.561285
5144O00284C9,1,-22.916475,-43.537295
5144O00283C9,1,-22.916333,-43.539302
5144O00282C9,1,-22.91403,-43.54259
5144O00281C9,1,-22.913032,-43.544226
5141O00327C0,1,-22.876377,-43.463617
5142O00052C0,1,-22.8901,-43.48233
5142O00051C9,1,-22.885364,-43.484723
1005O00257C0,1,-22.90873,-43.18033
5142O00076C0,1,-22.888761,-43.482568
5142O00063C9,1,-22.88396,-43.48589
5142O00062C9,1,-22.88688,-43.48277
5143O00041C0,1,-22.864336,-43.530081
5143O00035C0,1,-22.881925,-43.522598
5143O00030C9,1,-22.874825,-43.51364
1010BB0115U1,1,-22.889344,-43.220296
1009O00016C0,1,-22.913358,-43.20975
5144O00083C0,1,-22.88316,-43.57696
5144O00082C9,1,-22.883658,-43.574206
1008O00037C0,1,-22.9096,-43.20122
1008O00036C0,1,-22.910322,-43.203595
5141O00246C0,1,-22.86822,-43.46387
5141O00245C0,1,-22.85051,-43.4586
5141O00244C9,1,-22.85314,-43.46317
5141O00240C0,1,-22.8488,-43.46522
5141O00239C9,1,-22.847591,-43.465785
5141O00285C0,1,-22.85201,-43.47065
5141O00311C0,1,-22.866577,-43.463888
5141O00310C0,1,-22.869404,-43.463883
5141O00302C0,1,-22.881679,-43.4565
5141O00300C0,1,-22.869936,-43.462659
5141O00299C0,1,-22.869405,-43.454763
5141O00296C0,1,-22.871162,-43.462623
5141O00295C0,1,-22.871149,-43.461088
5141O00294C0,1,-22.871356,-43.456689
5141O00293C0,1,-22.871623,-43.451187
5141O00328C1,1,-22.893989,-43.473511
5141O00074C0,1,-22.88664,-43.47341
5141O00073C0,1,-22.88847,-43.47342
5141O00072C0,1,-22.86645,-43.51029
1005O00243C0,1,-22.90484,-43.17577
5141O00103C9,1,-22.864234,-43.467032
5141O00104C9,1,-22.863174,-43.469128
5141O00151C9,1,-22.851764,-43.463828
5141O00145C0,1,-22.85004,-43.45895
5141O00144C0,1,-22.85244,-43.458234
5141O00142C0,1,-22.853951,-43.457141
5141O00140C0,1,-22.856366,-43.454922
5141O00168C0,1,-22.88934,-43.47353
5141O00167C0,1,-22.88682,-43.47353
5141O00204C0,1,-22.870306,-43.479613
5141O00200C0,1,-22.87123,-43.45858
5141O00191C0,1,-22.8698,-43.46088
5140O00093C9,1,-22.88269,-43.450609
5140O00091C9,1,-22.881394,-43.451352
5140O00083C0,1,-22.859741,-43.453189
5140O00105C0,1,-22.884424,-43.448348
5140O00102C0,1,-22.869597,-43.44367
5140O00096C0,1,-22.886919,-43.445307
1014O00043C0,1,-22.93213,-43.19737
1012O00046C0,1,-22.897954,-43.237343
1012O00041C0,1,-22.88918,-43.244619
1012O00025C0,1,-22.89543,-43.24051
1014O00019C0,1,-22.92077,-43.18486
1014O00018C0,1,-22.93193,-43.201444
1014O00017C0,1,-22.91604,-43.18427
1014O00016C0,1,-22.916233,-43.182977
1014O00015C0,1,-22.91671,-43.18192
5141O00054C9,1,-22.88594,-43.465521
1014O00083C0,1,-22.935146,-43.201332
1014O00082C0,1,-22.934637,-43.199661
1014O00080C0,1,-22.931587,-43.196424
1014O00079C0,1,-22.929962,-43.195604
1014O00077C0,1,-22.924192,-43.187567
1014O00075C0,1,-22.921557,-43.186034
5140O00082C0,1,-22.857719,-43.454197
5140O00071C0,1,-22.86184,-43.4521
5140O00069C9,1,-22.890793,-43.445823
5140O00067C0,1,-22.881533,-43.455267
1014O00042C0,1,-22.927299,-43.192879
1014O00041C0,1,-22.92704,-43.1923
1014O00040C0,1,-22.92552,-43.19051
1014O00039C0,1,-22.92474,-43.18942
5140O00095C0,1,-22.88539,-43.447021
5140O00094C9,1,-22.884029,-43.448949
1014O00110C0,1,-22.932541,-43.197711
1014O00106C0,1,-22.928035,-43.193927
1014O00096C0,1,-22.918732,-43.183284
5139O00218C9,1,-22.887778,-43.425877
5139O00213C9,1,-22.881996,-43.420607
5139O00212C9,1,-22.883184,-43.419534
5139O00245C9,1,-22.88279,-43.426849
5139O00243C9,1,-22.885975,-43.423929
5139O00242C0,1,-22.8867,-43.4233
5139O00227C9,1,-22.891796,-43.444667
1014O00074C0,1,-22.918126,-43.183967
1014O00072C0,1,-22.916656,-43.184619
1014O00069C0,1,-22.915872,-43.181323
1014O00094C0,1,-22.917256,-43.184634
1014O00087C0,1,-22.942413,-43.207874
1014O00084C0,1,-22.936783,-43.204034
5138O00087C0,1,-22.877908,-43.415016
1xw2,1,-23.011086,-43.442264
1nqu,1,-22.829106,-43.364365
1161O00018C0,1,-22.913926,-43.182645
1161O00017C0,1,-22.910798,-43.183919
5139O00058C9,1,-22.884713,-43.425095
5139O00085C0,1,-22.88967,-43.42595
5139O00084C0,1,-22.88676,-43.42338
5139O00079C9,1,-22.879589,-43.422802
5139O00118C9,1,-22.880539,-43.429625
5139O00127C0,1,-22.86985,-43.43916
5139O00167C9,1,-22.893388,-43.44277
5139O00171C9,1,-22.879881,-43.433966
1014O00128C0,1,-22.933712,-43.200521
1014O00113C0,1,-22.94411,-43.20799
1014O00112C0,1,-22.935517,-43.202835
5134BB0047P0,1,-22.853974,-43.384189
5134BB0045P0,1,-22.853747,-43.383754
5134BB0043P0,1,-22.853832,-43.384252
4hpu,1,-22.992314,-43.643076
5134O00050C0,1,-22.848811,-43.395608
5134O00049C0,1,-22.846992,-43.39621
5135BL0002U2,1,-22.87597,-43.40531
5134O00053C0,1,-22.85512,-43.386938
5134O00052C0,1,-22.851363,-43.393697
2015O00061C0,1,-22.93979,-43.17841
2015O00060C0,1,-22.93693,-43.17755
2015O00059C0,1,-22.936124,-43.177336
2015O00058C0,1,-22.93386,-43.17738
5138O00086C0,1,-22.876974,-43.413184
5138O00085C0,1,-22.8746,-43.413019
5138O00022C0,1,-22.8726,-43.41306
4132BO0010U1,1,-23.01233,-43.45844
4132BO0009U1,1,-23.01443,-43.46668
4132BO0008U1,1,-23.01564,-43.47141
4132BO0007U1,1,-23.01702,-43.47691
4132BO0006U1,1,-23.01846,-43.48258
4132BO0005U1,1,-23.01956,-43.48686
4132BO0004U1,1,-23.021073,-43.496423
4132BO0003U1,1,-23.020661,-43.500123
4132BL0003U1,1,-23.00016,-43.42973
4132BL0002U1,1,-23.00376,-43.43391
5151O00297C0,1,-23.054184,-43.55675
5151O00285C9,1,-22.957839,-43.610655
4132BO0013U2,1,-23.00812,-43.44229
4132BO0012U1,1,-23.00981,-43.44864
4132BO0011U1,1,-23.01083,-43.45261
2017O00058C0,1,-22.932135,-43.179148
4128BO0221U2,1,-23.000352,-43.377256
4128BO0218U2,1,-23.000442,-43.383003
4128BO0216U2,1,-23.000445,-43.389612
4128BO0212U2,1,-23.000251,-43.398496
2021O00011C0,1,-22.958087,-43.196482
2020O00080C0,1,-22.95871,-43.195732
2020O00078C0,1,-22.95827,-43.192644
2020O00070C0,1,-22.95576,-43.17563
2020O00043C0,1,-22.957711,-43.194897
2020O00042C0,1,-22.956375,-43.191258
4128O00182C0,1,-22.981476,-43.409554
4128O00179C0,1,-23.009813,-43.440861
4128O00175C0,1,-23.007657,-43.303874
4128O00137C0,1,-23.005803,-43.318757
4131BO0088U2,1,-23.018321,-43.508842
4131BO0085U2,1,-23.016364,-43.515884
4125O00041C0,1,-22.88307,-43.367
4125O00055C0,1,-22.880238,-43.366633
4125O00050C0,1,-22.889476,-43.356993
4125O00049C0,1,-22.887341,-43.355566
4125O00048C0,1,-22.880603,-43.36049
4127O00115C0,1,-22.98204,-43.29495
4128BO0012X2,1,-22.99991,-43.35982
4128BO0011U2,1,-22.99993,-43.36131
4128BO0005U1,1,-22.99999,-43.40692
4128BO0004U1,1,-23.00009,-43.41223
4128BO0003U1,1,-23.00092,-43.41743
4128BO0002U1,1,-23.00295,-43.424
4128BO0001U1,1,-23.00551,-43.4319
4128BL0003U1,1,-22.97695,-43.40641
4128BL0002U1,1,-22.98179,-43.41018
4128BL0001U1,1,-22.98957,-43.41762
4122O00097C0,1,-22.914992,-43.384607
4122O00174C0,1,-22.91462,-43.38107
4122O00257C0,1,-22.915312,-43.40296
4122O00242C0,1,-22.914956,-43.398479
4122O00241C0,1,-22.91444,-43.39668
4122O00240C0,1,-22.913899,-43.394486
5152O00015C0,1,-23.06303,-43.56594
5152O00001C0,1,-23.05568,-43.558478
4123BC0001X2,1,-22.91523,-43.3612
4122O00307C0,1,-22.926498,-43.391315
4124BC0003U1,1,-22.89291,-43.34858
4125O00014C0,1,-22.88306,-43.36801
4125O00010C0,1,-22.88562,-43.35517
4125O00007C0,1,-22.88135,-43.36337
4125O00047C0,1,-22.88171,-43.362466
4125O00042C0,1,-22.87846,-43.36595
4121O00023C0,1,-22.934504,-43.359177
4121O00022C0,1,-22.931231,-43.356782
4121O00017C0,1,-22.933458,-43.350017
4120O00123C0,1,-22.939059,-43.334911
4120O00122C0,1,-22.937751,-43.33533
5152O00301C0,1,-23.056808,-43.559969
4121O00060C0,1,-22.92669,-43.34868
4121O00047C0,1,-22.927369,-43.350163
4121O00046C0,1,-22.928465,-43.353075
4122BC0192X2,1,-22.92377,-43.37396
4122BC0002X2,1,-22.93664,-43.37184
4122O00095C0,1,-22.914749,-43.381758
4122O00078C0,1,-22.913728,-43.404746
4122O00102C0,1,-22.913575,-43.392922
4122O00100C0,1,-22.915187,-43.400452
4122O00098C0,1,-22.91398,-43.4047
4116O00056C0,1,-22.952954,-43.344964
4119BC0051U1,1,-22.959867,-43.388866
4118O00013C0,1,-22.946444,-43.359992
5152O00319C2,1,-23.06312,-43.56569
5152O00318C1,1,-23.062002,-43.565561
4120O00041C0,1,-22.944677,-43.356701
4120O00040C0,1,-22.94144,-43.35416
4120O00039C0,1,-22.93959,-43.35388
4120O00010C0,1,-22.945593,-43.35823
4120O00081C0,1,-22.943785,-43.333462
4120O00059C0,1,-22.9394,-43.33333
4120O00118C0,1,-22.92753,-43.34091
4120O00102C0,1,-22.927716,-43.336576
4121O00039C0,1,-22.93236,-43.34929
4121O00025C0,1,-22.938885,-43.357269
4121O00024C0,1,-22.936886,-43.359718
4115O02200C0,1,-22.946214,-43.396232
4115O00258C0,1,-22.935311,-43.393416
4115O00257C0,1,-22.938042,-43.393038
4115O00255C0,1,-22.944272,-43.395472
2026O00087C0,1,-22.98217,-43.22361
2026O00078C0,1,-22.98346,-43.22329
1005O00184C0,1,-22.90705,-43.17404
4116O00055C0,1,-22.949353,-43.341256
4116O00054C0,1,-22.948161,-43.340477
4116O00053C0,1,-22.948254,-43.340364
4116O00052C0,1,-22.952603,-43.343447
4116O00047C0,1,-22.94566,-43.336498
4116O00034C0,1,-22.95369,-43.347523
4116O00023C0,1,-22.952104,-43.343404
4117O00012C0,1,-22.954806,-43.349683
4116O00057C0,1,-22.953463,-43.347076
3114O00098C0,1,-22.808899,-43.352751
3114O00092C1,1,-22.804244,-43.364479
3159O00009C0,1,-22.813512,-43.339615
3159O00007C0,1,-22.817451,-43.34559
3159O00006C0,1,-22.818862,-43.349513
3159O00004C9,1,-22.81032,-43.33582
3157BC0001U2,1,-22.84696,-43.24373
3157BC0001U1,1,-22.84705,-43.24373
1005O00202C0,1,-22.90441,-43.17505
3m5r,1,-22.899744,-43.210824
3hb8,1,-22.853947,-43.384101
2027O00013C0,1,-22.97573,-43.19847
4115O00150C0,1,-22.948294,-43.394941
4115O00113C0,1,-22.93315,-43.3938
4115O00112C0,1,-22.929784,-43.393661
4115O00228C0,1,-22.94019,-43.393875
3114O00022C0,1,-22.819521,-43.359478
3114O00088C0,1,-22.806096,-43.367598
3114O00083C0,1,-22.80565,-43.35195
3114O00046C9,1,-22.80568,-43.35674
5u37,1,-22.872922,-43.262124
5r3g,1,-22.873126,-43.263182
5fjg,1,-22.976614,-43.3255
1005O00171C1,1,-22.901639,-43.181276
2027O00026C0,1,-22.962923,-43.203039
2027O00025C0,1,-22.96155,-43.20316
3114OY0082C9,1,-22.80527,-43.35395
3114O00117C0,1,-22.807165,-43.363744
3114O00115C2,1,-22.807205,-43.366805
3114O00111C1,1,-22.804257,-43.364367
3114O00100C0,1,-22.81599,-43.350784
3114O00099C0,1,-22.810605,-43.352971
3110O00044C0,1,-22.82701,-43.34988
3110O00043C0,1,-22.82894,-43.34904
2027O00101C0,1,-22.964472,-43.202862
6riq,1,-22.868447,-43.557203
6l61,1,-22.89922,-43.210342
6e5n,1,-22.919468,-43.343661
6927,1,-23.017174,-43.44963
675m,1,-22.915564,-43.673643
3113O00008C0,1,-22.828484,-43.366305
3113O00007C0,1,-22.822935,-43.36966
3113O00006C0,1,-22.821309,-43.366453
3112O00013C0,1,-22.838338,-43.362665
3114O00002C0,1,-22.807004,-43.367788
3113O00022C0,1,-22.826067,-43.367678
3113O00020C0,1,-22.821678,-43.367635
3114O00045C9,1,-22.80683,-43.35985
3106BB0055U1,1,-22.845459,-43.377886
3105O00036C0,1,-22.865332,-43.221536
3108O00033C0,1,-22.837066,-43.40833
3108O00020C0,1,-22.82798,-43.41904
8c8x,1,-22.962952,-43.489603
7uy6,1,-22.904543,-43.29546
7uva,1,-22.981146,-43.327182
7ryi,1,-22.90008,-43.210672
3109O00018C0,1,-22.83957,-43.40291
3109O00017C0,1,-22.84031,-43.4046
3110BB0057U1,1,-22.832059,-43.353628
3110BB0056U2,1,-22.831488,-43.352099
3110O00032C0,1,-22.830754,-43.353504
3110O00031C0,1,-22.828957,-43.354259
3110O00029C0,1,-22.83075,-43.353116
3110O00022C0,1,-22.827873,-43.353295
3101O00024C0,1,-22.792918,-43.186714
3101O00036C0,1,-22.789919,-43.18848
3101O00035C0,1,-22.792499,-43.188209
az72,1,-22.961522,-43.204768
aprf,1,-22.913173,-43.38818
ajvl,1,-22.848336,-43.544299
aaq3,1,-22.899445,-43.211425
9u1z,1,-22.835774,-43.363887
9ani,1,-22.989413,-43.417006
8y8v,1,-22.968533,-43.622331
2029O00025C0,1,-22.982038,-43.240976
3105BC0001P2,1,-22.83946,-43.23977
3104BC0001U2,1,-22.81451,-43.24633
3106BB0062U1,1,-22.841193,-43.37096
3106BB0060U2,1,-22.840221,-43.369397
3106BB0057U2,1,-22.844498,-43.376317
3090O00021C0,1,-22.85097,-43.36538
3090O00020C0,1,-22.85154,-43.36716
3090O00019C0,1,-22.85204,-43.36874
2033O00104C0,1,-22.92297,-43.21738
buj2,1,-22.981937,-43.698669
3090O00049C0,1,-22.860635,-43.370776
3090O00074C0,1,-22.853717,-43.376421
3090O00065C0,1,-22.859004,-43.374003
3090O00117C1,1,-22.859788,-43.36954
3090O00116C0,1,-22.860855,-43.371294
3090O00115C0,1,-22.861556,-43.369832
3090O00106C0,1,-22.849639,-43.359696
3090O00105C0,1,-22.849805,-43.361746
3091O00008P0,1,-22.825578,-43.169152
3091O00001C0,1,-22.825,-43.17082
3097O00018C0,1,-22.788,-43.18833
3087O00023C0,1,-22.851156,-43.357765
3087O00027C0,1,-22.851594,-43.357472
3087O00026C0,1,-22.85579,-43.35625
d2yg,1,-22.824619,-43.280782
d1mv,1,-22.926318,-43.344006
cnv9,1,-23.019051,-43.45176
2033O00112C9,1,-22.916979,-43.212166
2033O00106C0,1,-22.92446,-43.22172
2033O00105C0,1,-22.92366,-43.21854
3089O00064C0,1,-22.859749,-43.354416
3089O00035C0,1,-22.85829,-43.3537
2033O00050C0,1,-22.91964,-43.21184
2032O00032C0,1,-22.907059,-43.21083
3089O00066C0,1,-22.86303,-43.355866
3089O00065C0,1,-22.861452,-43.355288
3090O00022C0,1,-22.85037,-43.3635
3085O00019C0,1,-22.860252,-43.344801
3085O00018C0,1,-22.86161,-43.3435
3086O00029C0,1,-22.85283,-43.34671
3086O00028C9,1,-22.85218,-43.34957
1005O00069S0,1,-22.90371,-43.18711
1005O00059S0,1,-22.90688,-43.19524
dyls,1,-22.934839,-43.351358
dxd7,1,-22.853977,-43.384031
3086O00053C9,1,-22.8388,-43.34996
3086O00052C9,1,-22.84065,-43.34961
3086O00051C9,1,-22.84202,-43.349139
3086O00076C0,1,-22.856734,-43.346909
3086O00075C0,1,-22.854689,-43.346956
3086O00057C9,1,-22.844652,-43.349106
3086O00055C9,1,-22.847239,-43.349623
3086O00054C9,1,-22.85014,-43.34989
3078BC0001U1,1,-22.8884,-43.34588
3079O00043C0,1,-22.888952,-43.320695
3079O00030C9,1,-22.8896,-43.32032
3079O00029C9,1,-22.89226,-43.32196
3079O00021C0,1,-22.880098,-43.313756
1005O00135C0,1,-22.9099,-43.17701
1005O00125C0,1,-22.91183,-43.17866
3079O00046C0,1,-22.888272,-43.322676
3082O00049P0,1,-22.881848,-43.329789
3082O00044C0,1,-22.88144,-43.32137
3082O00036C0,1,-22.876938,-43.316813
3082O00070C0,1,-22.878358,-43.315405
2033O00227C0,1,-22.92229,-43.23609
3085O00029C0,1,-22.863281,-43.341523
3085O00028C0,1,-22.858988,-43.345899
3085O00023C9,1,-22.86208,-43.34763
2037O00019C0,1,-22.93078,-43.254158
2036O00092C0,1,-22.91527,-43.2518
3074O00036C1,1,-22.840601,-43.314867
gbbr,1,-22.916925,-43.343898
fwqz,1,-22.821582,-43.319918
fuqz,1,-22.980162,-43.326849
fign,1,-22.992896,-43.648084
3076BB0170U2,1,-22.824066,-43.331618
3076BB0142U1,1,-22.824608,-43.333369
3076O00044C1,1,-22.84961,-43.33246
3076O00048C9,1,-22.854474,-43.32955
3076O00047C9,1,-22.854203,-43.33177
3076O00075C0,1,-22.847531,-43.323792
2035O00068C0,1,-22.91547,-43.22944
2035O00073C0,1,-22.91901,-43.23323
2035O00072C0,1,-22.917413,-43.231038
3069O00054C0,1,-22.898888,-43.313189
3069O00046C0,1,-22.90248,-43.31247
3069O00066C0,1,-22.904135,-43.313028
isx5,1,-22.974916,-43.326428
igaf,1,-22.992143,-43.420586
i5p2,1,-22.831067,-43.411096
hwwo,1,-23.015623,-43.473209
hsr0,1,-22.854068,-43.383811
hift,1,-22.853969,-43.383859
3071O00003C0,1,-22.8807,-43.29133
3071O00001C0,1,-22.87837,-43.29092
2038O00004C0,1,-22.92566,-43.25397
2037O00045C0,1,-22.92798,-43.25196
2037O00042C0,1,-22.92808,-43.25445
2037O00041C0,1,-22.92704,-43.25375
3071O00023C9,1,-22.88058,-43.28842
3066O00041C9,1,-22.90702,-43.2975
3066O00040C9,1,-22.90567,-43.29927
3066O00057C0,1,-22.914455,-43.298269
jwsq,1,-23.001482,-43.365629
jar5,1,-22.942224,-43.33239
j7r6,1,-22.915793,-43.378803
3067O00013C0,1,-22.905382,-43.311908
3069O00007C0,1,-22.89213,-43.30614
3069O00044C0,1,-22.89947,-43.3111
3069O00035C0,1,-22.87593,-43.30888
3069O00034C0,1,-22.87822,-43.30967
3069O00033C0,1,-22.878985,-43.310636
3069O00032C0,1,-22.88019,-43.31214
3069O00022C0,1,-22.900156,-43.313888
3069O00021C0,1,-22.898301,-43.313281
3069O00055C0,1,-22.901831,-43.314256
3064O00009C9,1,-22.89797,-43.28759
3065O00036C0,1,-22.895086,-43.273695
3065O00035C0,1,-22.89279,-43.27658
3065O00034C0,1,-22.89435,-43.2756
3065O00017C0,1,-22.89077,-43.27098
3065O00016C0,1,-22.89091,-43.26941
3065O00015C0,1,-22.89127,-43.26831
3065O00014C0,1,-22.890074,-43.267547
3065O00013C0,1,-22.88792,-43.2662
lgtn,1,-22.91743,-43.354332
kski,1,-22.853836,-43.384374
kclj,1,-22.914723,-43.346
3066O00049C0,1,-22.90755,-43.29644
3066O00047C0,1,-22.90996,-43.29674
3066O00043C0,1,-22.899391,-43.298737
3066O00042C0,1,-22.89706,-43.28983
3062O00014C0,1,-22.91076,-43.27712
3062O00010C0,1,-22.91035,-43.28282
3062O00009C0,1,-22.91165,-43.28264
3062O00008C0,1,-22.91283,-43.28345
3062O00007C0,1,-22.912561,-43.284735
noch,1,-23.022156,-43.457293
n3uu,1,-23.020266,-43.453151
mfeq,1,-22.94004,-43.332428
lodo,1,-22.990193,-43.640101
3062O00076C0,1,-22.911599,-43.285363
3063O00037C0,1,-22.901565,-43.288313
3063O00069C0,1,-22.901691,-43.290577
3063O00058C0,1,-22.903183,-43.285146
251b,1,-22.839544,-43.23989
3064O00012C9,1,-22.90051,-43.28912
3064O00011C0,1,-22.89832,-43.28899
3055O00019C0,1,-22.865404,-43.299333
3057O00007C0,1,-22.90341,-43.24279
3056O00033C0,1,-22.870282,-43.308
oazv,1,-22.985311,-43.329534
o4ce,1,-22.912214,-43.388966
nvcy,1,-22.8539,-43.383631
3058O00021C0,1,-22.898149,-43.250978
3058O00016C0,1,-22.89781,-43.25017
3059O00014C0,1,-22.896901,-43.2567
3040O00009C0,1,-22.86682,-43.25679
3039O00024C0,1,-22.887617,-43.246894
3039O00020C0,1,-22.88382,-43.24923
3061O00040C0,1,-22.907978,-43.271686
3062O00017C0,1,-22.90947,-43.2817
3062O00016C0,1,-22.90849,-43.27851
3062O00015C0,1,-22.90969,-43.27876
qcc5,1,-22.865443,-43.299728
qbpr,1,-22.984879,-43.412353
3054O00026C0,1,-22.87934,-43.28483
3054O00025C0,1,-22.876455,-43.29022
3054O00021C0,1,-22.87212,-43.26918
3054O00020C0,1,-22.87343,-43.27555
q5zb,1,-22.899929,-43.210843
pr4l,1,-22.86762,-43.559307
p9qq,1,-22.929042,-43.587278
ov4g,1,-22.854009,-43.383956
3054O00060C0,1,-22.872218,-43.273815
3054O00065C0,1,-22.875772,-43.289022
3054O00062C0,1,-22.871527,-43.27049
3054O00061C0,1,-22.871703,-43.272915
3056O00015C0,1,-22.87197,-43.30825
3056O00014C0,1,-22.87391,-43.30845
3050O00002C0,1,-22.86957,-43.25945
3041BC0001U1,1,-22.85749,-43.25809
3052O00016C0,1,-22.88588,-43.26421
3052O00015C0,1,-22.88409,-43.26087
3052O00014C0,1,-22.88259,-43.26152
3052O00013C0,1,-22.88242,-43.26045
3052O00012C0,1,-22.88315,-43.26153
3052O00011C0,1,-22.88424,-43.26342
3041O00012C0,1,-22.84983,-43.24768
3041BC0002U2,1,-22.85471,-43.25364
3041BC0002U1,1,-22.8548,-43.25366
3041BC0001U2,1,-22.85739,-43.25807
rapr,1,-22.873669,-43.265129
r7yl,1,-23.000802,-43.430143
r2q9,1,-22.853712,-43.384084
qkqu,1,-22.887515,-43.304291
3046O00016C9,1,-22.82299,-43.29997
3046O00015C9,1,-22.822464,-43.299257
3046O00014C9,1,-22.82509,-43.28957
s9nt,1,-22.942989,-43.331585
s279,1,-22.862455,-43.402021
rtph,1,-22.930427,-43.332854
raw6,1,-22.843427,-43.349244
3042BC0001U2,1,-22.8485,-43.26544
3042BC0001U1,1,-22.84856,-43.26549
3041O00080C0,1,-22.856383,-43.249661
3046O00054C0,1,-22.821399,-43.292515
3047O00011C0,1,-22.81475,-43.29625
3046O00067C0,1,-22.819707,-43.290857
3041O00043C0,1,-22.843433,-43.251348
3050O00004C0,1,-22.86976,-43.26571
3050O00003C0,1,-22.87001,-43.26233
3045O00033C9,1,-22.82402,-43.28803
3045O00032C9,1,-22.83077,-43.28994
3045O00031C9,1,-22.829852,-43.287469
3045O00030C9,1,-22.82824,-43.2863
3045O00029C0,1,-22.82836,-43.28481
teby,1,-22.854095,-43.383736
t0a6,1,-22.908436,-43.184893
szlx,1,-22.841363,-43.566795
sxsb,1,-22.851331,-43.460161
1005O00016S9,1,-22.90836,-43.17734
3045O00071C0,1,-22.830913,-43.291975
3046O00039C0,1,-22.82303,-43.29558
3046O00020C9,1,-22.82519,-43.30817
3046O00019C9,1,-22.82436,-43.30637
3046O00018C9,1,-22.82318,-43.30393
3046O00017C9,1,-22.82366,-43.30153
5149O00268C9,1,-22.91635,-43.68956
02nt,1,-22.82531,-43.279603
0kfe,1,-23.001088,-43.366492
wkbz,1,-22.889991,-43.306912
3042O00111C0,1,-22.851388,-43.278198
3042O00109C0,1,-22.850657,-43.277244
3042O00106C0,1,-22.849563,-43.277906
3043O00002C0,1,-22.84772,-43.2839
3043O00001C0,1,-22.84853,-43.28204
3043BC0112U2,1,-22.842482,-43.272557
3043BC0004U2,1,-22.84239,-43.27251
3043BC0003U2,1,-22.84138,-43.27679
3043BC0002U1,1,-22.84201,-43.27684
3043O00030C0,1,-22.848017,-43.283826
3043O00071C0,1,-22.84581,-43.28908
3043O00051C0,1,-22.83592,-43.27112
5149O00111C9,1,-22.92252,-43.70051
5149O00109C9,1,-22.902065,-43.720356
5149O00123C0,1,-22.93666,-43.667766
5150O00052C0,1,-22.987432,-43.688509
5149O00184C9,1,-22.918053,-43.692908
5149O00183C9,1,-22.916251,-43.689614
5149O00177C9,1,-22.91137,-43.67885
5149O00176C9,1,-22.910413,-43.674766
5149O00161C9,1,-22.88804,-43.671163
1007O00015C0,1,-22.928232,-43.203643
1007O00014C0,1,-22.92616,-43.2049
5149O00185C9,1,-22.922397,-43.700582
5149O00238C0,1,-22.941385,-43.663047
5149O00237C0,1,-22.940294,-43.665208
5149O00266C9,1,-22.914671,-43.687065
5149O00275C9,1,-22.89546,-43.65414
