stop_id,quantidade_ocorrencias,stop_lat,stop_lon
5162O00021C0,42,-22.85609,-43.4926
5139O00234C0,42,-22.863269,-43.439895
5140O00008C0,41,-22.861664,-43.448712
5141O00026C9,41,-22.860023,-43.457794
5139O00233C0,41,-22.866032,-43.425502
5141O00024C9,39,-22.857615,-43.472534
5162O00005C0,39,-22.85552,-43.48228
3106O00045C2,38,-22.8431,-43.37356
5139O00232C9,38,-22.864645,-43.43201
5139O00231C0,38,-22.864042,-43.435499
5139O00230C0,38,-22.86376,-43.43729
3106O00011C9,38,-22.84171,-43.37129
5141O00025C0,37,-22.859405,-43.46113
3106O00044C9,37,-22.845803,-43.377968
3106O00013C9,37,-22.84486,-43.37643
5139O00235C9,37,-22.86227,-43.44518
5140O00073C0,37,-22.861062,-43.451848
5134O00038C9,37,-22.84688,-43.37968
3106O00046C2,36,-22.840251,-43.368941
5141O00315C9,35,-22.857112,-43.496716
5135O00013C0,34,-22.853299,-43.393713
5162O00022C0,34,-22.855105,-43.487509
5135O00012C9,33,-22.861795,-43.41057
5134O00002C0,31,-22.847904,-43.382307
5144O00486P9,31,-22.9016,-43.55535
3106O00009C1,31,-22.84578,-43.37888
3106O00007C1,31,-22.84398,-43.37593
3106O00008C0,31,-22.8444,-43.37664
5141O00256C9,30,-22.880073,-43.466605
3039O00038C0,29,-22.884608,-43.236203
3039O00009C0,29,-22.88592,-43.23489
3039O00008C0,29,-22.87796,-43.24145
2032O00028C0,29,-22.908498,-43.209965
5149O00203C9,29,-22.91555,-43.68352
1008O00022S0,29,-22.91013,-43.205583
3110O00010C0,28,-22.831865,-43.352376
3041O00014C0,28,-22.85489,-43.24796
3041O00013C0,28,-22.853,-43.24792
3110O00009C9,28,-22.83264,-43.3546
3112O00016C2,28,-22.836516,-43.362887
3040O00042C0,28,-22.855944,-43.248033
5139O00002C9,27,-22.865192,-43.422267
5149O00230C0,27,-22.9151,-43.68275
5134O00003C0,27,-22.85086,-43.38424
3110O00007C9,27,-22.833929,-43.35793
5135O00002C0,26,-22.8621,-43.41192
3106O00048C1,26,-22.841234,-43.371505
3106O00006C0,26,-22.84272,-43.37389
5143O00001C0,26,-22.86114,-43.53394
3106O00001C0,26,-22.83941,-43.36856
5139O00204C9,26,-22.86538,-43.425586
5141O00001C9,25,-22.859704,-43.457426
5140O00079C9,25,-22.861314,-43.44854
dies,25,-22.856472,-43.248027
5140O00080C9,25,-22.860843,-43.451217
5139O00004C9,25,-22.864184,-43.432799
5139O00006C9,25,-22.8634,-43.43716
5143O00002C9,25,-22.86053,-43.52155
5134O00023C0,25,-22.85069,-43.38404
5139O00205C9,25,-22.862677,-43.441036
5139O00008C9,25,-22.86207,-43.44451
1158O00001C0,25,-22.885926,-43.228785
5139O00003C9,25,-22.86502,-43.42724
3040O00015C0,25,-22.87026,-43.24704
3040O00013C1,25,-22.86074,-43.24814
5141O00021C9,25,-22.860723,-43.513684
1158O00010C0,24,-22.88639,-43.22657
5135O00001C9,24,-22.85307,-43.393978
5144O00067C9,24,-22.90144,-43.55557
5149O00193C9,24,-22.91523,-43.68527
1005O00030S0,23,-22.900515,-43.177892
5162O00007C9,23,-22.85476,-43.49044
5162O00003C9,23,-22.8553,-43.49289
5162O00001C9,23,-22.85523,-43.48228
5162O00002C9,23,-22.854785,-43.487522
1158O00012C0,23,-22.88901,-43.22447
3040O00014C1,23,-22.86471,-43.24819
3076O00026C9,23,-22.82455,-43.3324
tsbj,23,-22.891756,-43.222178
1010O00047C0,23,-22.8904,-43.21891
5149O00030C9,22,-22.91419,-43.68007
5144O00485P9,22,-22.90168,-43.55506
1010O00130C1,22,-22.900021,-43.211165
5149O00223C9,22,-22.91665,-43.6798
5149O00221C9,22,-22.92036,-43.67992
5149O00222C9,22,-22.919,-43.68013
1010O00021C0,22,-22.89479,-43.21542
1003O00028C0,21,-22.907146,-43.209478
5144O00050C9,21,-22.89185,-43.55925
3039O00021C0,21,-22.88557,-43.23452
ejlo,21,-22.89211,-43.214487
56qn,21,-22.903383,-43.209714
5144O00049C9,21,-22.89362,-43.5589
5141O00254C9,21,-22.8568,-43.47218
3112O00002C1,21,-22.8366,-43.363926
5141O00010C9,21,-22.87553,-43.46543
3110O00003C1,21,-22.832236,-43.354663
3110O00006C1,21,-22.831184,-43.352072
3110O00052C0,21,-22.833444,-43.357947
3039O00006C0,21,-22.880673,-43.238808
3039O00005C0,21,-22.884006,-43.235933
3076O00124C0,21,-22.82177,-43.323799
1004O00006C0,21,-22.88546,-43.22908
3157O00003C0,21,-22.877531,-43.240994
3047O00013C0,21,-22.81771,-43.30707
1004O00003C0,21,-22.8886,-43.22001
1004O00005C0,21,-22.88464,-43.2265
3046O00003C0,21,-22.81486,-43.29358
6oes,20,-22.887372,-43.223594
3077O00009C0,20,-22.83734,-43.3399
3077O00046C1,20,-22.839994,-43.338748
3076O00125C0,20,-22.822537,-43.326187
3076O00126C0,20,-22.82325,-43.32839
5145O00019C9,20,-22.89911,-43.54141
3083O00082C0,20,-22.877572,-43.335695
5145O00022C9,20,-22.89509,-43.53686
3083O00083C0,20,-22.879495,-43.332542
5144O00068C9,20,-22.90253,-43.56061
5145O00017C9,20,-22.88845,-43.52147
5145O00014C9,20,-22.89264,-43.52933
5144O00519C0,20,-22.90154,-43.55726
5144O00463C1,20,-22.90363,-43.56352
5141O00213C9,20,-22.85738,-43.46871
5141O00005C9,20,-22.85867,-43.502831
5141O00004C9,20,-22.85681,-43.49683
5144O00177C9,20,-22.90211,-43.5465
3047O00037C0,20,-22.81945,-43.30981
3045O00013C1,20,-22.81975,-43.28418
3041O00009C0,20,-22.8406,-43.25355
5139O00044C9,20,-22.87864,-43.42896
5139O00043C9,20,-22.878132,-43.433947
3043O00009C0,20,-22.82998,-43.2711
3043O00010C1,20,-22.83301,-43.26594
3110O00036C0,20,-22.831528,-43.344526
5141O00260C9,20,-22.880286,-43.470283
3041O00011C0,20,-22.847834,-43.247621
3110O00038C0,20,-22.83518,-43.341
3042O00011C0,20,-22.83712,-43.25831
3043O00091C0,20,-22.83544,-43.2614
3110O00037C0,20,-22.83246,-43.34291
5144O00480C9,19,-22.862002,-43.549473
5144O00645C0,19,-22.862281,-43.555514
5144O00319C9,19,-22.86181,-43.54684
5144O00318C0,19,-22.86217,-43.55342
5141O00041C9,19,-22.87973,-43.46439
3041O00010C0,19,-22.84348,-43.25089
5149O00013C9,19,-22.921655,-43.680134
1008O00005S0,19,-22.908619,-43.201048
5149O00012C0,19,-22.920728,-43.68112
3110O00062C2,19,-22.834764,-43.340982
3045O00015C1,19,-22.82239,-43.28083
3044O00056C0,19,-22.826435,-43.275608
5139O00055C9,19,-22.87894,-43.42575
3045O00014C0,19,-22.82072,-43.28296
3076O00146C0,19,-22.820558,-43.319558
5134O00005C9,19,-22.854904,-43.383597
3077O00029C0,19,-22.8371,-43.33991
5134O00024C9,18,-22.856516,-43.38627
5134O00009C9,18,-22.848448,-43.382186
5134O00022C9,18,-22.853366,-43.384669
5144O00130C0,18,-22.92341,-43.5671
5134O00006C9,18,-22.856893,-43.386822
5144O00330C9,18,-22.9066,-43.56553
5143O00018C0,18,-22.87219,-43.51072
3157O00020C9,18,-22.87532,-43.242603
5144O00052C9,18,-22.886297,-43.558288
5144O00051C9,18,-22.88821,-43.55958
5144O00127C0,18,-22.922123,-43.564381
1005O00189C0,18,-22.90843,-43.17465
5149O00011C9,18,-22.919797,-43.683075
3110O00025C0,18,-22.830098,-43.345669
1005O00190C0,18,-22.909323,-43.174306
3110O00049C9,18,-22.826794,-43.338717
5135O00017C9,17,-22.864106,-43.398541
5135O00020C9,17,-22.860096,-43.390301
5135O00014C9,17,-22.868995,-43.408586
5135O00015C9,17,-22.868045,-43.406631
5135O00016C9,17,-22.866031,-43.402503
5140O00010C9,17,-22.87723,-43.446017
3110O00050C0,17,-22.83201,-43.34291
5138O00007C9,17,-22.87038,-43.41161
3157O00007C0,17,-22.85692,-43.24747
5142O00019C9,17,-22.883578,-43.491546
5142O00020C9,17,-22.882314,-43.482695
3157O00008C0,17,-22.853761,-43.247339
3157O00005C2,17,-22.864536,-43.247635
3157O00006C0,17,-22.86092,-43.2475
3157O00009C0,17,-22.851669,-43.247233
5143O00014C0,17,-22.87569,-43.52554
5135O00018C9,17,-22.863259,-43.396796
5144O00417C0,17,-22.928212,-43.573308
5144O00433C0,17,-22.901446,-43.560665
5134O00004C9,17,-22.853636,-43.384975
5144O00134C0,17,-22.92625,-43.57174
5135O00019C9,17,-22.862334,-43.394883
5144O00132C0,17,-22.924758,-43.56999
5144O00139C9,16,-22.933006,-43.575501
5144O00140C9,16,-22.934277,-43.577134
5144O00317C9,16,-22.86372,-43.56338
5144O00316C0,16,-22.86462,-43.5671
5151O00131C9,16,-22.969942,-43.588749
1008O00019S0,16,-22.907776,-43.198426
5151O00126C9,16,-22.956376,-43.578658
5151O00127C0,16,-22.959258,-43.581217
5148O00064C9,16,-22.879861,-43.624506
5141O00059C9,16,-22.8684,-43.50922
5151O00065C9,16,-22.963298,-43.587642
5148O00065C0,16,-22.879031,-43.619805
3070O00001C2,16,-22.88548,-43.30031
5140O00015C9,16,-22.878122,-43.44814
5151O00063C9,16,-22.965675,-43.589718
5151O00128C9,16,-22.961622,-43.583617
5144O00487P9,16,-22.90214,-43.55516
5149O00234C0,16,-22.93561,-43.65622
5148O00063C9,16,-22.88031,-43.6275
5142O00074C9,16,-22.882712,-43.486827
5144O00421C9,16,-22.86561,-43.57482
3077O00028C0,16,-22.839308,-43.338838
5148O00034C9,16,-22.8821,-43.63594
3082O00007C0,16,-22.88058,-43.32313
5151O00129C9,16,-22.967679,-43.589128
5144O00422C9,15,-22.8602,-43.5215
5144O00168C9,15,-22.886032,-43.558335
5144O00138C0,15,-22.93205,-43.57471
5144O00315C0,15,-22.86806,-43.59398
5144O00314C0,15,-22.87029,-43.59983
5149O00026C9,15,-22.922132,-43.679555
5151O00132C9,15,-22.974085,-43.58941
5148O00085C9,15,-22.877178,-43.614674
5148O00066C9,15,-22.878012,-43.616593
5141O00255C9,15,-22.860431,-43.513455
5144O00420C0,15,-22.86636,-43.58471
5151O00133C0,15,-22.977459,-43.589915
5139O00038C9,15,-22.87803,-43.44195
5139O00202C9,15,-22.878154,-43.43932
5139O00041C9,15,-22.878192,-43.437613
5139O00042C9,15,-22.87805,-43.435965
5151O00138C9,15,-22.987858,-43.592524
5151O00137C9,15,-22.985127,-43.590743
5151O00136C9,15,-22.981786,-43.588257
5144O00122C9,15,-22.91321,-43.5641
5144O00634C9,15,-22.930676,-43.574361
5138O00025C9,15,-22.87025,-43.41333
5144O00022C9,15,-22.86029,-43.51662
5144O00125C0,15,-22.917826,-43.563646
5144O00123C9,15,-22.91518,-43.56349
5o6j,15,-22.906503,-43.17581
5144O00313C0,15,-22.87543,-43.61113
5148O00033C9,14,-22.882998,-43.639227
5142O00016C9,14,-22.87971,-43.50393
5141O00029C9,14,-22.877109,-43.473056
5141O00043C9,14,-22.879638,-43.45827
5151O00140C9,14,-22.991633,-43.594109
5141O00042C9,14,-22.879705,-43.4631
5141O00044C9,14,-22.879609,-43.456474
5141O00038C9,14,-22.88041,-43.473897
5144O00199C0,14,-22.93852,-43.57788
5141O00037C9,14,-22.880428,-43.475564
5135O00010C9,14,-22.86977,-43.410512
5135O00040C9,14,-22.868933,-43.408813
5135O00005C9,14,-22.862793,-43.396208
4122O00300P1,14,-22.923392,-43.374281
4128O00172C0,14,-23.0065,-43.309209
4120O00046C0,14,-22.94076,-43.34431
5141O00036C9,14,-22.880517,-43.477424
5141O00035C9,14,-22.880996,-43.480382
5149O00077C9,14,-22.912604,-43.686631
5142O00017C9,14,-22.881481,-43.50018
5140O00014C9,14,-22.879552,-43.451761
5140O00013C9,14,-22.879595,-43.454232
5145O00013C9,14,-22.89368,-43.53337
5145O00016C9,14,-22.89026,-43.52452
3086O00025C0,14,-22.854404,-43.351791
5144O00024C9,14,-22.8608,-43.53325
5142O00010C9,14,-22.879961,-43.506795
3114O00003C0,14,-22.80866,-43.3697
3076O00017C1,14,-22.83228,-43.32865
5145O00021C9,14,-22.89693,-43.53895
5144O00015C9,14,-22.92179,-43.56375
5143O00009C9,14,-22.881139,-43.51043
5144O00468C9,14,-22.923541,-43.566355
3087O00001C0,14,-22.85267,-43.3535
5139O00009C9,14,-22.87672,-43.423429
5139O00010C9,14,-22.876478,-43.426874
5139O00011C9,14,-22.87629,-43.42894
5139O00012C9,14,-22.87607,-43.4317
5143O00008C9,14,-22.88234,-43.51392
5142O00018C9,14,-22.882359,-43.496211
5143O00032C9,14,-22.885661,-43.519829
5143O00007C9,14,-22.884829,-43.518671
4128O00109C0,14,-23.00633,-43.312271
5145O00020C9,14,-22.89817,-43.54034
5135O00004C9,13,-22.862048,-43.394673
nffo,13,-22.828819,-43.344412
5135O00009C9,13,-22.867836,-43.406558
5135O00003C9,13,-22.859768,-43.390006
4121O00063C0,13,-22.928637,-43.356319
4121O00062C0,13,-22.927945,-43.358438
5135O00006C9,13,-22.864455,-43.399626
4123O00035C0,13,-22.915198,-43.36147
5135O00007C9,13,-22.865645,-43.402078
5135O00008C9,13,-22.866781,-43.404414
5139O00015C9,13,-22.875409,-43.442151
5139O00016C9,13,-22.875263,-43.444354
5150O00005C9,13,-22.957474,-43.690302
5150O00003C0,13,-22.9541,-43.68484
4128O00057C0,13,-22.999349,-43.35729
5150O00009C9,13,-22.96415,-43.70459
5139O00013C9,13,-22.87573,-43.43715
5149O00165C0,13,-22.93178,-43.65764
5149O00167C0,13,-22.93332,-43.66208
1005O00219C0,13,-22.912419,-43.174325
5148O00062C9,13,-22.881196,-43.632498
5139O00014C9,13,-22.875577,-43.439995
5149O00025C9,13,-22.92456,-43.6791
3063O00003C0,13,-22.902407,-43.277114
5149O00082C9,13,-22.893723,-43.674424
5149O00083C0,13,-22.891871,-43.668655
5149O00219C9,13,-22.93586,-43.65477
5148O00123C9,13,-22.91604,-43.63286
5148O00028C9,13,-22.91566,-43.63088
5149O00168C9,13,-22.93461,-43.66553
5140O00003C9,13,-22.87609,-43.44828
5149O00190C9,13,-22.93382,-43.654334
3110O00012C9,13,-22.828391,-43.343295
5144O00412C0,13,-22.936804,-43.575821
5144O00373C0,13,-22.90725,-43.56431
5144O00176C9,13,-22.90248,-43.5488
3079O00001C2,12,-22.8835,-43.32058
3079O00002C2,12,-22.88445,-43.31751
3079O00040C2,12,-22.88498,-43.31429
3079O00041C2,12,-22.884744,-43.316116
3079O00042C2,12,-22.885103,-43.311568
3082O00004C1,12,-22.88256,-43.32373
5144O00191C9,12,-22.896358,-43.563343
j1ff,12,-22.876437,-43.421069
5144O00178C9,12,-22.90145,-43.544346
1008O00002S0,12,-22.909508,-43.205978
3043O00005C0,12,-22.834471,-43.262022
5144O00416C9,12,-22.90914,-43.566386
5144O00408C0,12,-22.89985,-43.55893
3083O00003C0,12,-22.86851,-43.33486
3043O00008C0,12,-22.83359,-43.2637
1008O00001S0,12,-22.90769,-43.20011
5148O00032C9,12,-22.88424,-43.64381
5142O00024C0,12,-22.87096,-43.50935
5149O00079C9,12,-22.906209,-43.684189
5149O00084C9,12,-22.88908,-43.6596
5149O00081C9,12,-22.896743,-43.677296
5149O00080C9,12,-22.903821,-43.682457
3069O00058C2,12,-22.88672,-43.306443
3043O00004C0,12,-22.83677,-43.25775
3063O00007C2,12,-22.82991,-43.27026
5149O00078C9,12,-22.908635,-43.685969
3110O00047C0,12,-22.83084,-43.34498
3104O00026C0,12,-22.825297,-43.23298
3104O00025C0,12,-22.832316,-43.238251
3104O00004C0,12,-22.832564,-43.242569
zz06,12,-22.908018,-43.567022
5144O00156C0,12,-22.93344,-43.57498
r156,12,-22.877169,-43.336312
5144O00456C9,12,-22.907814,-43.563654
2035O00059C0,12,-22.910653,-43.221862
1005O00012S0,12,-22.905624,-43.193575
uhwn,12,-22.903735,-43.566528
1005O00004S0,12,-22.905275,-43.192459
2035O00002S0,12,-22.91533,-43.2325
5144O00169C9,12,-22.887202,-43.559338
5144O00170C9,12,-22.890821,-43.559679
axf5,12,-22.906693,-43.568287
3082O00041C1,12,-22.882414,-43.327022
3082O00054C0,12,-22.881225,-43.329656
3069O00057C2,12,-22.88562,-43.30967
5148O00135C9,12,-22.887474,-43.65458
5149O00122C9,12,-22.916912,-43.684567
5151O00052C0,12,-22.99206,-43.592879
3157O00011C0,12,-22.84303,-43.25054
3157O00012C0,12,-22.83988,-43.25343
5139O00056C9,12,-22.877932,-43.422899
5139O00057C9,12,-22.875147,-43.419456
3044O00001C2,12,-22.82591,-43.27531
3044O00002C2,12,-22.821798,-43.280654
3063O00002C0,12,-22.90128,-43.278356
3044O00003C2,12,-22.81992,-43.28304
5149O00224C9,12,-22.899281,-43.679163
5149O00228C9,12,-22.915671,-43.685866
3083O00075C0,12,-22.877277,-43.333774
5144O00020C0,12,-22.90429,-43.55658
5143O00042C0,12,-22.871724,-43.509797
3069O00003C2,12,-22.88646,-43.30281
3083O00062C0,12,-22.86626,-43.33435
3157O00010C0,12,-22.846774,-43.247407
1012O00039C0,12,-22.89788,-43.24049
3053O00008C0,12,-22.878863,-43.265859
4120O00109C0,12,-22.939331,-43.344359
4121O00051C0,12,-22.929454,-43.353904
4121O00055C0,12,-22.935049,-43.352681
4121O00053C0,12,-22.932424,-43.353153
4128O00018C0,12,-23.000356,-43.357617
5138O00006C9,12,-22.87189,-43.41539
3046O00002C0,12,-22.815273,-43.289663
5144O00100C0,12,-22.8916,-43.58892
5146O00019C0,12,-22.892358,-43.592158
5144O00042C0,12,-22.902056,-43.559857
3082O00005C2,12,-22.88284,-43.3224
4123O00033P1,12,-22.915626,-43.361259
3047O00004C0,12,-22.8142,-43.29637
3047O00003C0,12,-22.814249,-43.293647
4120O00107C0,12,-22.938629,-43.34697
5138O00005C9,12,-22.873166,-43.416973
3083O00086C9,12,-22.87163,-43.33592
3083O00081C0,12,-22.875623,-43.339006
3076O00009C0,11,-22.82463,-43.33424
5144O00413C0,11,-22.912782,-43.564164
3076O00007C0,11,-22.82216,-43.32669
5144O00174C9,11,-22.900673,-43.55042
djub,11,-22.996211,-43.260525
3082O00002C0,11,-22.88283,-43.34025
5144O00175C9,11,-22.90176,-43.55044
1005O00146S0,11,-22.9124,-43.18938
5144O00414C0,11,-22.91077,-43.5646
5144O00167C0,11,-22.885067,-43.555716
3066O00003C2,11,-22.885668,-43.290084
3064O00002C0,11,-22.88744,-43.2864
5149O00053C9,11,-22.948775,-43.681067
5149O00010C9,11,-22.917924,-43.684977
3104O00002C0,11,-22.82164,-43.229104
5143O00011C0,11,-22.87778,-43.53232
5144O00008C9,11,-22.928685,-43.57339
3098O00003C0,11,-22.7893,-43.16436
5143O00017C0,11,-22.874176,-43.514419
5143O00016C0,11,-22.87386,-43.51806
5144O00016C0,11,-22.91879,-43.56325
5144O00007C9,11,-22.930964,-43.574075
5144O00009C9,11,-22.92686,-43.57192
5144O00010C9,11,-22.92512,-43.5702
3103O00003C9,11,-22.805543,-43.212054
3104O00001C0,11,-22.81746,-43.22438
3104O00034C0,11,-22.811417,-43.217675
3155O00001C0,11,-22.882581,-43.254845
5141O00008C9,11,-22.875651,-43.457262
5141O00009C9,11,-22.875437,-43.461752
3111O00002C0,11,-22.826264,-43.338943
3110O00061C2,11,-22.831529,-43.343929
5149O00014C9,11,-22.925139,-43.679226
3104O00035C0,11,-22.815133,-43.221911
5140O00005C9,11,-22.876188,-43.451069
3063O00079P0,11,-22.899758,-43.280338
5140O00006C9,11,-22.876345,-43.454027
5140O00004C9,11,-22.876396,-43.449287
1008O00030S0,11,-22.909665,-43.206426
1008O00026S0,11,-22.9075,-43.19952
3076O00006C0,11,-22.82135,-43.32419
3089O00010C0,11,-22.87763,-43.36446
3155O00002C0,11,-22.88517,-43.25266
4120O00105C0,11,-22.937136,-43.350953
3048O00007C0,11,-22.81709,-43.30699
3048O00009C0,11,-22.8192,-43.31062
1012O00035C9,11,-22.898993,-43.239452
5144O00121C9,11,-22.91154,-43.56534
5144O00559C0,11,-22.878642,-43.537768
1012O00036C9,11,-22.89905,-43.23663
4123O00036C0,11,-22.915768,-43.36193
2031O00014C0,11,-22.99749,-43.26473
1005O00242P0,11,-22.908986,-43.170703
3071O00006C2,11,-22.8842,-43.29133
4125O00005C0,11,-22.87726,-43.36736
5144O00094C0,11,-22.91523,-43.56322
5144O00557C0,11,-22.884898,-43.553029
5144O00558C0,11,-22.884914,-43.551938
3048O00010C0,11,-22.81962,-43.31448
5144O00146C0,11,-22.878156,-43.536229
5144O00144C0,11,-22.879728,-43.542065
5144O00145C0,11,-22.879498,-43.539742
3052O00001C0,11,-22.87833,-43.26397
5144O00142C0,11,-22.883994,-43.549333
5144O00143C0,11,-22.88245,-43.54823
3076O00094C0,11,-22.823581,-43.331092
1161O00028C0,11,-22.91401,-43.1771
5144O00461C0,11,-22.905703,-43.558953
2031O00026C0,11,-22.998975,-43.270729
3052O00003C0,11,-22.880188,-43.259389
au3n,11,-22.96399,-43.335019
3082O00018C0,11,-22.882534,-43.33687
5144O00152C9,11,-22.903446,-43.567138
zxpw,11,-22.828577,-43.344666
1005O00057S0,10,-22.90319,-43.18456
4123O00046C0,10,-22.921746,-43.360706
ijp3,10,-22.876109,-43.420844
1005O00158S0,10,-22.903662,-43.187524
5144O00215C9,10,-22.86093,-43.54078
d8wp,10,-22.973659,-43.333401
4123O00040C0,10,-22.925702,-43.359806
4123O00042C0,10,-22.917542,-43.361374
4123O00044C0,10,-22.919791,-43.360448
2031O00013C0,10,-22.99468,-43.25777
3114O00030C0,10,-22.8161,-43.38584
3114O00029C0,10,-22.81606,-43.38377
2035O00071C0,10,-22.915485,-43.229139
3114O00028C0,10,-22.81513,-43.3821
5144O00099C0,10,-22.90897,-43.56316
2032O00021C0,10,-22.91154,-43.214381
5144O00394P9,10,-22.90197,-43.55501
1010O00070C9,10,-22.90052,-43.22503
5151O00053C9,10,-22.98929,-43.59176
1010O00067C9,10,-22.90022,-43.23003
1010O00068C9,10,-22.899786,-43.228369
1010O00066C0,10,-22.900648,-43.232294
2035O00086C0,10,-22.913135,-43.22715
2035O00079C0,10,-22.910814,-43.21828
3076O00016C9,10,-22.83048,-43.3269
2035O00087C0,10,-22.911268,-43.224872
5144O00078C9,10,-22.893987,-43.559913
3114O00027C0,10,-22.81416,-43.38021
3089O00011C0,10,-22.87806,-43.36096
3090O00047C0,10,-22.86249,-43.36585
5141O00022C9,10,-22.8602,-43.50596
5149O00021C9,10,-22.932321,-43.671322
5149O00009C9,10,-22.913472,-43.687069
5149O00022C0,10,-22.931246,-43.672868
5149O00023C0,10,-22.928003,-43.67683
5149O00045C9,10,-22.92648,-43.690912
5149O00024C0,10,-22.927565,-43.677348
1005O00376S2,10,-22.903617,-43.185315
3071O00033C2,10,-22.884601,-43.297845
5147O00094C9,10,-22.90517,-43.617124
3107O00016C0,10,-22.81813,-43.39125
3065O00003C0,10,-22.887155,-43.280679
1005O00249S0,10,-22.90266,-43.17553
5147O00025C9,10,-22.90624,-43.6194
1005O00240C0,10,-22.90878,-43.17147
5147O00024C0,10,-22.91027,-43.62414
1012O00037C0,10,-22.89406,-43.23986
1012O00038C0,10,-22.89556,-43.24011
5147O00022C9,10,-22.911887,-43.627275
3065O00001C0,10,-22.887738,-43.283511
5150O00034C9,10,-22.95518,-43.68684
3110O00005C0,10,-22.83062,-43.34832
5150O00085C9,10,-22.96635,-43.70556
5147O00095C9,10,-22.908122,-43.621432
5147O00096C9,10,-22.90336,-43.61388
3109O00013C0,10,-22.83662,-43.39002
3110O00004C0,10,-22.831512,-43.347712
5138O00003C9,10,-22.87246,-43.41634
5138O00004C9,10,-22.87465,-43.41906
5138O00002C9,10,-22.87139,-43.41494
3107O00015C0,10,-22.81686,-43.38934
1011O00012C9,10,-22.900175,-43.234575
1012O00012C0,10,-22.890765,-43.242335
1012O00013C0,10,-22.891768,-43.240794
1n2o,10,-22.923771,-43.36155
5144O00046C0,10,-22.89938,-43.55485
5144O00025C9,10,-22.86144,-43.54565
5147O00026C9,10,-22.90388,-43.61477
3065O00004C0,10,-22.88591,-43.27898
1010O00057C0,10,-22.898528,-43.219336
3114O00004C0,10,-22.810585,-43.371271
3114O00005C0,10,-22.81262,-43.37412
3114O00026C0,10,-22.813796,-43.378094
1005O00180C0,10,-22.90664,-43.18006
3082O00051C0,10,-22.882382,-43.333901
5141O00253C9,10,-22.87584,-43.46362
5141O00136C0,10,-22.87446,-43.46366
5148O00121C9,10,-22.918387,-43.644126
5148O00122C9,10,-22.917156,-43.638023
5142O00035C0,10,-22.89546,-43.48628
5150O00001C9,10,-22.95037,-43.68156
5150O00008C0,10,-22.96229,-43.70078
5150O00007C9,10,-22.96043,-43.69843
5150O00006C9,10,-22.95873,-43.69283
5150O00004C9,10,-22.956356,-43.688896
5150O00002C9,10,-22.95197,-43.68241
3089O00027C0,10,-22.86244,-43.36403
5141O00062C0,10,-22.86177,-43.50792
5141O00061C0,10,-22.86501,-43.50939
3082O00019C0,10,-22.882138,-43.331007
5149O00020C0,10,-22.934378,-43.668606
5148O00022C9,10,-22.918674,-43.649991
3103O00002C0,10,-22.80449,-43.2068
5141O00306C0,10,-22.863359,-43.508577
5148O00024C9,10,-22.918045,-43.642625
5137O00001C9,10,-22.884749,-43.405217
5137O00032C9,10,-22.88511,-43.40259
5148O00027C9,10,-22.91677,-43.6359
4128O00085C0,9,-23.00054,-43.33026
4128O00083C0,9,-23.002636,-43.324602
5144O00472C0,9,-22.94607,-43.57675
3155O00003C0,9,-22.886927,-43.250822
4128O00086C0,9,-23.000258,-43.333797
2031O00018C0,9,-22.992183,-43.253819
4128O00082C0,9,-23.004624,-43.319744
3hb8,9,-22.853947,-43.384101
3157O00015C0,9,-22.847052,-43.245992
5151O00060C0,9,-22.96966,-43.58854
5144O00470C0,9,-22.942826,-43.577455
5144O00225C9,9,-22.884412,-43.557
2033O00197C0,9,-22.92174,-43.2297
2033O00192C0,9,-22.91844,-43.22488
4125O00028C9,9,-22.877465,-43.373175
1005O00025S0,9,-22.9059,-43.19296
1005O00018S0,9,-22.90853,-43.17225
rsez,9,-22.993955,-43.595893
wcdt,9,-23.001475,-43.3652
5151O00001C9,9,-22.953739,-43.577323
5144O00471C0,9,-22.94421,-43.577301
3114O00090C0,9,-22.806076,-43.363787
4128O00087C0,9,-22.99995,-43.33863
5144O00119C9,9,-22.9281,-43.55457
5144O00481C9,9,-22.86131,-43.5478
3083O00027C0,9,-22.872642,-43.338874
3083O00026C0,9,-22.87407,-43.33687
a3cr,9,-22.999633,-43.353628
5144O00277C9,9,-22.936138,-43.55769
5151O00059C0,9,-22.971852,-43.588827
1005O00150S0,9,-22.90454,-43.18876
5151O00057C0,9,-22.977189,-43.589694
5151O00058C0,9,-22.974231,-43.589257
1005O00155S0,9,-22.90175,-43.18107
2035O00019S0,9,-22.91365,-43.23451
2033O00194C0,9,-22.92034,-43.22725
5151O00055C9,9,-22.985775,-43.59091
5151O00056C0,9,-22.981075,-43.587474
3083O00030C0,9,-22.868168,-43.340138
4128O00090C0,9,-22.999791,-43.346258
4128O00089C0,9,-22.999832,-43.343872
3083O00031C0,9,-22.86929,-43.339181
4128O00091C0,9,-22.99971,-43.35033
3083O00032C0,9,-22.871299,-43.337484
4128O00084C0,9,-23.00146,-43.32749
3085O00003C0,9,-22.866452,-43.341598
5147O00088C9,9,-22.911958,-43.611031
1005O00248C0,9,-22.91073,-43.188238
1005O00193S9,9,-22.90242,-43.17877
5147O00056C9,9,-22.912199,-43.613668
5144O00026C9,9,-22.861709,-43.550874
5144O00581C9,9,-22.932472,-43.555788
3114O00001C0,9,-22.804985,-43.364673
1005O00197C0,9,-22.905593,-43.182786
5150O00086C9,9,-22.97022,-43.70866
5151O00064C0,9,-22.965338,-43.589289
5151O00066C9,9,-22.963766,-43.587767
5151O00067C0,9,-22.961277,-43.582485
5151O00068C0,9,-22.957537,-43.580087
3053O00007C0,9,-22.881083,-43.272751
4128O00223C0,9,-23.007562,-43.303971
3112O00006C0,9,-22.838527,-43.362522
3112O00007C0,9,-22.8407,-43.36232
5147O00027C9,9,-22.90001,-43.6125
5147O00028C9,9,-22.89889,-43.61292
3063O00060C0,9,-22.899514,-43.274123
3065O00005C0,9,-22.88441,-43.27719
3053O00006C0,9,-22.8822,-43.2754
5151O00130C9,9,-22.967904,-43.588811
3112O00010C0,9,-22.84198,-43.36188
3076O00001C2,9,-22.852466,-43.328157
3106O00019C0,9,-22.83627,-43.38183
3106O00023C9,9,-22.84128,-43.37732
3106O00022C2,9,-22.83932,-43.37875
3106O00021C0,9,-22.83759,-43.38
1005O00239C0,9,-22.9099,-43.17266
5140O00037C9,9,-22.887258,-43.445038
5139O00179C9,9,-22.884321,-43.437942
5149O00189C9,9,-22.937033,-43.667476
3086O00010C2,9,-22.85466,-43.35038
3071O00005C2,9,-22.88182,-43.29431
5148O00006C9,9,-22.882242,-43.638698
5148O00025C9,9,-22.917651,-43.64063
5142O00067C0,9,-22.894427,-43.484602
5150O00016C9,9,-22.98478,-43.695061
3106O00018C0,9,-22.83686,-43.38385
3106O00017C0,9,-22.8366,-43.3866
5150O00010C9,9,-22.96767,-43.70629
3086O00007C9,9,-22.85177,-43.35331
5149O00092C9,9,-22.936792,-43.666816
5149O00150C0,9,-22.935321,-43.665824
5149O00170C9,9,-22.93992,-43.6739
5139O00207C9,9,-22.88575,-43.43675
3087O00011C0,9,-22.851414,-43.354955
5141O00100C9,9,-22.858161,-43.464426
1005O00181C0,9,-22.90649,-43.17764
5141O00093C0,9,-22.875343,-43.468911
5141O00094C0,9,-22.87513,-43.46558
1005O00019S0,9,-22.90609,-43.19353
5151O00018C9,9,-22.96613,-43.62118
4122O00194C0,9,-22.92746,-43.37376
2033O00229C0,9,-22.919985,-43.233785
5144O00171C0,9,-22.895229,-43.559393
3076O00104C0,8,-22.84539,-43.323823
lkdz,8,-22.993567,-43.596001
3076O00103C0,8,-22.848014,-43.324958
5144O00203C9,8,-22.92518,-43.51886
5144O00409C9,8,-22.899311,-43.560793
5144O00440C0,8,-22.907505,-43.561657
5144O00423C9,8,-22.862029,-43.556502
5141O00045C9,8,-22.888428,-43.480229
5141O00164C0,8,-22.8787,-43.47352
5141O00092C0,8,-22.87539,-43.47087
3076O00068C9,8,-22.8422,-43.32424
3076O00053C0,8,-22.84588,-43.3248
3076O00052C9,8,-22.84438,-43.32525
3055O00003C0,8,-22.865417,-43.298249
3083O00025C0,8,-22.876565,-43.335789
2036O00058S9,8,-22.917543,-43.244913
4128O00025C0,8,-23.000678,-43.339595
4128O00024C0,8,-23.000634,-43.342706
4128O00023C0,8,-23.000556,-43.346124
5144O00102C0,8,-22.89339,-43.58613
5149O00052C9,8,-22.9464,-43.68148
5149O00051C9,8,-22.94459,-43.68238
5149O00050C9,8,-22.94223,-43.684
5149O00049C9,8,-22.93857,-43.68653
5141O00052C9,8,-22.886038,-43.469121
5141O00051C9,8,-22.886118,-43.471661
5141O00050C9,8,-22.88625,-43.47554
5141O00049C9,8,-22.886275,-43.476552
5141O00048C9,8,-22.88632,-43.47819
5141O00047C9,8,-22.886374,-43.479949
5141O00046C9,8,-22.88658,-43.48075
5144O00101C0,8,-22.89246,-43.58736
2036O00094C0,8,-22.91611,-43.23688
2036O00079C0,8,-22.91649,-43.23876
4128O00021C0,8,-23.000491,-43.349954
4128O00020C0,8,-23.000453,-43.352329
5141O00016C9,8,-22.884982,-43.464803
5141O00015C9,8,-22.883057,-43.464827
5141O00014C9,8,-22.88039,-43.464867
3097O00010C9,8,-22.786449,-43.18733
3063O00040C0,8,-22.90187,-43.28154
3063O00033C2,8,-22.90433,-43.285604
3083O00073C0,8,-22.879302,-43.331783
3076O00002C2,8,-22.850463,-43.325893
2038O00095C0,8,-22.919683,-43.261361
5144O00048C9,8,-22.897671,-43.556189
3063O00032C2,8,-22.90451,-43.28764
3063O00031C2,8,-22.905269,-43.291252
3112O00014C0,8,-22.844137,-43.361952
4128O00183C0,8,-23.000909,-43.335715
3063O00077C2,8,-22.902558,-43.281207
3063O00076C2,8,-22.903066,-43.282178
5151O00078C0,8,-22.98538,-43.65045
5149O00066C0,8,-22.92412,-43.67878
5141O00282P0,8,-22.8749,-43.46257
5149O00002C0,8,-22.891517,-43.66939
3087O00010C0,8,-22.84775,-43.35917
3052O00002C1,8,-22.878337,-43.261822
5144O00033C0,8,-22.87449,-43.61051
5144O00032C0,8,-22.86941,-43.59844
5144O00031C9,8,-22.86603,-43.58429
5144O00030C9,8,-22.86524,-43.5742
5144O00029C9,8,-22.86429,-43.56703
5144O00028C0,8,-22.86343,-43.56353
5144O00027C9,8,-22.861888,-43.553994
3049O00025C0,8,-22.807253,-43.327419
5151O00155C9,8,-22.98285,-43.66184
5146O00026C9,8,-22.910045,-43.600985
5146O00025C9,8,-22.910403,-43.602822
5144O00006C0,8,-22.939232,-43.57634
5149O00155C9,8,-22.93236,-43.65519
5149O00152C0,8,-22.93158,-43.65668
5149O00151C9,8,-22.93349,-43.66172
5149O00143C9,8,-22.913896,-43.683748
5149O00115C9,8,-22.912532,-43.681389
5149O00069C0,8,-22.92197,-43.662695
5149O00068C0,8,-22.921598,-43.665945
5149O00067C0,8,-22.923642,-43.676608
1161O00021S0,8,-22.91241,-43.18541
1161O00020S0,8,-22.912949,-43.182542
5150O00051C0,8,-22.98351,-43.69304
5150O00036C9,8,-22.97796,-43.6773
5151O00141C0,8,-22.99405,-43.60219
3085O00015C0,8,-22.862097,-43.345036
3085O00014C0,8,-22.860728,-43.346426
5148O00005C9,8,-22.880741,-43.633092
5148O00004C9,8,-22.879757,-43.62749
5148O00003C9,8,-22.879034,-43.62305
5148O00002C9,8,-22.87756,-43.617088
5147O00089C9,8,-22.910852,-43.605218
1005O00224C0,8,-22.9078,-43.19226
5138O00082C9,8,-22.882367,-43.410413
5138O00017C0,8,-22.867906,-43.413339
5138O00008C9,8,-22.878273,-43.417266
3066O00031C2,8,-22.90501,-43.29376
5147O00057C0,8,-22.91147,-43.60851
5142O00073C0,8,-22.89745,-43.48689
3085O00016C0,8,-22.864066,-43.343624
5150O00021C9,8,-22.981153,-43.685752
1005O00375S2,8,-22.903332,-43.184461
1005O00371C1,8,-22.901278,-43.18014
3086O00027C0,8,-22.857844,-43.348889
3086O00009C0,8,-22.856033,-43.350425
5142O00023C9,8,-22.88941,-43.48017
5151O00329C9,8,-22.97887,-43.66917
5151O00177C0,8,-22.96844,-43.62212
5139O00083C9,8,-22.883191,-43.408671
5139O00081C9,8,-22.880228,-43.414092
5139O00080C9,8,-22.878425,-43.422218
5149O00305C0,8,-22.922302,-43.671128
5149O00286C9,8,-22.92868,-43.69021
5149O00279C9,8,-22.94819,-43.68004
3077O00012C0,8,-22.84198,-43.33661
3055O00025C0,8,-22.865491,-43.295875
4124O00031C0,8,-22.90189,-43.34779
1005O00152S0,8,-22.90519,-43.17367
1005O00226C0,8,-22.91219,-43.19057
1005O00225C0,8,-22.90958,-43.19173
3078O00001C0,8,-22.883076,-43.344106
4118O00004C0,8,-22.95342,-43.35633
4117O00006C0,8,-22.95425,-43.35474
5144O00196C9,8,-22.915889,-43.550327
3082O00015C0,8,-22.880945,-43.324178
3082O00042P0,7,-22.881793,-43.329684
3082O00052C0,7,-22.882246,-43.332903
2033O00245S0,7,-22.91739,-43.225
5144O00192C9,7,-22.901171,-43.56699
5144O00193C9,7,-22.90288,-43.56672
5144O00197C9,7,-22.92012,-43.55133
5144O00198C9,7,-22.92195,-43.55104
4115O00233C0,7,-22.974645,-43.414577
3061O00010C1,7,-22.912823,-43.270057
3078O00005C0,7,-22.88118,-43.35263
3078O00029C0,7,-22.88288,-43.346556
2033O00177C0,7,-22.92498,-43.23366
4115O00001C0,7,-22.972883,-43.41391
4124O00008C0,7,-22.896967,-43.348397
4124O00016C0,7,-22.8954,-43.34742
5151BO0001U1,7,-22.965404,-43.646949
fze2,7,-22.940808,-43.339241
hug3,7,-22.88904,-43.446599
la83,7,-22.946199,-43.576608
3076O00098C0,7,-22.850016,-43.325808
3082O00008C0,7,-22.87869,-43.32326
3044O00021C9,7,-22.839167,-43.295195
3044O00022C9,7,-22.838135,-43.291889
5149O00178C9,7,-22.89279,-43.67436
5149O00265C9,7,-22.896593,-43.677516
5149O00273C9,7,-22.92173,-43.68184
5149O00280C9,7,-22.95238,-43.68256
5149O00281C9,7,-22.95121,-43.68175
5149O00282C9,7,-22.95035,-43.68141
5151O00170C9,7,-22.953716,-43.572692
5151O00171C9,7,-22.955646,-43.57644
5151O00314C0,7,-22.99546,-43.621051
5142O00037C0,7,-22.87124,-43.48795
5148O00007C9,7,-22.88342,-43.64302
3086O00030C2,7,-22.85058,-43.34513
3086O00032C2,7,-22.847307,-43.34053
3086O00043C2,7,-22.853818,-43.349031
3086O00044C2,7,-22.85286,-43.34779
3071O00004C2,7,-22.88341,-43.29648
5151O00333C9,7,-22.943809,-43.56133
3066O00028C0,7,-22.90446,-43.29805
3066O00029C0,7,-22.90436,-43.29643
5148O00029C9,7,-22.913958,-43.629359
5148O00030C9,7,-22.920115,-43.642396
5148O00031C9,7,-22.918418,-43.63902
5142O00068C9,7,-22.89321,-43.48468
5142O00075C9,7,-22.88261,-43.487531
5142O00077C9,7,-22.891472,-43.48415
5142O00078C9,7,-22.890585,-43.482435
5142O00021C9,7,-22.893864,-43.484528
5142O00022C9,7,-22.892026,-43.484959
5149O00225C9,7,-22.887251,-43.655915
5149O00156C9,7,-22.93422,-43.65441
5149O00157C9,7,-22.93591,-43.65494
3044O00023C9,7,-22.837817,-43.290014
3044O00024C0,7,-22.837945,-43.287913
3103O00010C9,7,-22.805862,-43.211671
3104O00027C0,7,-22.825688,-43.232808
3104O00028C9,7,-22.821114,-43.227988
3104O00029C0,7,-22.81766,-43.224238
3104O00030C0,7,-22.814769,-43.221214
3104O00031C0,7,-22.811589,-43.217371
3104O00032C0,7,-22.80749,-43.21461
5151O00166C9,7,-22.948199,-43.561638
5151O00167C9,7,-22.95064,-43.56308
5151O00168C9,7,-22.950338,-43.566412
5151O00169C9,7,-22.95137,-43.569794
3108O00060C0,7,-22.828908,-43.419188
1005O00208C0,7,-22.90952,-43.17067
5147O00086C9,7,-22.915041,-43.627011
5147O00087C9,7,-22.91397,-43.62141
5151O00143C0,7,-22.993579,-43.610071
5150O00028C9,7,-22.96601,-43.70548
5150O00029C9,7,-22.96491,-43.70526
5150O00030C9,7,-22.96392,-43.70352
5150O00031C9,7,-22.96013,-43.69741
5150O00032C9,7,-22.95942,-43.69516
5150O00033C9,7,-22.95775,-43.69045
1161O00019S0,7,-22.91129,-43.18621
5150O00073C0,7,-22.9885,-43.68903
5150O00087C9,7,-22.9633,-43.70166
5150O00088C9,7,-22.96222,-43.70055
5150O00089C9,7,-22.95888,-43.69288
5149O00070C0,7,-22.922385,-43.659083
5149O00071C0,7,-22.92269,-43.65621
5149O00072C0,7,-22.923166,-43.652136
5149O00073C0,7,-22.923011,-43.647754
3043O00110C0,7,-22.836905,-43.282531
5140O00039C9,7,-22.884564,-43.4425
5140O00040C9,7,-22.88372,-43.44169
5140O00041C9,7,-22.882242,-43.440311
5150O00090C9,7,-22.95523,-43.68667
5151O00144C0,7,-22.99387,-43.61178
5151O00145C0,7,-22.9944,-43.61485
5151O00146C0,7,-22.99473,-43.61677
5151O00147C0,7,-22.99496,-43.61813
5151O00149C0,7,-22.99596,-43.62393
5144O00004C0,7,-22.943025,-43.576013
2gyu,7,-22.909873,-43.181997
2029O00031C0,7,-22.97852,-43.22751
5146O00053C9,7,-22.893295,-43.593717
1005O00198C0,7,-22.9044,-43.18332
5151O00150C0,7,-22.995733,-43.622641
1008O00004S0,7,-22.90786,-43.19828
5151O00123C0,7,-22.993292,-43.607922
5151O00125C0,7,-22.953376,-43.577071
1012O00011C0,7,-22.890046,-43.244457
5144BM0001U2,7,-22.90181,-43.55477
5144O00003C0,7,-22.94472,-43.576672
4132O00142C0,7,-23.02163,-43.48264
1005O00238S0,7,-22.909,-43.17926
3086O00069C0,7,-22.845664,-43.338401
3086O00073C2,7,-22.849076,-43.343249
3088O00010C0,7,-22.879961,-43.355449
5148O00099C0,7,-22.917412,-43.636341
5148O00101C0,7,-22.921548,-43.645478
5148O00114C0,7,-22.918816,-43.630749
5149O00001C9,7,-22.88823,-43.65889
5141O00277C0,7,-22.87913,-43.4689
3101O00001C0,7,-22.79628,-43.18371
3101O00010C0,7,-22.79788,-43.18494
3101O00030C0,7,-22.799265,-43.185244
5134O00015C9,7,-22.85933,-43.384406
5134O00017C9,7,-22.858486,-43.378038
5150O00103C0,7,-22.9539,-43.68418
5151O00114C9,7,-22.97507,-43.64805
3064O00001C0,7,-22.897884,-43.282229
3054O00001C0,7,-22.86739,-43.2868
3054O00002C0,7,-22.86901,-43.28437
3054O00003C0,7,-22.87073,-43.28374
4129O00003C0,7,-22.97609,-43.41384
5144O00579C9,7,-22.924593,-43.551948
5144O00615C0,7,-22.913195,-43.557546
5144O00618C0,7,-22.910319,-43.560726
5144O00054C9,7,-22.88445,-43.556745
5144O00055C9,7,-22.881773,-43.555999
5144O00056C9,7,-22.878683,-43.554531
5144O00057C9,7,-22.874149,-43.553315
3083O00035C0,7,-22.87924,-43.34165
3083O00036C0,7,-22.88045,-43.34242
3083O00037C0,7,-22.882069,-43.345009
5149O00006C9,7,-22.906104,-43.684416
5149O00007C9,7,-22.908936,-43.686488
5149O00008C9,7,-22.911672,-43.687426
3090O00017C0,7,-22.860248,-43.369893
3091O00010P0,7,-22.825542,-43.169242
3097O00003C0,7,-22.79511,-43.18088
3097OY0008C9,7,-22.78872,-43.1831
3097OY0009C9,7,-22.78768,-43.18416
5153O00017C0,7,-22.996657,-43.627921
5153O00018C0,7,-22.99743,-43.6295
5153O00027C0,7,-22.99924,-43.63211
5153O00035C0,7,-22.99978,-43.6341
3054O00004C0,7,-22.87217,-43.28277
3054O00005C0,7,-22.87314,-43.28202
3054O00006C0,7,-22.87317,-43.28138
3054O00007C0,7,-22.87291,-43.2806
3054O00019C0,7,-22.874057,-43.278138
4128O00112C0,7,-23.0124,-43.31865
5144O00058C9,7,-22.869493,-43.554256
5144O00059C9,7,-22.865943,-43.551108
5144O00060C9,7,-22.864616,-43.548765
5144O00061C9,7,-22.86311,-43.544439
5144O00062C9,7,-22.862763,-43.542073
3089O00012C0,7,-22.87893,-43.35733
5149O00047C9,7,-22.93096,-43.68947
5149O00048C9,7,-22.93526,-43.68879
5149O00003C9,7,-22.899121,-43.679323
5149O00005C9,7,-22.903657,-43.682635
5144O00118C9,7,-22.910267,-43.562146
3114O00080C0,7,-22.806945,-43.364935
3063O00013C9,7,-22.904487,-43.27298
3063O00014C0,7,-22.904107,-43.275817
3083O00016C0,7,-22.872676,-43.342437
3083O00017C0,7,-22.87777,-43.336183
3063O00001C0,7,-22.899838,-43.279834
3055O00004C0,7,-22.86522,-43.29301
3055O00005C0,7,-22.86552,-43.28986
3076O00064C2,7,-22.84782,-43.32503
5141O00314C9,7,-22.884422,-43.468793
3041O00012C0,7,-22.84983,-43.24768
5141O00098C0,7,-22.883128,-43.468789
5141O00099C9,7,-22.88068,-43.4688
5141O00115C0,7,-22.873115,-43.464844
5141O00128C0,7,-22.87342,-43.46536
5141O00129C0,7,-22.87346,-43.46694
5148O00088C9,7,-22.91602,-43.6337
5148O00098C0,7,-22.91691,-43.63264
3055O00006C0,7,-22.866332,-43.288437
1010O00071C0,7,-22.90061,-43.21746
1010O00075C0,7,-22.9025,-43.21814
3082O00064P0,7,-22.881524,-43.325248
5144O00430C0,7,-22.848365,-43.544398
5144O00460C9,7,-22.898653,-43.565879
2031O00023C0,7,-22.992413,-43.252342
2033O00021S0,7,-22.916428,-43.227624
5144O00415C9,7,-22.896077,-43.56228
2033O00198C0,7,-22.92259,-43.23193
5144O00278C9,7,-22.938865,-43.558956
5144O00279C9,7,-22.94143,-43.56035
3082O00006C0,7,-22.8818,-43.32456
jx4h,7,-22.925417,-43.517436
1005O00013S0,7,-22.90677,-43.19493
ta8k,6,-22.874149,-43.520115
rtq7,6,-22.942151,-43.34142
pub7,6,-22.948749,-43.339214
ort8,6,-23.001491,-43.366115
1005O00131C0,6,-22.89798,-43.18086
5144O00157C0,6,-22.87743,-43.53321
5144O00158C0,6,-22.877747,-43.535955
5144O00159C0,6,-22.878375,-43.537706
5144O00160C0,6,-22.879365,-43.539923
b558,6,-22.968338,-43.622119
bjhm,6,-22.837118,-43.338903
3076O00036C0,6,-22.828007,-43.32054
3082O00062P0,6,-22.881509,-43.325358
3083O00004C9,6,-22.8652,-43.33391
3083O00005C9,6,-22.86369,-43.33263
3083O00012C0,6,-22.87903,-43.33149
5144O00426C0,6,-22.902398,-43.561559
5144O00438C9,6,-22.900258,-43.566991
5144O00147C0,6,-22.896745,-43.576507
5144O00148C9,6,-22.899759,-43.573237
5144O00469C0,6,-22.898023,-43.574822
3061O00012C2,6,-22.91302,-43.26663
3061O00013C0,6,-22.91324,-43.26539
4116O00015C0,6,-22.958448,-43.335727
4116O00016C0,6,-22.956354,-43.336671
4116O00025C0,6,-22.9587,-43.33589
4116O00026C0,6,-22.96135,-43.33509
4116O00027C0,6,-22.964,-43.33557
4116O00029C0,6,-22.952629,-43.338386
4116O00030C0,6,-22.954469,-43.337676
4116O00036C0,6,-22.957038,-43.336635
4117O00004C0,6,-22.957861,-43.352407
4118O00002C0,6,-22.94899,-43.359761
4118O00012C0,6,-22.95302,-43.35497
4118O00014C0,6,-22.952581,-43.353193
4119O00048C0,6,-22.956278,-43.392586
4120O00024C9,6,-22.940938,-43.342736
5150O00111C9,6,-22.98221,-43.69932
5150O00112C9,6,-22.98201,-43.6968
5150O00113C9,6,-22.98304,-43.69497
5151BO0003X1,6,-22.99407,-43.59653
5151O00003C9,6,-22.936566,-43.584446
5151O00005C9,6,-22.938573,-43.588076
5151O00006C9,6,-22.941304,-43.590885
5151O00007C9,6,-22.945043,-43.595804
5151O00008C9,6,-22.946117,-43.598064
5151O00009C9,6,-22.951448,-43.60634
5151O00010C9,6,-22.952956,-43.608629
5151O00016C9,6,-22.963221,-43.614317
3056O00030C0,6,-22.863561,-43.307434
4115O00132C0,6,-22.95617,-43.39348
4115O00239C0,6,-22.97376,-43.33523
3061O00011C2,6,-22.91346,-43.26939
4128O00007C0,6,-23.00041,-43.40392
4128O00008C0,6,-23.00062,-43.397412
4128O00010C0,6,-23.00071,-43.39259
4128O00011C0,6,-23.00081,-43.38912
4128O00012C0,6,-23.00087,-43.38596
4128O00013C0,6,-23.00077,-43.38151
4128O00015C0,6,-23.000738,-43.376048
4128O00016C0,6,-23.000623,-43.372192
3157O00013C0,6,-22.848182,-43.244906
4124O00017C0,6,-22.89369,-43.34688
4124O00046C0,6,-22.901318,-43.347259
4124O00058C0,6,-22.900466,-43.349828
3056O00027C0,6,-22.865406,-43.306937
4125O00016C0,6,-22.877172,-43.369964
4125O00057C9,6,-22.877572,-43.372957
4128O00001C0,6,-23.00515,-43.42958
4128O00027C0,6,-23.00115,-43.331866
4128O00033C0,6,-23.008462,-43.303731
3054O00038C0,6,-22.87313,-43.27673
3054O00050C2,6,-22.870389,-43.27625
3054O00051C0,6,-22.868229,-43.268968
3114O00052C0,6,-22.806672,-43.366375
3114O00075C0,6,-22.806333,-43.36778
3114O00088C0,6,-22.806096,-43.367598
3063O00005C0,6,-22.90297,-43.282502
3063O00006C0,6,-22.9034,-43.28379
3061O00047C0,6,-22.915859,-43.262721
1010O00112C9,6,-22.9003,-43.223247
4128O00002C0,6,-23.00346,-43.424448
4128O00003C0,6,-23.001691,-43.418949
4128O00005C0,6,-23.000633,-43.413882
4128O00006C0,6,-23.000324,-43.408534
4128O00138C0,6,-23.007165,-43.310983
4128O00139C0,6,-23.007424,-43.306098
4128O00196C0,6,-22.999849,-43.396365
4128O00207C0,6,-22.999952,-43.392958
4128O00237C0,6,-23.001022,-43.416225
4132O00013C0,6,-23.01263,-43.458236
4132O00015C0,6,-23.01139,-43.453352
3063O00027S9,6,-22.90576,-43.27688
3063O00035C0,6,-22.90015,-43.2745
3054O00009C2,6,-22.868483,-43.274681
3054O00010C2,6,-22.86731,-43.2722
3054O00011C0,6,-22.86932,-43.268315
3054O00012C0,6,-22.872111,-43.268383
4128O00103C0,6,-22.999665,-43.402786
4128O00104C0,6,-22.999431,-43.407351
4128O00105C0,6,-22.999656,-43.41223
4132O00020C0,6,-23.02382,-43.48204
5134O00018C9,6,-22.859114,-43.375644
5150O00098C0,6,-22.98285,-43.68528
5150O00105C9,6,-22.97124,-43.70853
5150O00106C9,6,-22.97233,-43.70731
5150O00107C9,6,-22.97432,-43.70559
5150O00108C9,6,-22.97617,-43.70329
5150O00109C9,6,-22.97878,-43.70264
1010BB0128P2,6,-22.898422,-43.211546
5151O00076C9,6,-22.98749,-43.65144
5151O00079C9,6,-22.985599,-43.650426
5151O00084C9,6,-22.964027,-43.616193
5151O00096C9,6,-22.94319,-43.592798
5151O00103C9,6,-22.935087,-43.579477
3053O00009C1,6,-22.878595,-43.266048
3053O00020C9,6,-22.878735,-43.272276
3047O00030C0,6,-22.82352,-43.30911
3047O00031C0,6,-22.824357,-43.310943
5150O00022C9,6,-22.9804,-43.687342
3063O00073S1,6,-22.90386,-43.27879
5150O00110C9,6,-22.98099,-43.70139
3048O00015C9,6,-22.81251,-43.30144
3048O00016C9,6,-22.81444,-43.30122
3048O00020C9,6,-22.817278,-43.31384
3048O00021C9,6,-22.81504,-43.30996
3048O00022C9,6,-22.81274,-43.30922
3048O00023C0,6,-22.809863,-43.308671
3048O00024C9,6,-22.80881,-43.3072
3049O00012C9,6,-22.80638,-43.3255
1z95,6,-22.853957,-43.313773
4132O00016C0,6,-23.009997,-43.447691
4132O00017C0,6,-23.00875,-43.44298
5137O00012C9,6,-22.885748,-43.397508
3047O00005C9,6,-22.81766,-43.30371
3047O00010C0,6,-22.81608,-43.30169
3047O00025C0,6,-22.81996,-43.30562
3047O00027C0,6,-22.8216,-43.3071
3108O00012C0,6,-22.831322,-43.419642
3066O00002C9,6,-22.89542,-43.29709
3064O00016C0,6,-22.896732,-43.287087
5150O00023C9,6,-22.97963,-43.68906
5150O00053C9,6,-22.98131,-43.69127
3048O00013C9,6,-22.80785,-43.30432
3048O00014C9,6,-22.80953,-43.30225
5150O00054C0,6,-22.98068,-43.69078
5150O00059C9,6,-22.96789,-43.70514
5150O00061C9,6,-22.96924,-43.69846
5150O00064C9,6,-22.96996,-43.69179
5149O00320C1,6,-22.918187,-43.684636
5149O00321C1,6,-22.92009,-43.687438
3044O00027C9,6,-22.84068,-43.30231
5151O00239C9,6,-22.96459,-43.61869
5151O00240C9,6,-22.96149,-43.61228
5151O00244C9,6,-22.947266,-43.601608
5151O00281C9,6,-22.948386,-43.603851
5149O00322C1,6,-22.921103,-43.689029
5150O00017C9,6,-22.97969,-43.68921
5150O00018C9,6,-22.980485,-43.687539
5150O00019C9,6,-22.981104,-43.686183
3045O00016C0,6,-22.83688,-43.293
3045O00017C9,6,-22.83973,-43.30446
5135O00022C9,6,-22.88447,-43.40385
5137O00002C9,6,-22.885604,-43.399863
5137O00011C9,6,-22.886543,-43.392907
5149O00057C9,6,-22.93875,-43.68623
5149O00063C9,6,-22.92598,-43.68987
3066O00036C9,6,-22.90381,-43.29877
3066O00055C0,6,-22.895238,-43.294372
3066O00056C0,6,-22.89609,-43.289486
3044O00028C9,6,-22.84017,-43.29983
3044O00029C9,6,-22.8396,-43.29707
3044O00058C0,6,-22.838525,-43.301349
3044O00059C0,6,-22.83849,-43.29928
3044O00060C0,6,-22.83846,-43.29779
3044O00061C0,6,-22.83807,-43.29537
3044O00011C0,6,-22.836326,-43.289402
3044O00012C0,6,-22.83663,-43.2914
5149O00169C9,6,-22.93789,-43.67132
5149O00188C0,6,-22.93973,-43.67352
5149O00236C0,6,-22.934396,-43.668971
5141O00018C9,6,-22.88603,-43.471874
5141O00019C9,6,-22.886067,-43.473072
5141O00020C9,6,-22.886245,-43.478922
5141O00027C9,6,-22.87843,-43.4636
3100O00013C0,6,-22.810766,-43.18754
5153O00019C9,6,-23.000749,-43.634874
1005O00235C0,6,-22.907849,-43.189799
3066O00061C0,6,-22.895439,-43.300883
3068O00001C0,6,-22.889869,-43.302077
3103O00001C0,6,-22.803729,-43.204071
5149O00064C9,6,-22.924804,-43.687355
5149O00065C9,6,-22.92222,-43.68459
5140O00038C9,6,-22.885582,-43.44346
5149O00220C9,6,-22.93221,-43.65516
5149O00055C9,6,-22.94674,-43.68128
5149O00056C9,6,-22.94082,-43.68486
3096O00004C0,6,-22.80881,-43.18376
3068O00002C0,6,-22.89079,-43.30325
3068O00003C0,6,-22.89259,-43.30325
3068O00004C0,6,-22.89385,-43.30385
3097OY0015C9,6,-22.78659,-43.1856
3098O00018C0,6,-22.789137,-43.16196
3100O00001C0,6,-22.810443,-43.18465
3100O00003C0,6,-22.81138,-43.190725
3100O00004C9,6,-22.81144,-43.19284
3100O00005C9,6,-22.809807,-43.19526
3100O00006C9,6,-22.80844,-43.19623
3100O00007C9,6,-22.80693,-43.1976
3100O00008C0,6,-22.80604,-43.19953
5140O00084C0,6,-22.89294,-43.45364
5140O00085C9,6,-22.89437,-43.4518
5141O00017C9,6,-22.885858,-43.466103
5149O00054C9,6,-22.94813,-43.68098
5141O00030C9,6,-22.878237,-43.474677
5141O00031C9,6,-22.879357,-43.476893
5141O00033C9,6,-22.880703,-43.480071
3089O00040C0,6,-22.864065,-43.362153
3089O00044C0,6,-22.864473,-43.359064
3089O00047C0,6,-22.865554,-43.356026
3090O00015C0,6,-22.86223,-43.367211
3090O00016C0,6,-22.861115,-43.369537
3090O00030C9,6,-22.86156,-43.3704
3090O00031C0,6,-22.86217,-43.36912
3090O00032C9,6,-22.86349,-43.3664
3090O00034C0,6,-22.87685,-43.36993
3090O00035C9,6,-22.876598,-43.371499
3091O00002C0,6,-22.82525,-43.17214
3096O00003C0,6,-22.80656,-43.18253
5149O00017C9,6,-22.931297,-43.673187
5149O00018C9,6,-22.93257,-43.67142
3043BC0002U1,6,-22.84201,-43.27684
3088O00014C0,6,-22.87965,-43.35556
3088O00034C0,6,-22.86679,-43.35393
3088O00036C0,6,-22.867373,-43.352905
3088O00040C0,6,-22.868363,-43.351194
3088O00042C0,6,-22.869444,-43.349309
3088O00043C0,6,-22.870745,-43.34722
3070O00003C0,6,-22.88715,-43.29698
3070O00004C0,6,-22.88835,-43.29783
3088O00048C0,6,-22.871876,-43.345304
3089O00013C0,6,-22.87861,-43.35759
3089O00014C0,6,-22.87783,-43.36105
3089O00023C0,6,-22.87738,-43.36463
3089O00024C0,6,-22.877,-43.36759
3041O00015C2,6,-22.85639,-43.25223
3041O00016C2,6,-22.8531,-43.25309
3041O00017C2,6,-22.852332,-43.254572
3041O00018C2,6,-22.85112,-43.2558
5142O00008C9,6,-22.882037,-43.482647
5142O00036C0,6,-22.87109,-43.48507
5148O00021C9,6,-22.915712,-43.652133
3088O00013C0,6,-22.88107,-43.35205
5148O00112C9,6,-22.913944,-43.654747
5141O00262C9,6,-22.88596,-43.46957
5141O00264C9,6,-22.879971,-43.478288
5141O00312C9,6,-22.886171,-43.47654
5141O00110C0,6,-22.869833,-43.483052
5141O00261C9,6,-22.885906,-43.467921
5149O00015C9,6,-22.927648,-43.677665
5149O00016C9,6,-22.928555,-43.676465
5143O00023C0,6,-22.87355,-43.51788
3083O00089C0,6,-22.871873,-43.336324
3083O00090C0,6,-22.861772,-43.330931
3084O00001C9,6,-22.86042,-43.32962
3084O00006C9,6,-22.86031,-43.32992
3084O00022C0,6,-22.858614,-43.329665
3084O00025C0,6,-22.858476,-43.329284
3085O00004C0,6,-22.863777,-43.343731
3085O00005C0,6,-22.862146,-43.344859
3085O00006C0,6,-22.860471,-43.34654
3086O00005C1,6,-22.85371,-43.35086
3086O00006C9,6,-22.8536,-43.3514
5142O00072C0,6,-22.89489,-43.49064
3040O00030C0,6,-22.869956,-43.254391
5147O00062C9,6,-22.896077,-43.612148
5147O00063C9,6,-22.891092,-43.60822
5143O00024C0,6,-22.87393,-43.51961
5143O00026C0,6,-22.87534,-43.52529
5143O00038C0,6,-22.879008,-43.523567
5144O00001C0,6,-22.90602,-43.56249
7dkm,6,-22.849482,-43.357158
8pwq,6,-22.965412,-43.647622
1005O00194S9,6,-22.90467,-43.17793
3074O00013C9,6,-22.839926,-43.310361
3074O00014C9,6,-22.84013,-43.30894
3074O00015C9,6,-22.840501,-43.307123
3074O00016C9,6,-22.840883,-43.303406
3083O00087C0,6,-22.87121,-43.33608
5147O00065C9,6,-22.887146,-43.60505
2026O00095C0,6,-22.98549,-43.2235
5143O00020C0,6,-22.87057,-43.509368
5143O00022C0,6,-22.87394,-43.514985
2031O00002C0,6,-22.99816,-43.26568
5144OY0451C9,6,-22.895409,-43.584199
2038O00073C0,6,-22.91824,-43.26305
2038O00074C0,6,-22.91927,-43.26217
3083O00038C0,6,-22.88257,-43.34691
3083O00039C0,6,-22.882105,-43.349325
3074O00029C2,6,-22.84097,-43.31536
3074O00035C0,6,-22.839697,-43.310439
3083O00060C9,6,-22.86216,-43.33083
3083O00080C0,6,-22.873146,-43.343177
3073O00041C0,6,-22.85872,-43.30858
3073O00042C0,6,-22.860477,-43.30759
3074O00005C9,6,-22.84065,-43.30518
3074O00006C9,6,-22.8401,-43.30824
5147O00032C9,6,-22.892707,-43.609513
5144O00039C9,6,-22.901865,-43.564785
2031O00001C0,6,-22.999269,-43.269144
2036O00001S9,6,-22.920008,-43.258301
2036O00002S9,6,-22.919389,-43.255044
2036O00004S9,6,-22.918919,-43.252401
2036O00006S9,6,-22.917071,-43.24241
3083O00014C0,6,-22.865393,-43.33538
3076O00014C9,6,-22.830696,-43.326897
3076O00024C2,6,-22.832239,-43.328348
3083O00021C9,6,-22.86334,-43.3326
3083O00022C9,6,-22.86512,-43.33427
3083O00023C0,6,-22.86624,-43.33469
3083O00034C0,6,-22.87656,-43.33964
5144O00103C0,6,-22.89597,-43.58231
5144O00104C0,6,-22.89624,-43.58038
5144O00105C0,6,-22.895837,-43.578091
2036O00057S9,6,-22.91815,-43.248176
1005O00101C0,6,-22.90005,-43.18171
n7vj,6,-22.820689,-43.324472
nj6d,6,-22.936781,-43.667401
3082O00009C0,6,-22.87774,-43.3268
3082O00010C0,6,-22.87782,-43.32906
3076O00035C9,6,-22.82844,-43.32418
5144O00161C0,6,-22.87916,-43.5437
5144O00163C0,6,-22.88242,-43.54847
5144O00164C0,6,-22.883919,-43.549505
5144O00165C0,6,-22.88468,-43.552
5144O00166C0,6,-22.88456,-43.55386
2033O00246C0,6,-22.922176,-43.232577
5144O00226C9,6,-22.899952,-43.563434
5144O00227C9,6,-22.903146,-43.56652
5144O00275C9,6,-22.904644,-43.573222
5144O00276C9,6,-22.903915,-43.569532
4120O00027C0,6,-22.94349,-43.34073
4120O00028C0,6,-22.945702,-43.339929
4120O00047C0,6,-22.94247,-43.3454
4120O00048C0,6,-22.94483,-43.34646
4120O00049C0,6,-22.94864,-43.34823
4120O00121C0,6,-22.951689,-43.350151
4122O00022C0,6,-22.9307,-43.37313
4122O00181C0,6,-22.933364,-43.372466
t6h9,6,-22.961471,-43.334745
3076O00050C1,6,-22.83389,-43.32747
ghag,6,-22.839334,-43.239554
i2lv,6,-22.839368,-43.239685
3077O00017C0,6,-22.831939,-43.342416
3077O00018C0,6,-22.84174,-43.33609
3076O00116C2,6,-22.8417,-43.31849
1005O00060C0,6,-22.90623,-43.193405
u5vq,5,-22.853888,-43.38424
v454,5,-22.985306,-43.626776
1005O00020S0,5,-22.90723,-43.18272
5147O00038C0,5,-22.88861,-43.59705
1005O00129P0,5,-22.904565,-43.191892
oqnh,5,-22.909826,-43.661218
pby1,5,-23.029739,-43.480209
qrqv,5,-22.967067,-43.335606
r85t,5,-22.911068,-43.659178
3044O00057C0,5,-22.83691,-43.284401
3044O00066C0,5,-22.838171,-43.286199
5141O00006C9,5,-22.85973,-43.50672
4118O00005C0,5,-22.952072,-43.358033
4118O00006C0,5,-22.95007,-43.35915
4118O00007C0,5,-22.947472,-43.36001
4118O00015C0,5,-22.946831,-43.36088
4122O00024C0,5,-22.91952,-43.36871
5147O00109C9,5,-22.894167,-43.610671
2026O00052S0,5,-22.98456,-43.22356
3043O00016C0,5,-22.83466,-43.28109
3076O00107C1,5,-22.837192,-43.325098
5147O00036C0,5,-22.88645,-43.60294
5147O00037C0,5,-22.88685,-43.60078
5146O00033C9,5,-22.905313,-43.596611
5146O00034C9,5,-22.903592,-43.595879
5146O00035C0,5,-22.90032,-43.59517
5146O00036C9,5,-22.89879,-43.594259
5146O00037C0,5,-22.89571,-43.59397
5146O00052C9,5,-22.907007,-43.596789
5148O00045C9,5,-22.91841,-43.65158
4115O00205C0,5,-22.974029,-43.335804
4115O00247C0,5,-22.975916,-43.334974
4115O00248C0,5,-22.977584,-43.334112
5146O00030C9,5,-22.906938,-43.585217
5146O00031C9,5,-22.905948,-43.580943
3076O00114C2,5,-22.844034,-43.322854
3076O00115C2,5,-22.8424,-43.32092
3077O00042C1,5,-22.840863,-43.334581
3077O00043C1,5,-22.844437,-43.337268
nvbc,5,-23.001567,-43.365937
3042O00105C0,5,-22.852325,-43.281128
3043O00015C0,5,-22.83622,-43.27909
5148O00090C0,5,-22.91233,-43.65718
4123O00005C0,5,-22.91818,-43.36711
5146O00018C0,5,-22.891145,-43.594571
5146O00027C9,5,-22.908738,-43.595711
5146O00028C9,5,-22.908218,-43.593264
5146O00029C9,5,-22.9079,-43.590305
5145O00004C9,5,-22.8926,-43.53011
5141O00069C0,5,-22.86195,-43.50823
5141O00070C0,5,-22.86325,-43.50882
5141O00071C0,5,-22.86467,-43.50947
3076O00025C9,5,-22.82481,-43.332599
3076O00030C9,5,-22.82221,-43.32352
3076O00031C9,5,-22.8235,-43.32468
3076O00032C9,5,-22.825443,-43.325882
3076O00033C9,5,-22.82671,-43.32564
3076O00034C9,5,-22.827902,-43.325026
le9b,5,-22.870242,-43.433138
n9ct,5,-22.834597,-43.394937
3076O00051C0,5,-22.835633,-43.326251
3076O00108C1,5,-22.839499,-43.324013
5145O00038C9,5,-22.89365,-43.53371
4115O00111C0,5,-22.9729,-43.33567
4124O00006C0,5,-22.89818,-43.350146
3br6,5,-22.98177,-43.663867
3ncq,5,-22.921053,-43.369656
5148O00094C9,5,-22.918219,-43.651715
5148O00111C9,5,-22.9131,-43.65605
5145O00002C9,5,-22.88887,-43.52249
5145O00003C9,5,-22.89029,-43.52531
3076O00011C9,5,-22.82635,-43.31605
id2u,5,-22.972026,-43.336921
ikpj,5,-22.969383,-43.336371
ld0u,5,-22.988649,-43.324395
3082O00016C0,5,-22.88163,-43.32648
3082O00017C0,5,-22.881116,-43.330479
5139O00169C9,5,-22.868218,-43.425417
2025O00008S0,5,-22.984079,-43.194256
5149BO0006U1,5,-22.94054,-43.66518
3055O00019C0,5,-22.865404,-43.299333
5144O00601C9,5,-22.884206,-43.564077
1005O00171C1,5,-22.901639,-43.181276
3042O00012C2,5,-22.84617,-43.26052
3042O00015C9,5,-22.84187,-43.26414
3076O00010C9,5,-22.82567,-43.31376
5144O00586C9,5,-22.91538,-43.550039
4125O00003C0,5,-22.87997,-43.37007
4125O00004C0,5,-22.87836,-43.36964
3063O00007C0,5,-22.90401,-43.28532
3063O00008C0,5,-22.904229,-43.286099
3063O00010C0,5,-22.90464,-43.28857
3063O00012C0,5,-22.905111,-43.291748
3063O00015C1,5,-22.901838,-43.279631
4127O00073C0,5,-23.00012,-43.30495
4127O00074C0,5,-23.00378,-43.30469
2031O00004C0,5,-22.99865,-43.259573
2031O00007C0,5,-22.99609,-43.25938
4125O00025C0,5,-22.88302,-43.36758
4127O00005C0,5,-22.987749,-43.32867
2031O00008C0,5,-22.995057,-43.25731
2031O00009C0,5,-22.993626,-43.254208
4127O00019C0,5,-22.986984,-43.306769
3076O00012C9,5,-22.82702,-43.31717
3076O00013C9,5,-22.82766,-43.31859
3076O00015C9,5,-22.82836,-43.32443
4127O00020C0,5,-22.986778,-43.303909
4127O00058C0,5,-22.9755,-43.33111
4127O00059C0,5,-22.977391,-43.333742
4127O00071C0,5,-22.99326,-43.30326
4127O00072C0,5,-22.996174,-43.304783
2024O00026S0,5,-22.963709,-43.178321
2024O00034S0,5,-22.983611,-43.193179
4127O00078C0,5,-22.99048,-43.302
3084O00002C2,5,-22.855353,-43.329132
3084O00016C1,5,-22.855453,-43.329369
5141O00287C0,5,-22.89369,-43.47344
4127O00082C0,5,-22.99028,-43.31144
4127O00085C0,5,-22.99633,-43.31273
4127O00086C0,5,-22.997084,-43.314768
4127O00091C0,5,-22.99343,-43.32135
4127O00092C0,5,-22.992085,-43.32126
4127O00099C9,5,-22.98772,-43.30937
4127O00103C0,5,-22.986776,-43.305254
4127O00107C0,5,-22.994783,-43.320618
4127O00112C0,5,-22.989398,-43.32232
4127O00113C0,5,-22.974082,-43.329534
5149O00117C9,5,-22.913709,-43.676487
5149O00118C9,5,-22.915838,-43.671776
5149O00119C9,5,-22.91625,-43.668707
5149O00120C9,5,-22.916843,-43.664
5149O00121C9,5,-22.917368,-43.659752
3110O00023C0,5,-22.82753,-43.34757
3110O00024C0,5,-22.82873,-43.34651
4127O00077C0,5,-22.98828,-43.30189
5142O00002C9,5,-22.887826,-43.48049
5142O00003C0,5,-22.88901,-43.48018
3041O00019C2,5,-22.84875,-43.25813
5142O00011C9,5,-22.88142,-43.49915
5142O00012C9,5,-22.880177,-43.501231
5142O00013C9,5,-22.879291,-43.504893
1005O00192C0,5,-22.90054,-43.17948
1005O00199C0,5,-22.89915,-43.17999
94xa,5,-22.853853,-43.383752
9uud,5,-22.827702,-43.400021
bckb,5,-22.922181,-43.371595
cbu4,5,-22.825031,-43.402288
7gvr,5,-22.990206,-43.321739
5142O00059C9,5,-22.894759,-43.488597
5142O00061C0,5,-22.87831,-43.49194
2020O00136C0,5,-22.949609,-43.180646
5144O00539C9,5,-22.911925,-43.545145
4128O00028C0,5,-23.00156,-43.3295
4128O00029C0,5,-23.00221,-43.327861
4128O00030C0,5,-23.004069,-43.323149
4127O00105C0,5,-22.997395,-43.319441
5149O00303C9,5,-22.916383,-43.667572
2020O00137C0,5,-22.955002,-43.178405
5149O00171C9,5,-22.94286,-43.67515
5149O00172C9,5,-22.94709,-43.677
3066O00004C0,5,-22.90479,-43.29386
3066O00005C0,5,-22.903974,-43.295699
3109O00031C0,5,-22.843063,-43.398233
3109O00037C0,5,-22.834242,-43.392109
5144O00465C0,5,-22.902202,-43.569853
5138O00014C0,5,-22.868782,-43.415087
5138O00090C9,5,-22.868833,-43.418975
3047O00011C0,5,-22.81475,-43.29625
3040O00052C2,5,-22.867246,-43.255591
5163O00001C9,5,-22.883206,-43.491003
5163O00002C9,5,-22.88239,-43.49566
1005O00234C0,5,-22.908392,-43.189263
1005O00241C0,5,-22.90795,-43.19572
5143O00003C9,5,-22.880262,-43.507954
5143O00004C9,5,-22.88114,-43.511933
5143O00005C9,5,-22.88212,-43.51413
bop0,5,-22.899158,-43.211514
3040O00016C0,5,-22.86929,-43.25432
5143O00019C0,5,-22.86786,-43.50986
5137O00008C0,5,-22.887946,-43.390189
2032O00020C0,5,-22.910504,-43.214342
5144O00464C0,5,-22.901581,-43.571049
5149O00271C9,5,-22.927563,-43.678258
3109O00020C0,5,-22.829386,-43.392336
3109O00027C0,5,-22.831374,-43.392023
5149O00278C9,5,-22.94128,-43.67468
5149O00299C9,5,-22.916571,-43.666037
5149O00300C9,5,-22.917041,-43.662436
5149O00301C9,5,-22.917928,-43.655407
2033O00088C0,5,-22.922718,-43.233199
3109O00012C0,5,-22.836,-43.39348
5144O00441C9,5,-22.888066,-43.57931
5144O00443C9,5,-22.889396,-43.579438
5144O00445C9,5,-22.890554,-43.57966
5144O00448C9,5,-22.892503,-43.58257
5144O00450C9,5,-22.893666,-43.584368
4128O00188C0,5,-23.005994,-43.315406
3070O00006C1,5,-22.88538,-43.30128
3086O00071C1,5,-22.848402,-43.342826
5143O00006C9,5,-22.886071,-43.520486
5144O00349C9,5,-22.884252,-43.569111
5144O00350C9,5,-22.883621,-43.567428
5144O00367C0,5,-22.884496,-43.561176
2020O00004S0,5,-22.949448,-43.188058
2020O00005S0,5,-22.949856,-43.190623
2020O00006S0,5,-22.950603,-43.193199
4128O00106C0,5,-23.002707,-43.424719
4128O00107C0,5,-23.003938,-43.428408
3107O00068C0,5,-22.827261,-43.392288
3107O00076C0,5,-22.820212,-43.397986
3107O00077C0,5,-22.820932,-43.399755
3107O00039C0,5,-22.82085,-43.39247
3107O00040C0,5,-22.82209,-43.39205
3107O00041C0,5,-22.82526,-43.39197
3107O00054C0,5,-22.81974,-43.39261
4128O00184C0,5,-23.00346,-43.324697
2016O00015C0,5,-22.916058,-43.176554
3089O00008C0,5,-22.86472,-43.36054
3089O00009C9,5,-22.86459,-43.36183
3089O00016C0,5,-22.865992,-43.363142
3089O00018C0,5,-22.86595,-43.35859
3089O00019C0,5,-22.86454,-43.36368
5150O00024C9,5,-22.96926,-43.69744
5150O00025C9,5,-22.96908,-43.69956
5150O00026C9,5,-22.96909,-43.70221
5150O00027C9,5,-22.96806,-43.70479
5150O00035C9,5,-22.97777,-43.67533
3107O00017C0,5,-22.81874,-43.39379
2033O00173C0,5,-22.932316,-43.240406
2033O00175C0,5,-22.928422,-43.2364
2033O00176C0,5,-22.927087,-43.235595
5151O00323C9,5,-22.97904,-43.66913
5151O00324C9,5,-22.98288,-43.66209
5151O00325C9,5,-22.98677,-43.6544
5151O00326C9,5,-22.98688,-43.65404
5151O00327C9,5,-22.98571,-43.65552
5151O00328C9,5,-22.97958,-43.66786
5151O00331C0,5,-22.955962,-43.605263
5151O00332C0,5,-22.96115,-43.605619
3107O00018C0,5,-22.81988,-43.39574
3107O00021C0,5,-22.821841,-43.402024
3107O00022C0,5,-22.82241,-43.40358
3107O00023C0,5,-22.823559,-43.403876
3107O00033C0,5,-22.83017,-43.39736
3107O00034C0,5,-22.83121,-43.39616
3089O00041C0,5,-22.864104,-43.36094
3089O00043C0,5,-22.864251,-43.359734
3089O00046C0,5,-22.864968,-43.357076
5150O00052C0,5,-22.987432,-43.688509
4131O00029C0,5,-22.977818,-43.492828
5144O00274C9,5,-22.905284,-43.576533
3066O00034C9,5,-22.89973,-43.29748
3066O00035C9,5,-22.90283,-43.29845
3066O00052C0,5,-22.895729,-43.294213
3104O00024C0,5,-22.811616,-43.250768
3104O00037C0,5,-22.814647,-43.246261
5150O00070C0,5,-22.97813,-43.67805
5150O00071C9,5,-22.97801,-43.677
5150O00072C9,5,-22.97788,-43.67547
5150O00074C0,5,-22.98537,-43.68661
5144O00261C0,5,-22.885944,-43.605341
3089O00061C0,5,-22.866636,-43.361568
5151O00300C0,5,-23.008917,-43.540776
3049O00011C9,5,-22.806973,-43.326599
5144O00238C9,5,-22.886271,-43.57919
5144O00239C9,5,-22.884297,-43.579709
5144O00240C9,5,-22.882647,-43.580222
3103O00008C0,5,-22.79668,-43.20337
3103O00011C9,5,-22.805041,-43.206768
3104O00008C0,5,-22.833349,-43.23877
1010O00079C0,5,-22.90411,-43.21611
1010O00080C0,5,-22.90341,-43.21449
5150O00097C9,5,-22.96953,-43.69481
3101O00031C0,5,-22.795647,-43.182873
5150O00114C9,5,-22.980586,-43.692993
3101O00017C0,5,-22.79778,-43.18386
4131O00067C0,5,-22.979849,-43.491233
3049O00031C2,5,-22.810677,-43.329519
5144O00064C9,5,-22.90184,-43.54693
5151O00255C9,5,-22.99337,-43.65048
5151O00256C9,5,-22.97126,-43.64783
5144O00065C9,5,-22.90223,-43.54923
4132O00145C0,5,-23.016261,-43.46039
3101O00018C0,5,-22.79528,-43.18039
5151O00015C9,5,-22.96274,-43.61403
5151O00019C9,5,-22.96668,-43.62189
1010O00081C0,5,-22.902025,-43.210979
5151O00085C9,5,-22.961353,-43.61236
5151O00088C9,5,-22.952685,-43.607718
5151O00089C9,5,-22.952012,-43.6067
5151O00090C9,5,-22.94957,-43.604284
5151O00091C9,5,-22.948624,-43.603775
5151O00092C9,5,-22.946903,-43.599539
5151O00093C9,5,-22.945357,-43.596122
5151O00094C9,5,-22.943991,-43.593712
5151O00222C9,5,-22.981103,-43.665384
5151O00224C9,5,-22.983645,-43.660812
5151O00225C0,5,-22.98437,-43.65939
5151O00237C9,5,-22.99095,-43.65132
5151O00241C0,5,-22.961647,-43.610817
5151O00242C0,5,-22.96171,-43.60902
5151O00243C9,5,-22.947165,-43.60078
5151O00245C9,5,-22.96393,-43.616368
5151O00246C9,5,-22.964495,-43.619137
5151O00095C9,5,-22.942998,-43.592356
5151O00097C9,5,-22.940457,-43.589791
5151O00099C9,5,-22.938066,-43.587243
5151O00112C9,5,-22.96879,-43.6479
5151O00118C9,5,-22.98773,-43.65175
4132O00023C0,5,-23.03048,-43.473955
5151O00212C0,5,-22.957753,-43.605147
5151O00214C0,5,-22.961404,-43.605739
5151O00216C0,5,-22.961702,-43.608341
5151O00220C9,5,-22.97798,-43.67163
5151O00221C9,5,-22.97996,-43.66744
4132O00144C0,5,-23.02519,-43.521708
5144O00066C9,5,-22.900908,-43.549671
4132O00024C0,5,-23.031002,-43.472337
4132O00026C0,5,-23.028467,-43.46674
4132O00027C0,5,-23.027382,-43.463965
4132O00029C0,5,-23.025643,-43.458769
4132O00030C0,5,-23.024365,-43.457287
3099O00014C9,5,-22.804647,-43.202851
3097OY0016C9,5,-22.787719,-43.184437
2035O00066C0,5,-22.91351,-43.22771
2035O00078C0,5,-22.909899,-43.22033
2035O00080C0,5,-22.913877,-43.23094
2035O00041S0,5,-22.915808,-43.231818
1008O00003S2,5,-22.910283,-43.205532
1008O00017S0,5,-22.910168,-43.205172
4132O00110C0,5,-23.019145,-43.459283
5151O00254C9,5,-22.98216,-43.64811
3069O00011C1,5,-22.88639,-43.30314
3097O00026C2,5,-22.790684,-43.181062
1008O00038C0,5,-22.90861,-43.19795
4132O00021C0,5,-23.030379,-43.478424
4132O00022C0,5,-23.030232,-43.47701
5144O00185C9,5,-22.88376,-43.57405
5144O00186C9,5,-22.88452,-43.572013
4132O00032C0,5,-23.020491,-43.458783
4132O00034C0,5,-23.01436,-43.46111
1010BB0127P1,5,-22.897883,-43.211935
5151O00156C9,5,-22.980939,-43.665359
5151O00157C0,5,-22.97794,-43.671429
5151O00158C0,5,-22.97538,-43.64792
5151O00159C0,5,-22.97244,-43.64787
5151O00160C0,5,-22.97035,-43.64781
5140O00034C9,5,-22.893027,-43.450521
3076O00147C0,5,-22.827774,-43.321765
3077O00001C1,5,-22.83756,-43.33221
3077O00002C1,5,-22.84346,-43.33626
3077O00004C1,5,-22.846126,-43.339236
3077O00005C1,5,-22.84734,-43.34093
3077O00039C1,5,-22.833693,-43.329363
3077O00040C1,5,-22.835983,-43.331109
3077O00041C1,5,-22.838306,-43.332976
3076O00077C0,5,-22.852417,-43.328417
ztw7,5,-22.826255,-43.401242
3043O00102C0,4,-22.841237,-43.274245
4120O00092C0,4,-22.93943,-43.34277
3061O00007C0,4,-22.908082,-43.269407
3061O00006C0,4,-22.90641,-43.2679
3061O00005C0,4,-22.905629,-43.268592
3061O00004C0,4,-22.903971,-43.268705
4119O00049C0,4,-22.95512,-43.39063
4119O00037C0,4,-22.942616,-43.384585
4119O00036C0,4,-22.943292,-43.385531
4119O00034C0,4,-22.944736,-43.387785
4119O00032C0,4,-22.946956,-43.389945
5140O00102C0,4,-22.869597,-43.44367
3043O00012C0,4,-22.8406,-43.27102
3043O00013C0,4,-22.8389,-43.27394
3043O00014C0,4,-22.837671,-43.276318
4120O00091C0,4,-22.93875,-43.34048
4120O00050C0,4,-22.94115,-43.34186
4120O00084C0,4,-22.933293,-43.327454
3061O00017C2,4,-22.91326,-43.26496
3061O00018C0,4,-22.912409,-43.267158
4122O00006C0,4,-22.93722,-43.37038
4122O00023C0,4,-22.92791,-43.37336
4122O00025C0,4,-22.92043,-43.3708
4122O00026C0,4,-22.921452,-43.372542
4115O00229C0,4,-22.975956,-43.335122
3043O00017C9,4,-22.838718,-43.284183
3043O00019C9,4,-22.841068,-43.280483
2033O00228C0,4,-22.92263,-43.23019
2033O00234C0,4,-22.92018,-43.22617
5144O00179C9,4,-22.88819,-43.58935
5144O00181C9,4,-22.880633,-43.58753
5144O00182C9,4,-22.880802,-43.586354
3068O00010C0,4,-22.89604,-43.30295
3098O00006C0,4,-22.79243,-43.16978
3098O00019C0,4,-22.789006,-43.161648
3098O00020C0,4,-22.793768,-43.171341
3069O00012C1,4,-22.88659,-43.306
3069O00013C1,4,-22.88614,-43.30788
3097O00001C0,4,-22.79437,-43.17693
3097O00002C0,4,-22.79544,-43.17941
3097OY0007C0,4,-22.79116,-43.18074
4132BO0013U1,4,-23.00819,-43.44225
5144O00183C9,4,-22.880998,-43.584243
5151O00206C9,4,-22.95084,-43.563237
5151O00217C0,4,-22.96154,-43.6104
5151O00218C0,4,-22.958117,-43.605095
5151O00219C0,4,-22.95581,-43.60536
5151O00121C0,4,-22.995015,-43.61672
5151O00122C0,4,-22.994227,-43.612177
5151O00124C0,4,-22.9941,-43.6028
3097OY0019C9,4,-22.790785,-43.181262
3097OZ0017C9,4,-22.78947,-43.18264
3098O00002C0,4,-22.79449,-43.17392
3098O00004C0,4,-22.78999,-43.16578
3098O00005C0,4,-22.79106,-43.16824
3068O00009C0,4,-22.89611,-43.30493
2036O00003S9,4,-22.919245,-43.254192
2036O00005S9,4,-22.91722,-43.24318
3068O00011C0,4,-22.893385,-43.301005
3049O00030C0,4,-22.811163,-43.329832
3100O00011C0,4,-22.800424,-43.199747
5151O00100C9,4,-22.93621,-43.583388
5151O00102C9,4,-22.935264,-43.579557
5151O00115C9,4,-22.97911,-43.64814
5151O00119C0,4,-22.995912,-43.622018
5151O00120C0,4,-22.995296,-43.618531
5144O00187C0,4,-22.886004,-43.569103
5144O00188C0,4,-22.888709,-43.56788
5144O00195C9,4,-22.915266,-43.553323
5144O00204C9,4,-22.924033,-43.522671
3090O00074C0,4,-22.853717,-43.376421
5151O00202C9,4,-22.955485,-43.575138
5151O00203C9,4,-22.954176,-43.572986
5151O00204C9,4,-22.951534,-43.569636
5151O00205C9,4,-22.95058,-43.56577
1010O00105C0,4,-22.90735,-43.221704
1010O00137C0,4,-22.900754,-43.22366
5144O00205C9,4,-22.922378,-43.526514
5144O00206C9,4,-22.920794,-43.528127
5144O00207C9,4,-22.916755,-43.533778
3101O00002C0,4,-22.79975,-43.18292
3101O00012C0,4,-22.79813,-43.19466
3066O00060C1,4,-22.88522,-43.2901
2033O00196C0,4,-22.921084,-43.228001
3100O00010C0,4,-22.80259,-43.20293
5144O00114C9,4,-22.91216,-43.54557
2036O00016S9,4,-22.916847,-43.260789
2036O00017C2,4,-22.915554,-43.262655
2036O00043S9,4,-22.91988,-43.25762
2036O00044S9,4,-22.918032,-43.247493
5151O00238C9,4,-22.98251,-43.6463
5151O00286C9,4,-22.97335,-43.648
5151O00287C9,4,-22.97152,-43.64797
5151O00288C9,4,-22.96995,-43.64793
3053O00003C0,4,-22.874197,-43.266811
3053O00005C0,4,-22.876446,-43.266144
3089O00048C0,4,-22.866381,-43.354419
5144O00210C9,4,-22.913225,-43.543668
5144O00216C9,4,-22.86238,-43.54234
5144O00217C9,4,-22.863183,-43.545591
5144O00219C9,4,-22.865475,-43.550804
3101O00019C0,4,-22.799723,-43.196682
3101O00025C0,4,-22.79797,-43.19122
3101O00026C0,4,-22.79763,-43.19244
3101O00027C0,4,-22.79804,-43.19011
5151O00004C9,4,-22.99098,-43.65141
1010O00100C0,4,-22.904526,-43.219472
3102O00012C0,4,-22.79719,-43.19349
3103O00004C0,4,-22.802226,-43.202912
1011O00001C0,4,-22.90138,-43.241176
3101O00037C0,4,-22.798329,-43.189322
3102O00011C0,4,-22.79768,-43.19289
5150O00118C1,4,-22.983466,-43.685158
5151BO0002U1,4,-22.96869,-43.622
5144O00220C9,4,-22.86935,-43.5545
5144O00221C9,4,-22.87209,-43.553919
5144O00222C9,4,-22.874239,-43.553812
5144O00223C9,4,-22.878449,-43.554741
5144O00209C9,4,-22.914115,-43.542145
3050O00006C0,4,-22.87228,-43.26798
2038O00043C1,4,-22.91755,-43.26213
2038O00072C0,4,-22.920715,-43.258904
5144O00063C9,4,-22.901175,-43.544463
3090O00072C0,4,-22.857105,-43.366164
5151O00315C0,4,-22.993825,-43.609892
5151O00316C0,4,-22.993392,-43.60794
3069O00050C0,4,-22.895894,-43.316588
3049O00015C0,4,-22.810795,-43.321135
5144O00017C9,4,-22.909347,-43.559475
3049O00016C0,4,-22.811009,-43.319635
3049O00017C0,4,-22.81292,-43.31864
3050O00007C0,4,-22.87034,-43.26825
5144O00230C0,4,-22.899315,-43.573273
5144O00232C0,4,-22.897986,-43.57455
5144O00233C0,4,-22.896288,-43.576389
5144O00234C0,4,-22.895521,-43.578282
5144O00235C0,4,-22.895916,-43.579806
5144O00236C0,4,-22.895812,-43.582178
5144O00237C0,4,-22.895317,-43.584047
5144O00273C9,4,-22.904445,-43.57315
5144O00286C9,4,-22.919931,-43.529244
5144O00298C9,4,-22.880046,-43.580954
5144O00299C9,4,-22.878376,-43.581776
5144O00300C9,4,-22.876641,-43.582803
103r,4,-22.965517,-43.647715
3066O00057C0,4,-22.914455,-43.298269
3066O00058C1,4,-22.88708,-43.28657
3066O00059C1,4,-22.886637,-43.287836
5144O00262C0,4,-22.885371,-43.607289
5144O00263C0,4,-22.885235,-43.609815
5144O00224C9,4,-22.881326,-43.556061
3069O00014C1,4,-22.8852,-43.31011
3069O00015C0,4,-22.896324,-43.311066
3069O00022C0,4,-22.900156,-43.313888
3090O00060C0,4,-22.85662,-43.36908
5150O00047C9,4,-22.97435,-43.70689
5150O00048C0,4,-22.97201,-43.70905
5150O00049C9,4,-22.97022,-43.70843
5150O00050C9,4,-22.96772,-43.70615
5144O00307C9,4,-22.925147,-43.551985
5144O00308C9,4,-22.923571,-43.5514
5144O00309C9,4,-22.921488,-43.550822
5144O00264C0,4,-22.885569,-43.611287
5144O00265C0,4,-22.885819,-43.614031
5144O00266C0,4,-22.885298,-43.618833
5144O00267C0,4,-22.884852,-43.621367
5144O00268C9,4,-22.883148,-43.624596
5144O00269C0,4,-22.883239,-43.628677
5144O00270C0,4,-22.881932,-43.631153
5144O00272C9,4,-22.903759,-43.569616
3066O00022C0,4,-22.897116,-43.300188
3049O00003C0,4,-22.81417,-43.31822
3049O00006C0,4,-22.810145,-43.320957
3049O00007C0,4,-22.80763,-43.321629
3069O00051C0,4,-22.896226,-43.313414
3069O00053C0,4,-22.896226,-43.308855
3090O00004C0,4,-22.861264,-43.369464
3090O00005C0,4,-22.862587,-43.366694
3090O00026C0,4,-22.863446,-43.373216
5153O00001C0,4,-23.00081,-43.64162
5150O00040C0,4,-22.98474,-43.69499
5150O00041C9,4,-22.98543,-43.69833
5150O00042C9,4,-22.98446,-43.70063
5150O00043C9,4,-22.9825,-43.70178
5150O00044C9,4,-22.98048,-43.70283
5150O00045C0,4,-22.97793,-43.70433
5150O00046C9,4,-22.97576,-43.70583
5136O00004C9,4,-22.885056,-43.388653
3048O00002C9,4,-22.81,-43.30168
5144O00312C9,4,-22.912045,-43.556818
4128O00195C0,4,-22.999797,-43.370987
4128O00206C0,4,-22.999932,-43.380227
4128O00208C0,4,-22.989706,-43.366213
3107O00025C0,4,-22.828985,-43.398747
3107O00027C0,4,-22.82465,-43.41161
3107O00032C0,4,-22.82462,-43.40344
3066O00023C0,4,-22.89782,-43.29761
3106O00029C0,4,-22.84075,-43.37755
5144O00301C9,4,-22.875164,-43.581145
3050O00014C0,4,-22.8717,-43.25853
3048O00017C9,4,-22.80782,-43.30516
3048O00018C9,4,-22.808604,-43.306992
3048O00019C9,4,-22.80929,-43.3087
3088O00045C0,4,-22.870778,-43.346972
3088O00046C0,4,-22.871643,-43.345541
5137O00015C9,4,-22.886312,-43.379044
5150O00037C0,4,-22.98046,-43.69074
5150O00038C0,4,-22.98189,-43.69186
5150O00039C0,4,-22.9836,-43.69323
3106O00053C9,4,-22.84291,-43.37597
5144O00320C9,4,-22.944352,-43.561333
5144O00321C9,4,-22.940796,-43.559778
5144O00310C9,4,-22.919036,-43.551138
5153O00005C0,4,-22.99359,-43.650597
5153O00006C0,4,-22.99653,-43.65021
5153O00007C9,4,-22.9988,-43.64906
5153O00008C9,4,-23.0002,-43.64718
5153O00009C0,4,-23.00045,-43.64493
5153O00012C0,4,-23.00117,-43.63445
5144O00322C9,4,-22.935779,-43.557349
5144O00323C9,4,-22.932986,-43.555891
5144O00324C9,4,-22.930145,-43.554841
3107O00058C0,4,-22.824833,-43.41455
3107O00059C0,4,-22.82613,-43.417131
3107O00061C0,4,-22.82869,-43.40619
3107O00064C0,4,-22.825155,-43.405203
3053O00017C0,4,-22.87379,-43.26656
3048O00003C9,4,-22.80787,-43.30395
3048O00004C9,4,-22.81234,-43.30927
3048O00005C9,4,-22.81517,-43.31049
3048O00006C9,4,-22.817327,-43.314138
5135O00023C9,4,-22.88408,-43.40603
5135O00041C9,4,-22.882854,-43.408842
5135O00051C0,4,-22.847289,-43.396362
5152O00014C1,4,-23.066612,-43.568028
3088O00038C0,4,-22.86803,-43.351594
3088O00041C0,4,-22.86886,-43.35001
3069O00056C0,4,-22.897637,-43.31268
3086O00070C0,4,-22.84573,-43.33778
3087O00002C0,4,-22.849778,-43.356662
3087O00008C0,4,-22.847913,-43.358803
5137O00004C9,4,-22.886922,-43.391777
5137O00005C9,4,-22.887785,-43.384983
3048O00001C9,4,-22.81348,-43.30113
3108O00024C0,4,-22.8348,-43.41655
3108O00025C0,4,-22.837124,-43.414435
3108O00026C0,4,-22.83695,-43.41271
5144O00403C0,4,-22.92957,-43.58832
2033O00039C0,4,-22.923392,-43.234752
4128O00097C0,4,-23.000049,-43.384509
4128O00100C0,4,-23.00006,-43.38769
5149O00283C9,4,-22.94607,-43.67598
5149O00284C9,4,-22.92889,-43.68995
5149O00285C9,4,-22.926868,-43.690623
4128O00110C0,4,-23.00705,-43.31649
3108O00048C0,4,-22.83531,-43.40908
3108O00049C0,4,-22.83623,-43.41129
3108O00061C0,4,-22.827227,-43.418293
2019O00008C0,4,-22.945657,-43.207678
3108O00019C0,4,-22.82707,-43.41833
4128O00064C0,4,-22.98764,-43.36619
4128O00065C0,4,-22.99295,-43.36629
4128O00066C0,4,-22.99442,-43.36632
5136O00005C9,4,-22.88427,-43.385668
5136O00006C9,4,-22.88335,-43.384229
5153O00014C0,4,-22.999575,-43.632121
3088O00035C0,4,-22.867218,-43.353002
3040O00019C0,4,-22.86276,-43.25348
3040O00023C1,4,-22.85934,-43.25635
5153O00015C0,4,-22.99906,-43.63138
5153O00016C0,4,-22.996821,-43.627307
5153O00020C0,4,-23.00194,-43.63695
5153O00021C0,4,-23.00183,-43.639
5153O00023C0,4,-23.00178,-43.6401
5153O00026C0,4,-22.999661,-43.643737
5153O00030C9,4,-23.00025,-43.64693
5153O00031C9,4,-22.99617,-43.65
5137O00007C0,4,-22.88782,-43.39218
5137O00009C0,4,-22.885923,-43.38979
5138O00012C9,4,-22.87783,-43.41814
2031O00022C0,4,-22.992826,-43.25213
3065O00007C9,4,-22.89176,-43.28194
3065O00046C1,4,-22.887427,-43.284126
5144O00548C9,4,-22.914295,-43.549128
5144O00550C9,4,-22.85069,-43.54349
3055O00001C0,4,-22.86567,-43.30098
4128O00003C1,4,-23.000458,-43.417253
5149O00186C0,4,-22.94816,-43.67976
5149O00187C9,4,-22.94331,-43.67521
5144O00467C0,4,-22.939268,-43.576795
5144O00478C0,4,-22.885756,-43.612091
5144O00479C0,4,-22.88589,-43.61618
4128O00063C0,4,-22.984452,-43.366121
3054O00023C0,4,-22.875018,-43.287037
5144O00457C9,4,-22.907354,-43.560476
5138O00084C0,4,-22.86844,-43.415199
3046O00063C0,4,-22.825531,-43.312878
5153O00032C0,4,-22.99734,-43.62885
1005O00246S0,4,-22.905862,-43.192264
76dk,4,-22.838555,-43.362345
80z2,4,-22.807653,-43.32175
5142O00038C0,4,-22.87137,-43.49109
5142O00039C0,4,-22.87154,-43.49252
5142O00040C0,4,-22.872618,-43.494823
3040O00044C0,4,-22.866433,-43.249743
5137O00037C0,4,-22.888046,-43.390742
5138O00009C9,4,-22.882158,-43.410198
5138O00010C9,4,-22.88099,-43.41263
5138O00011C9,4,-22.87854,-43.415371
3041O00021C1,4,-22.85565,-43.25911
5144O00489C1,4,-22.932751,-43.567841
3110O00032C0,4,-22.830754,-43.353504
3110O00034C0,4,-22.82522,-43.34959
5144O00527C9,4,-22.874143,-43.579208
5144O00547C9,4,-22.914647,-43.552118
3112O00011C0,4,-22.841549,-43.361959
2024O00050C0,4,-22.963549,-43.17452
5149O00059C9,4,-22.93307,-43.68875
5149O00060C9,4,-22.93091,-43.68902
5149O00102C9,4,-22.913013,-43.683885
3065O00006C9,4,-22.89194,-43.27941
3110O00035C0,4,-22.82593,-43.34897
3063O00070C0,4,-22.903731,-43.275392
3063O00071C0,4,-22.90349,-43.272521
5144O00488C1,4,-22.928831,-43.567496
3041O00022C1,4,-22.8568,-43.25818
1005O00228C0,4,-22.90881,-43.17938
atod,4,-22.972143,-43.331927
b0ai,4,-22.852595,-43.384449
5139O00052C9,4,-22.868756,-43.441227
3086O00012C0,4,-22.851154,-43.355074
5139O00062C9,4,-22.887022,-43.435841
5141O00187C0,4,-22.868487,-43.451513
5141O00263C0,4,-22.867359,-43.464945
5141O00266C9,4,-22.87057,-43.464886
d0hb,4,-22.946253,-43.360483
3073O00043C0,4,-22.854632,-43.322681
fc04,4,-22.958153,-43.35838
fcs4,4,-22.853631,-43.384291
fevs,4,-22.912336,-43.679322
1005O00143C0,4,-22.90307,-43.19083
3075O00007C9,4,-22.82645,-43.31576
3042O00020C0,4,-22.850324,-43.263669
3063O00084P0,4,-22.901902,-43.275341
3112O00004C0,4,-22.844197,-43.361827
3112O00005C0,4,-22.84013,-43.36225
3112O00008C0,4,-22.83718,-43.36273
5141O00131C0,4,-22.87407,-43.4724
5141O00133C0,4,-22.87404,-43.47633
5139O00048C9,4,-22.868877,-43.433303
5139O00049C9,4,-22.869027,-43.436153
5139O00050C9,4,-22.868934,-43.437978
5139O00051C9,4,-22.868858,-43.43938
3074O00036C1,4,-22.840601,-43.314867
3114O00010C0,4,-22.81043,-43.36206
3114O00011C0,4,-22.81165,-43.36136
3114O00013C0,4,-22.81479,-43.35956
3114O00014C0,4,-22.81646,-43.35859
3114O00015C0,4,-22.81836,-43.35772
3114O00016C0,4,-22.81991,-43.35369
3114O00017C0,4,-22.82097,-43.35184
5149O00058C9,4,-22.9361,-43.68806
5139O00053C9,4,-22.86869,-43.44227
2024O00136C0,4,-22.97779,-43.18889
2024O00137C0,4,-22.9795,-43.1895
3063O00076C9,4,-22.894407,-43.279648
3063O00082P0,4,-22.902111,-43.275297
3063O00049C0,4,-22.899656,-43.278906
2024O00078C0,4,-22.986266,-43.192671
2024O00126C0,4,-22.983903,-43.189781
5144O00571C9,4,-22.918082,-43.531434
5144O00572C9,4,-22.916316,-43.53744
5144O00573C9,4,-22.916225,-43.53905
3083O00063C0,4,-22.86989,-43.341363
3083O00067C0,4,-22.870317,-43.341938
3083O00072C0,4,-22.87298,-43.342502
3083O00079C0,4,-22.872989,-43.343248
5141O00109C0,4,-22.868437,-43.481891
5141O00130C0,4,-22.87407,-43.46937
3076O00044C1,4,-22.84961,-43.33246
3076O00045C9,4,-22.85049,-43.33205
3076O00046C9,4,-22.85195,-43.33299
3076O00047C9,4,-22.854203,-43.33177
5139O00127C0,4,-22.86985,-43.43916
5139O00132C9,4,-22.888856,-43.437031
5139O00133C9,4,-22.890467,-43.438607
5139O00134C0,4,-22.891736,-43.439794
5139O00135C9,4,-22.892816,-43.440794
3042O00016C9,4,-22.83968,-43.26596
3042O00017C9,4,-22.8407,-43.26735
5144O00583C9,4,-22.946336,-43.561349
5144O00584C9,4,-22.938285,-43.558557
5144O00585C9,4,-22.92711,-43.553586
4125O00001C0,4,-22.884747,-43.373722
4125O00002C0,4,-22.8818,-43.37091
5141O00090C0,4,-22.87418,-43.47572
5141O00091C0,4,-22.87457,-43.47209
5139O00105C9,4,-22.877174,-43.420981
2025O00016C0,4,-22.986268,-43.207602
5148O00128C9,4,-22.917465,-43.640322
5149BO0001U1,4,-22.916685,-43.683705
2024O00128C0,4,-22.96563,-43.17505
2024O00129C0,4,-22.966789,-43.177345
2024O00131C0,4,-22.968873,-43.180922
2024O00133C0,4,-22.970706,-43.183562
2024O00134C0,4,-22.97277,-43.18573
2024O00135C0,4,-22.97629,-43.1882
3114O00067C0,4,-22.809757,-43.370392
5144O00600C0,4,-22.928736,-43.541755
5144O00582C9,4,-22.949639,-43.561784
gdn7,4,-22.939158,-43.33681
5144O00603C9,4,-22.890452,-43.589581
5144O00605C9,4,-22.884109,-43.588939
5144O00608C9,4,-22.882223,-43.588704
33f2,4,-22.853739,-43.384017
5148O00124C9,4,-22.91856,-43.649859
3063O00017C0,4,-22.89802,-43.27806
3063O00018C0,4,-22.89678,-43.27966
3063O00019C0,4,-22.89328,-43.27895
3061O00027S0,4,-22.90464,-43.26452
2024O00138C0,4,-22.98206,-43.18997
indd,4,-22.853683,-43.384151
ka7n,4,-22.827602,-43.317552
3082O00014C1,4,-22.88227,-43.3239
3082O00022C0,4,-22.883723,-43.332135
3082O00023C0,4,-22.88649,-43.3314
5141O00089C0,4,-22.87418,-43.47707
3043L00106C0,4,-22.840567,-43.28129
3082O00024C0,4,-22.887191,-43.330683
n9wu,4,-22.805946,-43.322021
5145O00007C9,4,-22.8955,-43.53775
5145O00008C9,4,-22.89709,-43.53955
5145O00009C9,4,-22.8988,-43.54149
3058O00010S0,4,-22.90305,-43.25057
3058O00011S0,4,-22.90292,-43.24876
4115O00030C0,4,-22.968666,-43.335984
4115O00049C0,4,-22.970035,-43.36076
4115O00124C0,4,-22.974384,-43.33588
4115O00133C0,4,-22.9626,-43.35817
3061O00037C2,4,-22.915693,-43.267144
3061O00042C0,4,-22.902888,-43.270008
3061O00045C2,4,-22.916532,-43.275673
3062O00002C0,4,-22.91731,-43.27897
3082O00013C1,4,-22.8828,-43.32159
nvcy,4,-22.8539,-43.383631
oohv,4,-22.972331,-43.336689
1005O00046C2,4,-22.90243,-43.181646
3079O00011C1,4,-22.88489,-43.31306
3079O00012C1,4,-22.884551,-43.315317
3079O00013C0,4,-22.892451,-43.323474
3062O00026C2,4,-22.917678,-43.282263
4115O00167C0,4,-22.928714,-43.31884
4115O00169C0,4,-22.927745,-43.316938
4115O00170C0,4,-22.92562,-43.31483
2026O00016C0,4,-22.98629,-43.21709
4122O00302C0,4,-22.936816,-43.372105
3057O00005S0,4,-22.9045,-43.24473
4122O00219C0,4,-22.930296,-43.373482
4122O00227C9,4,-22.923975,-43.37368
2025O00060C0,4,-22.986671,-43.199305
4115O00235C0,4,-22.970055,-43.359563
4115O00236C0,4,-22.962285,-43.357
4115O00237C0,4,-22.957879,-43.356618
4115O00240C0,4,-22.97349,-43.33537
3061O00008C0,4,-22.90865,-43.27113
3061O00009C0,4,-22.910253,-43.27102
4115O00146C0,4,-22.97325,-43.32921
4115O00154C2,4,-22.925584,-43.288
4115O00157C2,4,-22.924694,-43.291094
4115O00160C2,4,-22.92269,-43.282343
4115O00161C0,4,-22.92431,-43.28352
4115O00165C0,4,-22.928917,-43.320333
3062O00003S1,4,-22.90785,-43.27568
3076O00067C0,4,-22.85135,-43.31672
3076O00073C0,4,-22.84971,-43.31982
3061O00023C0,4,-22.90411,-43.26964
3061O00024S0,4,-22.90826,-43.27383
3061O00025S0,4,-22.90651,-43.27094
3061O00026S9,4,-22.9051,-43.26781
4122O00214C0,4,-22.938055,-43.382936
4122O00215C0,4,-22.936093,-43.382508
4122O00216C0,4,-22.93384,-43.38336
4122O00217C0,4,-22.932686,-43.383537
4122O00027C0,4,-22.92294,-43.375775
4122O00172C0,4,-22.934876,-43.372277
4122O00211C0,4,-22.939261,-43.384134
5148O00041C9,4,-22.91675,-43.63671
5148O00042C9,4,-22.917114,-43.638486
5148O00043C9,4,-22.917976,-43.642809
5148O00044C9,4,-22.918343,-43.644461
2025O00018C0,4,-22.985964,-43.213282
3043O00023C0,4,-22.83894,-43.28004
3043O00024C0,4,-22.84026,-43.27775
3042O00074C0,4,-22.844883,-43.26798
3042O00075C0,4,-22.84766,-43.265792
3079O00014C0,4,-22.895136,-43.319739
3079O00015C0,4,-22.895624,-43.318185
3079O00031C0,4,-22.889322,-43.327825
3079O00032C0,4,-22.890928,-43.325532
3079O00033C0,4,-22.893216,-43.322434
3076O00048C9,4,-22.854474,-43.32955
3076O00093C0,4,-22.85059,-43.31798
3079O00010C1,4,-22.88353,-43.31986
3061O00019C0,4,-22.91128,-43.26844
3061O00020C0,4,-22.910082,-43.269531
3061O00021C0,4,-22.9085,-43.26995
3061O00022C0,4,-22.90695,-43.27001
4119O00031C0,4,-22.94844,-43.3901
5148O00035C9,4,-22.915734,-43.631757
4120O00085C0,4,-22.93142,-43.32531
4120O00090C0,4,-22.93785,-43.33885
yj0z,4,-22.882102,-43.349994
wdbf,4,-22.90332,-43.246814
x451,4,-22.885459,-43.40062
x99y,4,-22.867613,-43.413506
teby,4,-22.854095,-43.383736
xkbl,4,-22.993854,-43.59607
xl0u,4,-23.004717,-43.430698
zsjz,4,-22.853863,-43.38431
5140O00012C0,4,-22.86849,-43.446364
1005O00120C2,4,-22.902564,-43.182057
qfjt,4,-22.899341,-43.211302
qloe,4,-22.93708,-43.667639
5144O00184C9,4,-22.881965,-43.580524
5151O00165C9,4,-22.946038,-43.561478
3096O00001C0,4,-22.800979,-43.182426
3096O00002C0,4,-22.803934,-43.181789
3096O00007C0,4,-22.806285,-43.181863
2036O00056S9,4,-22.918829,-43.251925
3043O00103C0,4,-22.842404,-43.271163
3043O00113C0,4,-22.84239,-43.26936
zloc,4,-22.869256,-43.449743
3076O00130C0,4,-22.850168,-43.320183
3076O00131C0,4,-22.850961,-43.318367
2026O00098C0,4,-22.98693,-43.22221
3059O00005S0,4,-22.90353,-43.2558
3059O00006S0,4,-22.90328,-43.25345
3060O00001S0,4,-22.90407,-43.2627
3060O00007S9,4,-22.90386,-43.25888
1003O00031C0,3,-22.906314,-43.209542
3076O00129C0,3,-22.849535,-43.321179
3078O00007C0,3,-22.88842,-43.34439
3078O00008C0,3,-22.88717,-43.34339
3078O00009C0,3,-22.88579,-43.34209
ov4g,3,-22.854009,-43.383956
psrb,3,-22.853591,-43.384143
rnxp,3,-22.843647,-43.534023
s279,3,-22.862455,-43.402021
5140O00036C9,3,-22.890083,-43.447729
5140O00086C9,3,-22.894165,-43.45171
5140O00087C9,3,-22.8913,-43.44899
3044O00070C0,3,-22.836027,-43.28362
5139O00210C9,3,-22.8919,-43.41723
5139O00225C2,3,-22.88633,-43.42412
5140O00100C0,3,-22.871718,-43.448173
5140O00101C0,3,-22.870347,-43.449149
2026O00057C0,3,-22.9796,-43.21824
3059O00002S0,3,-22.90225,-43.25708
3060O00006S0,3,-22.902,-43.26137
3061O00002S0,3,-22.90231,-43.26509
3061O00003C0,3,-22.90302,-43.26903
4119O00047C0,3,-22.954527,-43.391708
4120O00125C0,3,-22.945997,-43.339745
2026O00090C0,3,-22.98146,-43.21504
2026O00091C0,3,-22.983256,-43.215618
5148O00009C0,3,-22.885617,-43.618773
5148O00020C0,3,-22.91449,-43.65396
5148O00037C0,3,-22.88806,-43.63026
4120O00089C0,3,-22.93716,-43.33606
xyqs,3,-22.936144,-43.331795
yyb1,3,-22.993741,-43.596231
1005O00033S0,3,-22.90542,-43.1924
5147O00051C9,3,-22.914996,-43.627384
5147O00052C9,3,-22.9108,-43.60564
5147O00053C9,3,-22.91127,-43.60809
5147O00054C9,3,-22.911802,-43.61097
2027O00093C0,3,-22.97924,-43.20249
2027O00094C0,3,-22.98044,-43.20675
2027O00095C0,3,-22.980383,-43.210946
2027O00100C0,3,-22.976836,-43.196288
2028O00023C0,3,-22.960193,-43.20439
5147O00084C0,3,-22.885541,-43.607425
5147O00085C9,3,-22.913485,-43.619544
5147O00097C9,3,-22.89536,-43.614913
4122O00020C0,3,-22.93671,-43.37071
5147O00098C9,3,-22.913336,-43.62701
2026O00020S0,3,-22.98481,-43.21911
2026O00037S0,3,-22.98514,-43.2216
4120O00013C0,3,-22.94189,-43.34128
4120O00015C0,3,-22.93858,-43.33698
4116O00067C0,3,-22.95697,-43.344267
4116O00068C0,3,-22.955741,-43.348863
4116O00070C0,3,-22.957484,-43.342848
4117O00013P0,3,-22.95824,-43.35216
4118O00016C0,3,-22.945267,-43.363691
4119O00026C0,3,-22.956659,-43.393949
5147O00042C9,3,-22.910532,-43.61434
5147O00043C9,3,-22.907702,-43.613986
5147O00044C9,3,-22.904445,-43.613662
5147O00045C9,3,-22.904691,-43.613805
5147O00046C9,3,-22.907703,-43.614172
5147O00047C9,3,-22.91061,-43.61446
5147O00049C9,3,-22.91383,-43.62125
5147O00050C9,3,-22.91426,-43.62356
4116O00007C0,3,-22.95272,-43.338123
4116O00040C0,3,-22.956362,-43.346558
4116O00042C0,3,-22.95712,-43.34136
4116O00058C0,3,-22.950089,-43.338873
4116O00062C0,3,-22.955142,-43.339096
4116O00063C0,3,-22.955841,-43.340826
5148O00038C0,3,-22.88837,-43.63281
5148O00039C0,3,-22.889193,-43.634678
4122O00030C0,3,-22.92301,-43.38105
4122O00031C0,3,-22.92392,-43.38479
4122O00032C0,3,-22.924702,-43.387308
4122O00033C0,3,-22.924691,-43.389673
4122O00037C0,3,-22.932521,-43.384889
4122O00087C0,3,-22.922792,-43.37842
4122O00098C0,3,-22.91398,-43.4047
4122O00099C0,3,-22.91542,-43.40255
4122O00236C0,3,-22.927624,-43.361493
4115O00252C0,3,-22.915823,-43.4217
4116O00006C0,3,-22.954607,-43.337376
4122O00237C0,3,-22.928396,-43.362933
4122O00284C0,3,-22.91286,-43.4052
5146O00048C9,3,-22.909924,-43.601119
5146O00049C9,3,-22.91042,-43.603637
5147O00002C0,3,-22.88548,-43.609991
5147O00003C9,3,-22.886252,-43.605072
2025O00029C0,3,-22.986487,-43.207712
2025O00030C0,3,-22.98735,-43.19214
2025O00031C0,3,-22.984747,-43.197457
2025O00032C0,3,-22.9874,-43.1966
2025O00061C0,3,-22.986826,-43.201243
4115O00187C0,3,-22.947238,-43.39022
4115O00188C0,3,-22.95317,-43.39145
2028O00036C0,3,-22.971011,-43.223365
2029O00028C0,3,-22.97737,-43.22657
2029O00038C0,3,-22.973808,-43.226103
4122O00285C0,3,-22.918287,-43.37636
4122O00286C0,3,-22.919981,-43.375107
4122O00287C0,3,-22.920809,-43.374487
3057O00001C0,3,-22.90786,-43.23862
3057O00002C0,3,-22.90564,-43.241
3057O00003S0,3,-22.90455,-43.24282
3057O00004S0,3,-22.90234,-43.24512
3058O00001S0,3,-22.90135,-43.25052
4122O00225C0,3,-22.934521,-43.383154
4122O00229C0,3,-22.926094,-43.368952
4122O00230C0,3,-22.927163,-43.367334
4122O00231C0,3,-22.94294,-43.365928
4122O00232C0,3,-22.940596,-43.367706
4115O00174C0,3,-22.943465,-43.386018
4115O00180C0,3,-22.951042,-43.391392
4115O00182C0,3,-22.936382,-43.382759
4115O00183C0,3,-22.938218,-43.383097
4115O00185C0,3,-22.944812,-43.388071
2026O00013C0,3,-22.98015,-43.21594
5148O00078C9,3,-22.884743,-43.639948
5148O00079C0,3,-22.883996,-43.639137
5148O00087C0,3,-22.91661,-43.63258
5148O00092C0,3,-22.88717,-43.63843
2028O00025C0,3,-22.960475,-43.206776
2028O00027C0,3,-22.96081,-43.20931
2028O00029C0,3,-22.961153,-43.212366
2028O00031C0,3,-22.961865,-43.215231
2028O00032C0,3,-22.964402,-43.217762
2028O00034C0,3,-22.965734,-43.219031
5148O00105C0,3,-22.882184,-43.631085
5148O00120C9,3,-22.892684,-43.626686
3063O00020C0,3,-22.90292,-43.278302
4124O00050C0,3,-22.890381,-43.34553
5145O00011C9,3,-22.89934,-43.53914
5145O00029C9,3,-22.89639,-43.53597
5145O00031C9,3,-22.89795,-43.53756
5145O00034C9,3,-22.90178,-43.5399
5145O00035C9,3,-22.90399,-43.5403
3058O00014S0,3,-22.901324,-43.248224
3suv,3,-22.819953,-43.324011
4115O00032C0,3,-22.927818,-43.392008
4115O00033C0,3,-22.931491,-43.38861
4115O00036C0,3,-22.93041,-43.390347
4115O00120C0,3,-22.91626,-43.41956
4115O00173C0,3,-22.94185,-43.38435
5149BO0003U1,3,-22.92753,-43.67767
5149BO0003U2,3,-22.92748,-43.67758
5149BO0004U1,3,-22.93089,-43.67349
3114O00073C9,3,-22.807111,-43.363674
3055O00020C0,3,-22.86794,-43.29788
3055O00021C0,3,-22.869074,-43.294257
3055O00023C0,3,-22.87078,-43.28993
3055O00024C0,3,-22.86983,-43.29191
5144O00626C0,3,-22.92275,-43.516956
5144O00643C1,3,-22.844832,-43.518733
4124O00004C0,3,-22.898012,-43.352228
4124O00033C0,3,-22.89911,-43.35167
4124O00048C0,3,-22.900065,-43.347602
5148O00102C0,3,-22.883432,-43.628627
5148O00103C0,3,-22.883567,-43.62735
5148O00104C0,3,-22.88505,-43.621194
5144O00575C9,3,-22.910992,-43.547159
3056O00028C0,3,-22.866673,-43.302617
4125O00020C0,3,-22.88487,-43.36687
4125O00021C0,3,-22.885972,-43.365643
4125O00029C9,3,-22.879377,-43.374587
4125O00033C0,3,-22.87958,-43.35841
4125O00039C0,3,-22.88427,-43.35711
4125O00009C0,3,-22.88248,-43.35847
3114O00092C1,3,-22.804244,-43.364479
3114O00110C1,3,-22.804402,-43.363139
3114O00114C1,3,-22.804936,-43.363332
3114O00115C2,3,-22.807205,-43.366805
2025O00004C0,3,-22.986269,-43.211736
2025O00011S0,3,-22.984783,-43.195964
5149BO0001U2,3,-22.91754,-43.6834
5149BO0002U1,3,-22.92227,-43.67969
3063O00045C0,3,-22.900769,-43.290262
3063O00046C0,3,-22.903382,-43.290918
3063O00050C1,3,-22.900654,-43.27931
3114O00020C0,3,-22.81377,-43.37726
2024O00095C0,3,-22.966743,-43.186819
2024O00120S0,3,-22.96307,-43.17426
2024O00122C0,3,-22.96603,-43.18415
2024O00123C0,3,-22.96493,-43.18197
5149O00034C0,3,-22.9225,-43.65681
5149O00035C0,3,-22.92171,-43.663399
5149O00036C0,3,-22.92174,-43.66917
5149O00037C0,3,-22.92234,-43.67178
4127O00075C0,3,-23.00432,-43.30419
5144O00556C9,3,-22.85443,-43.5427
5144O00563C9,3,-22.83691,-43.5628
5144O00565C9,3,-22.873005,-43.56003
2024O00013S0,3,-22.983389,-43.192411
2024O00022C0,3,-22.9676,-43.18724
2024O00023C0,3,-22.96828,-43.18842
4127O00102C0,3,-22.986617,-43.305348
4127O00033C0,3,-22.995489,-43.30392
4127O00034C0,3,-22.99325,-43.30288
4127O00036C9,3,-22.98869,-43.30136
4127O00037C0,3,-22.986706,-43.303346
4127O00038C0,3,-22.986843,-43.306825
4127O00046C0,3,-22.98731,-43.32881
4127O00061C0,3,-22.99186,-43.30226
3114O00009C0,3,-22.806548,-43.364834
3114O00019C0,3,-22.81418,-43.37907
3063O00024C0,3,-22.900616,-43.277198
2024O00025C0,3,-22.97528,-43.19346
5149BO0007U1,3,-22.95094,-43.65081
3110O00026C9,3,-22.83222,-43.346203
3110O00027C9,3,-22.83373,-43.34678
4128BO0003U1,3,-23.00092,-43.41743
4128BO0004U1,3,-23.00009,-43.41223
4128BO0005U1,3,-22.99999,-43.40692
4127O00076C0,3,-23.000375,-43.304596
4127O00083C0,3,-22.9897,-43.31144
4127O00084C0,3,-22.996261,-43.313388
4127O00087C0,3,-22.997121,-43.314935
4127O00090C0,3,-22.993579,-43.32125
4127O00098C9,3,-22.987753,-43.310016
3063O00083P0,3,-22.901989,-43.27537
3112O00013C0,3,-22.838338,-43.362665
5149O00075C9,3,-22.92823,-43.67858
2021O00010S0,3,-22.955823,-43.198268
2024O00001C0,3,-22.96929,-43.18998
4128O00044C0,3,-23.011352,-43.327516
4128O00045C0,3,-23.01188,-43.323682
5144O00540C9,3,-22.904414,-43.540369
5144O00549C9,3,-22.914174,-43.55167
3054O00065C0,3,-22.875772,-43.289022
4127O00104C0,3,-22.987414,-43.309054
4127O00106C0,3,-22.99724,-43.319511
4127O00108C0,3,-22.995115,-43.320229
4127O00109C0,3,-22.992358,-43.32111
4127O00110C0,3,-22.989247,-43.322303
4127O00111C0,3,-22.988471,-43.324419
4127O00114C0,3,-22.973949,-43.329184
4128BO0001U1,3,-23.00551,-43.4319
4128BO0002U1,3,-23.00295,-43.424
2024O00024C0,3,-22.973048,-43.192355
3110O00040C0,3,-22.83828,-43.35046
3110O00029C0,3,-22.83075,-43.353116
5149O00141C9,3,-22.910875,-43.691547
5149O00142C9,3,-22.91187,-43.68816
5149O00145C9,3,-22.91152,-43.67883
5149O00147C9,3,-22.910577,-43.674532
5149O00148C9,3,-22.91108,-43.67074
5149O00149C9,3,-22.90998,-43.66315
5149O00158C9,3,-22.93746,-43.65527
2020O00130C0,3,-22.953658,-43.181575
2020O00133C0,3,-22.942619,-43.177023
2020O00134C0,3,-22.943212,-43.180541
2020O00135C0,3,-22.945815,-43.181907
4128O00035C0,3,-23.010986,-43.367933
4128O00036C0,3,-23.010876,-43.36521
4128O00042C0,3,-23.010792,-43.33433
4128O00043C0,3,-23.011052,-43.330518
2021O00003S0,3,-22.953009,-43.196703
2021O00008S0,3,-22.959026,-43.200876
3109O00034C0,3,-22.83924,-43.39876
5149O00207C0,3,-22.88675,-43.65606
2020O00040S0,3,-22.951427,-43.194869
2020O00064S0,3,-22.94919,-43.18406
2020O00075S0,3,-22.942616,-43.181153
4128O00059C0,3,-22.993732,-43.36544
4128O00060C0,3,-22.99168,-43.3654
4128O00061C0,3,-22.987624,-43.365336
4128O00062C0,3,-22.98431,-43.3652
5144O00490C9,3,-22.915117,-43.558783
5144O00493C9,3,-22.918287,-43.562709
5144O00518C0,3,-22.884381,-43.561469
5144O00523C9,3,-22.887414,-43.56055
3110O00028C9,3,-22.836658,-43.348027
3108O00046C0,3,-22.833253,-43.407472
3108O00051C0,3,-22.83137,-43.40681
3109O00006C0,3,-22.83644,-43.39031
5149O00307C0,3,-22.922295,-43.658614
5149O00323C0,3,-22.90719,-43.658608
2016O00024C0,3,-22.924585,-43.172737
2016O00040C0,3,-22.916004,-43.176333
2016O00052C9,3,-22.918109,-43.176622
2019O00011P0,3,-22.93981,-43.19976
5144O00435C0,3,-22.885856,-43.556815
3054O00054C0,3,-22.87412,-43.28674
2032O00022C0,3,-22.91151,-43.2141
2032O00027C0,3,-22.90774,-43.21014
2020O00076S0,3,-22.946493,-43.182672
5149O00231C0,3,-22.88424,-43.6583
3109O00029C0,3,-22.83674,-43.38808
2019O00024C0,3,-22.94064,-43.19784
2020O00011S0,3,-22.956114,-43.177442
2020O00012C0,3,-22.952751,-43.175966
2015O00028C0,3,-22.926818,-43.173413
2015O00029C0,3,-22.929437,-43.174212
2015O00030C0,3,-22.931876,-43.174496
2015O00031C0,3,-22.933994,-43.174512
4128O00113C0,3,-23.012021,-43.321532
3053O00010C1,3,-22.88085,-43.27387
2033O00118C0,3,-22.93912,-43.24779
2033O00128C0,3,-22.922814,-43.232537
2033O00131C0,3,-22.926855,-43.233743
2033O00156C0,3,-22.943706,-43.254835
2033O00159C0,3,-22.94328,-43.253822
5144O00432C0,3,-22.92537,-43.51774
5149O00306C0,3,-22.921474,-43.665746
3107O00038C0,3,-22.829121,-43.39836
3107O00042C0,3,-22.82726,-43.400263
3107O00043C0,3,-22.825729,-43.401561
3053O00019C0,3,-22.879651,-43.268236
4128O00174C0,3,-23.008067,-43.303417
5144O00335C9,3,-22.88077,-43.56349
5144O00336C9,3,-22.877831,-43.562819
5144O00337C9,3,-22.874707,-43.560837
5144O00343C9,3,-22.906911,-43.541964
5144O00344C9,3,-22.908511,-43.543421
5144O00345C9,3,-22.90997,-43.54479
5144O00397C9,3,-22.85968,-43.53402
5144O00399C1,3,-22.93816,-43.56844
3108O00020C0,3,-22.82798,-43.41904
3108O00038C0,3,-22.83686,-43.39679
2019O00014C0,3,-22.943925,-43.208204
3106O00032C0,3,-22.83627,-43.3826
2015O00035C0,3,-22.936477,-43.17411
2015O00039C0,3,-22.9396,-43.17493
2015O00040C0,3,-22.940622,-43.176194
2016O00019C0,3,-22.92115,-43.1738
3107O00009C0,3,-22.82618,-43.414
2033O00172C0,3,-22.933795,-43.242101
2033O00174C0,3,-22.93111,-43.23833
2033O00178C0,3,-22.924441,-43.232888
2033O00181C0,3,-22.92361,-43.229666
2033O00182C0,3,-22.924382,-43.22783
2033O00183C0,3,-22.925011,-43.226231
3053O00011C1,3,-22.88295,-43.2763
3053O00012C1,3,-22.88404,-43.27717
2015O00034C0,3,-22.935323,-43.174301
3107O00062C0,3,-22.82856,-43.40628
3106O00033C0,3,-22.83649,-43.38619
3106O00043C0,3,-22.847364,-43.37267
3106O00050C0,3,-22.845554,-43.374023
1161O00023C0,3,-22.91488,-43.18542
5144O00311C9,3,-22.914356,-43.554154
2033O00162C0,3,-22.942037,-43.252772
2033O00164C0,3,-22.940855,-43.250411
2033O00166C0,3,-22.939859,-43.248842
2033O00167C0,3,-22.938165,-43.246699
4128O00209C0,3,-23.009037,-43.366327
2033O00168C0,3,-22.936322,-43.244759
2033O00169C0,3,-22.935682,-43.244028
3066O00024C0,3,-22.89859,-43.29481
3066O00025C0,3,-22.89624,-43.29248
3106O00030C2,3,-22.838803,-43.378951
3106O00031C0,3,-22.83796,-43.37957
5150O00057C9,3,-22.97134,-43.68529
5150O00058C9,3,-22.970338,-43.689296
5150O00060C9,3,-22.96917,-43.70168
5150O00062C9,3,-22.96941,-43.69665
5150O00063C9,3,-22.96965,-43.69438
5150O00065C9,3,-22.970349,-43.689833
5150O00067C9,3,-22.9716,-43.68506
5144O00289C9,3,-22.85678,-43.54155
5144O00290C9,3,-22.85508,-43.54231
5144O00291C9,3,-22.85245,-43.54343
5144O00292C9,3,-22.85056,-43.5434
4131BO0085U2,3,-23.016364,-43.515884
4131BO0088U2,3,-23.018321,-43.508842
5144O00304C0,3,-22.872,-43.55981
5144O00305C9,3,-22.86994,-43.55981
5144O00306C9,3,-22.86813,-43.56107
5150O00069C0,3,-22.97612,-43.68084
5150O00075C0,3,-22.98434,-43.69544
1012O00045C0,3,-22.89609,-43.2406
1012O00047C0,3,-22.89102,-43.23681
5144O00254C0,3,-22.88408,-43.5641
5144O00255C9,3,-22.883954,-43.565638
5144O00256C9,3,-22.883497,-43.567393
5144O00257C9,3,-22.884244,-43.569327
1161O00024C0,3,-22.914449,-43.183434
1161O00025C0,3,-22.91374,-43.18104
1161O00026C0,3,-22.913659,-43.179271
3066O00013C0,3,-22.90317,-43.29788
3066O00018C0,3,-22.893892,-43.29941
1uq4,3,-22.966484,-43.336033
5150O00055C0,3,-22.97596,-43.68075
5150O00056C9,3,-22.9738,-43.68125
3102O00006C0,3,-22.79403,-43.19978
3102O00007C0,3,-22.79438,-43.20133
3102O00010C0,3,-22.79767,-43.20144
5151BO0003U1,3,-22.99358,-43.597119
5151BO0005U1,3,-23.00527,-43.55841
5151BO0006U1,3,-23.00952,-43.53988
3103O00022C0,3,-22.799214,-43.20293
3104O00005C0,3,-22.820112,-43.235474
1012O00048C0,3,-22.8894,-43.23482
5150O00092C9,3,-22.97268,-43.68289
5150O00093C9,3,-22.97186,-43.68422
5150O00094C9,3,-22.97258,-43.68285
5150O00095C9,3,-22.97056,-43.68771
5150O00096C9,3,-22.96996,-43.69112
5150O00068C9,3,-22.97403,-43.68128
3105BC0001P2,3,-22.83946,-43.23977
5151O00080C9,3,-22.98009,-43.643576
5151O00081C0,3,-22.969714,-43.6267
4132BO0005U1,3,-23.01956,-43.48686
4132BO0006U1,3,-23.01846,-43.48258
4132BO0007U1,3,-23.01702,-43.47691
4132BO0008U1,3,-23.01564,-43.47141
4132BO0009U1,3,-23.01443,-43.46668
4132BO0010U1,3,-23.01233,-43.45844
5144O00211C9,3,-22.910225,-43.54844
5144O00212C9,3,-22.909,-43.550344
5144O00213C9,3,-22.90749,-43.55275
5144O00214C9,3,-22.906177,-43.554861
5151O00020C9,3,-22.975309,-43.636818
5151O00022C0,3,-23.007878,-43.540296
3101O00028C0,3,-22.79847,-43.18776
3102O00005C0,3,-22.79428,-43.19708
1008O00036C0,3,-22.910322,-43.203595
5151O00104C0,3,-22.969457,-43.625365
1010O00020C0,3,-22.90617,-43.21025
1010O00049C0,3,-22.89692,-43.21672
1010O00050C0,3,-22.89578,-43.21521
2033O00184C0,3,-22.924276,-43.22377
2033O00185C0,3,-22.922754,-43.222164
2033O00186C0,3,-22.921477,-43.219876
2033O00187C0,3,-22.920869,-43.217647
2033O00188C0,3,-22.919841,-43.215123
2033O00189C0,3,-22.918276,-43.21223
4131O00090C0,3,-22.980533,-43.490864
4132BO0003U1,3,-23.020661,-43.500123
4132BO0004U1,3,-23.021073,-43.496423
5151O00023C0,3,-23.005942,-43.540282
5151O00024C0,3,-23.004928,-43.540011
3097OY0006C9,3,-22.79386,-43.17989
3097OY0012C9,3,-22.79277,-43.18023
3097OY0013C9,3,-22.79473,-43.18017
1008O00037C0,3,-22.9096,-43.20122
4132O00051C0,3,-23.00959,-43.44967
4132O00052C0,3,-23.01046,-43.4531
4132O00053C0,3,-23.01122,-43.455881
4132O00054C0,3,-23.01186,-43.458396
4132BO0011U1,3,-23.01083,-43.45261
4132BO0012U1,3,-23.00981,-43.44864
4132O00013C9,3,-23.008469,-43.445266
1010O00058C0,3,-22.89796,-43.21823
1008O00025S0,3,-22.909634,-43.205798
1008O00033C0,3,-22.909741,-43.2002
1008O00034C0,3,-22.91143,-43.19956
1008O00035C0,3,-22.91376,-43.19951
5151O00183C0,3,-22.99149,-43.57973
5151O00185C0,3,-22.989894,-43.577748
5151O00190C0,3,-22.98795,-43.56202
5151O00193C0,3,-22.98893,-43.55274
5151O00194C0,3,-22.99197,-43.54566
5151O00196C0,3,-22.99465,-43.54419
5151O00197C0,3,-22.998008,-43.542422
2035O00051C0,3,-22.91448,-43.21955
2035O00052C0,3,-22.91529,-43.22091
2033O00225C0,3,-22.920736,-43.231648
2033O00250P0,3,-22.946357,-43.256559
1009O00009S9,3,-22.91564,-43.20808
1010BB0115U1,3,-22.889344,-43.220296
1010BB0118U1,3,-22.894278,-43.215368
1010BB0125U1,3,-22.885872,-43.225539
3098O00023C0,3,-22.789156,-43.16154
5151O00199C0,3,-23.00277,-43.54019
5151O00200C0,3,-23.005673,-43.540331
4132O00127C0,3,-23.021055,-43.521077
3050O00018C0,3,-22.870111,-43.262903
2036O00049S0,3,-22.91011,-43.2384
2035O00077C0,3,-22.911776,-43.234086
2035O00018S0,3,-22.91266,-43.23625
2035O00043S0,3,-22.91206,-43.23707
2035O00047C0,3,-22.912755,-43.235793
2035O00048C0,3,-22.910828,-43.23775
3068O00012C0,3,-22.89213,-43.30102
1008O00017C0,3,-22.912297,-43.20442
1008O00023S0,3,-22.907601,-43.19944
5151O00179C0,3,-22.99603,-43.587978
5151O00180C9,3,-22.995259,-43.584679
5151O00181C0,3,-22.99416,-43.58278
5151O00284C9,3,-22.971205,-43.632277
3090O00029C0,3,-22.86745,-43.37769
3090O00051C0,3,-22.85744,-43.370262
3090O00052C0,3,-22.855105,-43.370624
3090O00053C0,3,-22.85418,-43.37078
42ec,3,-22.824556,-43.310949
5134O00010C9,3,-22.857757,-43.38155
5134O00019C9,3,-22.856182,-43.385422
5134O00025C0,3,-22.85673,-43.38732
2036O00007S0,3,-22.90921,-43.23863
4132O00126C0,3,-23.023323,-43.520791
5151O00235C0,3,-23.008775,-43.540876
5151O00247C9,3,-22.979894,-43.643277
3090O00082C1,3,-22.86189,-43.37198
3090O00083C1,3,-22.864765,-43.373516
5151O00198C0,3,-23.001515,-43.540629
2vbd,3,-23.012392,-43.321295
5134O00039C9,3,-22.858985,-43.375228
5134O00051C0,3,-22.854059,-43.390345
3049O00029C0,3,-22.810202,-43.329202
3039BB0027U2,3,-22.875807,-43.242619
3039BB0028U1,3,-22.87444,-43.243604
3039BB0037U1,3,-22.88344,-43.236818
5144O00044C2,3,-22.90172,-43.55816
2038O00080C0,3,-22.922509,-43.264011
2038O00081C0,3,-22.92147,-43.26161
3090O00084C1,3,-22.86543,-43.37487
3090O00100C0,3,-22.851068,-43.37104
5151O00277C0,3,-22.968805,-43.621667
5151O00279C9,3,-22.969537,-43.627112
5151O00282C9,3,-22.972735,-43.634335
5151O00283C9,3,-22.97723,-43.638277
5151O00306C0,3,-22.98561,-43.566863
5151O00307C0,3,-22.987388,-43.556955
5151O00308C0,3,-22.987971,-43.55533
5151O00309C0,3,-22.989994,-43.550222
5151O00310C0,3,-22.990874,-43.54832
5151O00311C0,3,-23.000138,-43.541326
3047O00029C0,3,-22.82224,-43.3074
3040BB0058U2,3,-22.866725,-43.247606
3040BB0059U1,3,-22.865128,-43.247783
3040BB0065U1,3,-22.859889,-43.247772
3040BB0066U2,3,-22.861525,-43.247868
3040O00007C0,3,-22.87178,-43.24924
5143O00034C0,3,-22.87867,-43.51178
25f9,3,-22.854108,-43.312663
2aq2,3,-22.85477,-43.492762
2ghw,3,-23.001565,-43.365441
5151O00322C0,3,-22.985215,-43.572003
5151O00337C2,3,-23.011177,-43.541955
5135O00052P1,3,-22.884522,-43.399807
5136O00001C9,3,-22.87116,-43.3754
5136O00003C0,3,-22.87541,-43.37314
3050O00008C0,3,-22.869925,-43.267263
3050O00009C0,3,-22.86998,-43.26437
3050O00010C0,3,-22.869906,-43.260306
3050O00011C1,3,-22.87023,-43.25854
3090O00006C0,3,-22.86181,-43.3693
3090O00007C9,3,-22.86091,-43.37119
3069O00024C0,3,-22.903044,-43.314913
3090O00054C0,3,-22.85286,-43.37099
3090O00073C0,3,-22.860518,-43.371033
5151O00299C0,3,-23.009884,-43.54106
5151O00301C0,3,-23.007699,-43.540415
3070O00005C1,3,-22.8846,-43.29814
3071O00016C1,3,-22.88154,-43.29443
3071O00017C1,3,-22.882831,-43.29628
3086O00072C1,3,-22.8521,-43.3485
5136O00015C9,3,-22.876858,-43.376584
5136O00058C9,3,-22.876658,-43.373638
5135O00043C0,3,-22.85095,-43.39467
5135O00047P2,3,-22.88456,-43.39954
5135O00050C0,3,-22.849,-43.395797
3070O00012C0,3,-22.885719,-43.30051
3069O00025C0,3,-22.90486,-43.31551
5151O00317C0,3,-22.99452,-43.59301
5151O00318C0,3,-22.9963,-43.58965
5151O00319C0,3,-22.993,-43.58156
5151O00320C0,3,-22.98767,-43.57546
5151O00321C0,3,-22.986086,-43.573212
3087O00015C9,3,-22.847045,-43.352538
1005O00370C1,3,-22.901944,-43.182203
1006O00013S9,3,-22.91423,-43.19633
1007O00017S9,3,-22.91747,-43.21103
5153O00025C0,3,-23.00042,-43.64478
3040O00025C0,3,-22.86357,-43.25425
3040O00026C0,3,-22.86492,-43.25483
3040O00027C0,3,-22.86683,-43.2541
3040O00028C0,3,-22.86621,-43.25198
3046O00046C0,3,-22.8238,-43.3094
5136O00007C9,3,-22.879088,-43.380207
5136O00008C9,3,-22.88424,-43.375846
5136O00010C9,3,-22.882127,-43.375681
5136O00014C1,3,-22.8742,-43.37365
1005O00359S0,3,-22.905052,-43.189782
3087O00031C0,3,-22.84083,-43.352149
5162O00023C9,3,-22.853602,-43.487926
1005O00254C0,3,-22.9132,-43.17733
1005O00258C0,3,-22.9088,-43.18051
1005O00259C0,3,-22.909364,-43.180294
3041BB0071U2,3,-22.843581,-43.250395
3041BB0072U1,3,-22.842377,-43.251503
3041BB0074U1,3,-22.852296,-43.247589
5142O00070C0,3,-22.87891,-43.49121
3040O00017C0,3,-22.86552,-43.25368
3040O00018C0,3,-22.86318,-43.25283
3040O00020C2,3,-22.861646,-43.253842
3040O00021C2,3,-22.86021,-43.2537
3040O00022C2,3,-22.85765,-43.25244
3087O00012C9,3,-22.83896,-43.35235
3087O00013C9,3,-22.84288,-43.35192
3087O00014C9,3,-22.84488,-43.35197
3040O00035C9,3,-22.86719,-43.25178
3040O00043C0,3,-22.868764,-43.254783
5138O00013C0,3,-22.870203,-43.417783
3046BB0074U2,3,-22.815139,-43.291352
3047BB0042U1,3,-22.817826,-43.307725
3047O00002C9,3,-22.81668,-43.30091
3047O00024C0,3,-22.81892,-43.30424
3047O00026C0,3,-22.82057,-43.30612
5137O00035C9,3,-22.886096,-43.380191
5137O00036C9,3,-22.887673,-43.386274
3086O00035C9,3,-22.85523,-43.34918
5160O00001C9,3,-22.84953,-43.48622
5162O00011C9,3,-22.85437,-43.49213
5162O00012C0,3,-22.853901,-43.489748
5162O00014C0,3,-22.85279,-43.48387
5162O00020C2,3,-22.85622,-43.49302
697y,3,-22.82705,-43.401502
3073O00003C0,3,-22.853421,-43.317933
3073O00014C0,3,-22.853299,-43.316342
3086O00003C1,3,-22.85137,-43.34741
3086O00008C0,3,-22.857919,-43.348672
3086O00026C0,3,-22.855865,-43.350422
3086O00034C9,3,-22.8495,-43.35272
744o,3,-22.911266,-43.271429
7uqu,3,-22.899551,-43.211058
8k09,3,-22.907379,-43.168683
8oqn,3,-22.991023,-43.321248
5142O00034C0,3,-22.87449,-43.48498
5142O00041C0,3,-22.872488,-43.496985
5142O00042C0,3,-22.87299,-43.50016
3045BB0068U1,3,-22.819048,-43.284631
3045BB0069U2,3,-22.820086,-43.283308
epai,3,-22.947527,-43.579502
3083O00046C0,3,-22.86501,-43.33917
5141O00291C0,3,-22.875171,-43.458971
5141O00299C0,3,-22.869405,-43.454763
5141O00300C0,3,-22.869936,-43.462659
5142O00007C0,3,-22.89555,-43.48649
3041BB0075U2,3,-22.853878,-43.247651
3041O00020C0,3,-22.854807,-43.259957
5142O00032C0,3,-22.87133,-43.48557
8y6v,3,-22.899643,-43.211189
3085O00017C0,3,-22.866304,-43.341573
3071O00036C1,3,-22.882097,-43.292739
1005O00231S0,3,-22.90864,-43.18772
9ffm,3,-22.975556,-43.331032
a5us,3,-22.871928,-43.246761
5y57,3,-22.993733,-43.59599
5139O00091C0,3,-22.87233,-43.43201
5139O00047C0,3,-22.86938,-43.43067
5139O00070C9,3,-22.890526,-43.424733
5139O00071C9,3,-22.889783,-43.422213
5139O00073C9,3,-22.892542,-43.418748
5141O00191C0,3,-22.8698,-43.46088
5141O00192C0,3,-22.8732,-43.46379
5141O00203C0,3,-22.86987,-43.47761
5141O00234C9,3,-22.868422,-43.47749
5141O00235C0,3,-22.86644,-43.47747
5141O00278C0,3,-22.86894,-43.48313
dal5,3,-22.899788,-43.211015
df17,3,-22.929438,-43.391854
dxd7,3,-22.853977,-43.384031
3073O00039C0,3,-22.853247,-43.314876
3085O00001C9,3,-22.86539,-43.33924
3083O00066C0,3,-22.86937,-43.34127
3073O00033C1,3,-22.84959,-43.31013
3076O00019C9,3,-22.84215,-43.32223
3076O00020C2,3,-22.840099,-43.32374
3076O00021C0,3,-22.83666,-43.32533
3076O00022C0,3,-22.835007,-43.32634
3076O00023C2,3,-22.83392,-43.32716
3074O00028C1,3,-22.840519,-43.314673
3074O00030C1,3,-22.84067,-43.31333
5141O00111C0,3,-22.867808,-43.477604
5141O00112C0,3,-22.87828,-43.46968
5141O00113C0,3,-22.87644,-43.46967
5141O00116C0,3,-22.87066,-43.46384
5139O00074C9,3,-22.891066,-43.416187
5139O00075C9,3,-22.889453,-43.414481
5139O00084C0,3,-22.88676,-43.42338
5139O00125C0,3,-22.872693,-43.422905
3074O00031C1,3,-22.84295,-43.31378
3074O00032C1,3,-22.8446,-43.313
3074O00033C1,3,-22.84582,-43.31227
3074O00034C1,3,-22.8479,-43.31108
1005O00159S0,3,-22.90382,-43.18806
g2tn,3,-22.92427,-43.691044
gz5j,3,-22.969972,-43.33569
hift,3,-22.853969,-43.383859
3076O00040C0,3,-22.825308,-43.332262
5141O00101C9,3,-22.859543,-43.465502
5141O00102C9,3,-22.862464,-43.465925
3041O00080C0,3,-22.856383,-43.249661
3042BB0116U2,3,-22.837332,-43.257326
3042BB0117U1,3,-22.836531,-43.258812
5141O00108C0,3,-22.8671,-43.47904
mzqy,3,-22.854199,-43.391156
3083BC0002P2,3,-22.87767,-43.33682
3083BC0003U1,3,-22.87759,-43.336226
j89g,3,-23.001573,-43.366171
jyra,3,-22.853826,-43.383814
5139O00154C0,3,-22.868263,-43.423771
5139O00155C9,3,-22.86803,-43.42564
5141O00078C0,3,-22.869344,-43.482723
5141O00080C0,3,-22.866129,-43.477675
5141O00084C9,3,-22.864136,-43.465028
5141O00085C0,3,-22.86054,-43.46529
5141O00087C0,3,-22.87413,-43.48212
5141O00088C0,3,-22.87414,-43.47987
5141O00096C0,3,-22.875235,-43.462511
5141O00097C0,3,-22.87511,-43.4562
5139O00123C0,3,-22.873778,-43.425173
1005O00094C0,3,-22.90988,-43.16846
1005O00109C0,3,-22.901154,-43.177501
5139O00174C0,3,-22.87429,-43.4302
5139O00184C9,3,-22.890325,-43.425923
5139O00185C9,3,-22.89056,-43.42151
3042O00111C0,3,-22.851388,-43.278198
3043BB0123U2,3,-22.829812,-43.270855
3043BB0124U1,3,-22.828791,-43.272164
5141O00055C9,3,-22.88589,-43.46397
5139O00150C9,3,-22.868077,-43.426916
5139O00151C9,3,-22.868422,-43.429951
5139O00153C0,3,-22.868617,-43.420091
3082O00025C0,3,-22.88038,-43.33452
mi2o,3,-22.981928,-43.698359
ml3j,3,-22.856129,-43.310069
mncl,3,-22.82944,-43.399481
5140O00111C2,3,-22.870246,-43.44709
5140O00112C2,3,-22.870423,-43.443985
3043O00036C0,3,-22.841262,-43.275771
3043O00037C0,3,-22.840654,-43.277909
3043O00038C0,3,-22.84008,-43.279781
3043O00040C9,3,-22.838912,-43.283281
3044O00031C0,3,-22.83767,-43.28555
3043O00052C0,3,-22.837156,-43.269823
3043O00011C9,3,-22.84201,-43.26934
3076O00105C2,3,-22.842546,-43.323438
3076O00106C2,3,-22.838389,-43.324296
3076O00112C1,3,-22.8419,-43.32045
3076O00063C9,3,-22.85404,-43.3243
ohzk,3,-23.001558,-43.365079
1005O00055S0,3,-22.9021,-43.182164
1005O00061S0,3,-22.90481,-43.189
zrjm,3,-22.824705,-43.411471
xv82,3,-22.821186,-43.320256
5140O00023C9,3,-22.889841,-43.447617
3043O00063C9,3,-22.84233,-43.27742
3043O00080C0,3,-22.83544,-43.27172
3043O00089C0,3,-22.836488,-43.283441
5139O00250C9,3,-22.88815,-43.424113
5139O00255C0,3,-22.874443,-43.428999
5139O00259C9,3,-22.868454,-43.42193
5140O00024C9,3,-22.893034,-43.450655
5140O00031C0,3,-22.875054,-43.451174
5140O00032C9,3,-22.87427,-43.4489
5140O00035C9,3,-22.89148,-43.44904
3077O00038C2,3,-22.843267,-43.335808
z0ka,3,-22.965101,-43.647617
z7qk,3,-22.993622,-43.597626
1005O00034S9,3,-22.90732,-43.17396
1005O00040C0,3,-22.91343,-43.18832
1005O00041C0,3,-22.91448,-43.18843
v8sf,3,-22.993558,-43.59754
vcfu,3,-22.977441,-43.333571
w7sg,3,-22.955654,-43.353266
xevh,3,-22.87082,-43.456464
5139O00268C2,3,-22.870858,-43.436526
5139O00269C2,3,-22.871018,-43.433737
3076O00133C0,3,-22.851154,-43.325884
3076O00134C0,3,-22.853047,-43.324861
3076O00137C0,3,-22.828163,-43.330615
t8x1,3,-22.932325,-43.385992
1004O00013C0,3,-22.876802,-43.218708
1004O00018C0,3,-22.877428,-43.216143
1005O00027S0,3,-22.90562,-43.19151
vphs,2,-22.897995,-43.241305
00bw,2,-22.969093,-43.335334
whsv,2,-22.937452,-43.682955
wrrl,2,-22.925463,-43.370569
1003O00026C0,2,-22.907569,-43.209274
0nv3,2,-22.849884,-43.532875
071g,2,-22.839544,-43.239374
yprz,2,-22.998723,-43.634562
p38i,2,-22.818714,-43.31664
p6of,2,-23.012531,-43.540902
p9qq,2,-22.929042,-43.587278
pzd5,2,-22.816724,-43.319744
5139O00251C9,2,-22.881607,-43.440459
5139O00252C9,2,-22.885491,-43.408598
3043O00097C0,2,-22.84174,-43.27958
3043O00099C0,2,-22.847048,-43.290264
shvf,2,-22.932519,-43.699984
siu4,2,-22.925678,-43.694837
sr5u,2,-22.833831,-43.408078
q4lp,2,-22.99898,-43.634622
qy18,2,-22.97183,-43.331991
r2q9,2,-22.853712,-43.384084
ram1,2,-22.923031,-43.693756
raw6,2,-22.843427,-43.349244
rlpw,2,-22.931882,-43.677553
s8vz,2,-22.935971,-43.700153
oawp,2,-22.812503,-43.321415
1005O00090C0,2,-22.90162,-43.18528
5140O00074C0,2,-22.893712,-43.45372
5139O00248C0,2,-22.878903,-43.442792
3078O00012C0,2,-22.88189,-43.35638
3078O00013C9,2,-22.88054,-43.35645
nlz7,2,-22.923427,-43.69507
3076O00069C0,2,-22.84677,-43.32561
3076O00070C0,2,-22.84613,-43.32764
3076O00071C0,2,-22.84554,-43.32863
3076O00072C0,2,-22.843,-43.331315
3082O00011C0,2,-22.879376,-43.321707
3082O00012C0,2,-22.87778,-43.31984
j6wi,2,-22.994763,-43.63615
jnxn,2,-22.965222,-43.647622
jtgy,2,-22.938712,-43.694924
jwsq,2,-23.001482,-43.365629
5139O00226C0,2,-22.890876,-43.445558
5139O00228C0,2,-22.891621,-43.444701
3043O00034C0,2,-22.83628,-43.28085
3043O00035C0,2,-22.842555,-43.271603
lvki,2,-22.883671,-43.570325
m76j,2,-22.911069,-43.658943
glxv,2,-22.898973,-43.212002
hdr6,2,-22.869628,-43.350148
3076O00037C0,2,-22.83746,-43.31638
3076O00039C0,2,-22.83791,-43.31385
3082O00063P0,2,-22.881496,-43.325472
3082O00067P0,2,-22.881928,-43.329851
3082OY0028C9,2,-22.87751,-43.31852
3083O00013C0,2,-22.87697,-43.33413
fdoh,2,-22.827049,-43.409971
1005O00151S0,2,-22.910264,-43.171781
3075O00001C0,2,-22.82912,-43.31935
5139O00200C9,2,-22.891759,-43.43967
5139O00201C9,2,-22.887707,-43.435794
5139O00208C9,2,-22.897703,-43.44177
3075O00002C0,2,-22.83041,-43.31915
3075O00003C9,2,-22.83273,-43.31891
3083O00041C0,2,-22.87367,-43.343069
3083O00042C0,2,-22.87537,-43.34287
3083O00028C0,2,-22.870805,-43.341606
1005O00170C0,2,-22.901611,-43.179679
1005O00172C0,2,-22.90731,-43.183
3083O00091C0,2,-22.872874,-43.344461
3083O00094C0,2,-22.87706,-43.340446
3043O00033C0,2,-22.83541,-43.28169
3042O00036C0,2,-22.84659,-43.26754
3042O00049C0,2,-22.84422,-43.269125
3042O00050C0,2,-22.84664,-43.26766
3042O00086C1,2,-22.846134,-43.267884
3042O00088C1,2,-22.847752,-43.267225
3042O00090C1,2,-22.849252,-43.266312
e67d,2,-22.994792,-43.636309
elyv,2,-22.971714,-43.33331
eqfv,2,-22.829258,-43.410107
1005O00212C0,2,-22.9106,-43.19392
1005O00232S0,2,-22.90879,-43.18819
90jq,2,-22.970187,-43.334596
cb38,2,-23.00148,-43.365475
5139O00180C9,2,-22.89545,-43.437554
5139O00181C9,2,-22.89359,-43.43336
5139O00182C9,2,-22.891944,-43.431267
5139O00183C9,2,-22.890684,-43.429849
5139O00186C9,2,-22.887477,-43.412855
5139O00187C9,2,-22.886659,-43.411433
5139O00188C9,2,-22.886281,-43.409845
5139O00189C9,2,-22.884755,-43.406756
5141O00056C9,2,-22.884433,-43.463518
d43s,2,-22.938603,-43.698769
dhos,2,-22.999869,-43.376974
e3ju,2,-22.981331,-43.490447
8uft,2,-22.991993,-43.636622
3071O00035C0,2,-22.878649,-43.295614
3072O00004C9,2,-22.8523,-43.30884
3072O00017C1,2,-22.85428,-43.30791
3072O00018C1,2,-22.85527,-43.30766
3072O00020C1,2,-22.85662,-43.30851
1005O00211C0,2,-22.90859,-43.19501
6oh1,2,-22.993135,-43.507138
5139O00140C9,2,-22.898192,-43.440362
5139O00141C9,2,-22.896704,-43.438743
5139O00142C9,2,-22.893948,-43.435285
5139O00143C0,2,-22.89286,-43.43241
5139O00144C9,2,-22.88912,-43.428127
5139O00152C9,2,-22.880241,-43.441623
5139O00159C9,2,-22.892939,-43.443159
5139O00160C0,2,-22.87013,-43.43428
3042O00092C2,2,-22.849076,-43.266314
3042O00094C2,2,-22.84412,-43.268928
5139O00170C9,2,-22.868475,-43.423075
3086O00028C9,2,-22.85218,-43.34957
73oj,2,-22.927491,-43.694349
8bnp,2,-22.991839,-43.63674
3071O00011C0,2,-22.87757,-43.29643
3071O00012C0,2,-22.88023,-43.29444
5153O00033C0,2,-23.00187,-43.64009
5153O00034C0,2,-23.00193,-43.63893
1005O00255C0,2,-22.91239,-43.17652
5139O00136C0,2,-22.894213,-43.442123
5139O00137C0,2,-22.89504,-43.44296
5139O00139C9,2,-22.896681,-43.442799
5141O00057C9,2,-22.88165,-43.463553
5141O00058C9,2,-22.880212,-43.463576
1005O00260C0,2,-22.90957,-43.17046
55y4,2,-22.935792,-43.680702
5gjm,2,-22.979301,-43.504875
612h,2,-22.980976,-43.327132
675m,2,-22.915564,-43.673643
1005O00369C2,2,-22.902674,-43.18239
1006O00015C0,2,-22.91618,-43.19452
3086O00051C9,2,-22.84202,-43.349139
3042O00001C0,2,-22.849737,-43.265691
3042O00034C0,2,-22.850013,-43.265535
3042O00035C0,2,-22.847823,-43.26707
5141O00126C0,2,-22.867136,-43.465107
5141O00127C0,2,-22.870429,-43.465049
5139O00162C0,2,-22.87031,-43.43105
5141O00079C0,2,-22.86825,-43.48015
5141O00083C9,2,-22.86482,-43.4662
3086O00052C9,2,-22.84065,-43.34961
3086O00053C9,2,-22.8388,-43.34996
3086O00054C9,2,-22.85014,-43.34989
3086O00055C9,2,-22.847239,-43.349623
3086O00057C9,2,-22.844652,-43.349106
3086O00059C0,2,-22.838778,-43.350908
3071O00001C0,2,-22.87837,-43.29092
3071O00003C0,2,-22.8807,-43.29133
3071O00009C0,2,-22.87431,-43.29728
3071O00010C0,2,-22.87621,-43.29703
3088O00015C0,2,-22.86838,-43.351988
3088O00016C0,2,-22.871474,-43.346728
5141O00165C0,2,-22.88065,-43.47351
5141O00166C0,2,-22.88497,-43.47352
5141O00167C0,2,-22.88682,-43.47353
3041O00056C2,2,-22.853242,-43.26223
3041O00058C2,2,-22.85165,-43.263943
3069O00057C9,2,-22.898274,-43.310537
3070O00002C0,2,-22.88536,-43.29805
3070O00007C0,2,-22.89069,-43.30009
3070O00008C0,2,-22.88975,-43.29817
3071O00013C0,2,-22.88136,-43.29594
3071O00023C9,2,-22.88058,-43.28842
3071O00034C0,2,-22.87193,-43.29839
3086O00074C0,2,-22.853555,-43.346956
3070O00009C0,2,-22.88871,-43.29602
3070O00010C0,2,-22.88634,-43.29745
3070O00013C0,2,-22.886956,-43.297009
3088O00049C0,2,-22.867935,-43.353834
5141O00176C0,2,-22.88859,-43.454481
5139O00036C9,2,-22.8821,-43.43984
5139O00069C9,2,-22.88916,-43.426982
5139O00092C9,2,-22.86836,-43.4283
3088O00050C0,2,-22.869902,-43.355987
3088O00051C0,2,-22.873543,-43.357454
3088O00052C0,2,-22.876089,-43.356949
3088O00053C0,2,-22.877593,-43.356709
5153O00010C0,2,-23.00087,-43.64176
5153O00011C0,2,-23.00225,-43.63721
1005O00267P0,2,-22.908874,-43.170562
1005O00360C2,2,-22.90507,-43.17617
3069O00023C0,2,-22.901578,-43.314398
5151O00336C0,2,-22.955618,-43.576295
5141O00258C0,2,-22.89088,-43.454784
5141O00259C0,2,-22.8862,-43.47387
5141O00168C0,2,-22.88934,-43.47353
5141O00171C0,2,-22.885145,-43.463242
5141O00172C0,2,-22.885375,-43.461007
5141O00173C9,2,-22.885338,-43.459394
5141O00174C0,2,-22.88557,-43.45666
5141O00175C9,2,-22.887064,-43.455222
5151O00298C0,2,-23.010125,-43.540987
3041O00027C0,2,-22.851919,-43.263904
3041O00028C0,2,-22.85326,-43.26242
3041O00043C0,2,-22.843433,-43.251348
3041O00048C1,2,-22.857452,-43.25897
3069O00054C0,2,-22.898888,-43.313189
3090O00002C0,2,-22.855128,-43.370774
3090O00003C0,2,-22.85717,-43.37044
3069O00021C0,2,-22.898301,-43.313281
3090O00038C9,2,-22.86207,-43.37179
3090O00049C0,2,-22.860635,-43.370776
3090O00065C0,2,-22.859004,-43.374003
3093O00006C0,2,-22.810854,-43.187214
3093O00007C0,2,-22.811081,-43.184631
5151O00223C0,2,-22.98183,-43.66401
3090O00081C2,2,-22.863542,-43.3722
3090O00098C1,2,-22.86039,-43.37227
3090O00099C0,2,-22.850527,-43.37123
3090O00101C0,2,-22.853172,-43.371084
3090O00117C1,2,-22.859788,-43.36954
3091O00001C0,2,-22.825,-43.17082
5141O00328C1,2,-22.893989,-43.473511
5142O00005C0,2,-22.89261,-43.48154
5142O00006C0,2,-22.89378,-43.48361
3045O00019C0,2,-22.83662,-43.31767
3045O00020C0,2,-22.8384,-43.31233
5141O00285C0,2,-22.85201,-43.47065
5141O00288C9,2,-22.893432,-43.454824
5141O00290C0,2,-22.88028,-43.46641
3092O00003C0,2,-22.82111,-43.17393
3092O00004C0,2,-22.82011,-43.17559
3092O00010C0,2,-22.819093,-43.175385
3068O00007C0,2,-22.9042,-43.3034
1007O00066C0,2,-22.922492,-43.209598
1007O00072C0,2,-22.92432,-43.20941
1008O00007S0,2,-22.907874,-43.19875
5139O00032C9,2,-22.888788,-43.436847
5139O00033C9,2,-22.886879,-43.43583
5139O00034C9,2,-22.88557,-43.436769
5139O00035C9,2,-22.883918,-43.438152
3041O00001C0,2,-22.85934,-43.25819
3041O00002C0,2,-22.855657,-43.259737
3041O00007C0,2,-22.855418,-43.260078
5142O00025C9,2,-22.869697,-43.508367
5142O00026C0,2,-22.87195,-43.50565
5142O00027C0,2,-22.87363,-43.50235
3041O00050C2,2,-22.857473,-43.258799
3041O00052C2,2,-22.854745,-43.260468
3041O00053C1,2,-22.85648,-43.259313
5141O00308C0,2,-22.873081,-43.464998
5141O00316C9,2,-22.890136,-43.454646
5142O00044C0,2,-22.87253,-43.50491
5142O00045C0,2,-22.869796,-43.508128
5139O00030C9,2,-22.892677,-43.440533
5139O00031C9,2,-22.890763,-43.438717
3093O00015C0,2,-22.811274,-43.189955
3094O00004C0,2,-22.81644,-43.17635
3094O00005C0,2,-22.814744,-43.176539
3069O00005C0,2,-22.90157,-43.30959
3069O00006C0,2,-22.89933,-43.30886
3097O00014C0,2,-22.79537,-43.17736
1007O00061C0,2,-22.924,-43.20952
3095O00001C0,2,-22.81053,-43.17738
3095O00002C0,2,-22.80891,-43.17829
3095O00005C0,2,-22.811827,-43.176449
3095O00007C0,2,-22.809538,-43.183189
3096O00006C0,2,-22.807558,-43.181721
3096O00008C0,2,-22.804597,-43.18131
3096O00009C0,2,-22.80691,-43.18061
3096O00012C0,2,-22.801387,-43.182158
3046O00043C0,2,-22.816539,-43.291664
5142O00028C0,2,-22.872513,-43.498281
5142O00029C0,2,-22.872807,-43.495084
5142O00030C0,2,-22.87164,-43.49214
5142O00031C0,2,-22.87147,-43.49064
5142O00043C0,2,-22.87317,-43.50339
3099O00019C0,2,-22.806878,-43.208637
3099O00020C0,2,-22.8095,-43.20863
3098O00007C0,2,-22.794593,-43.173148
3098O00008C0,2,-22.79366,-43.17077
3098O00009C0,2,-22.79232,-43.16946
3098O00010C0,2,-22.79105,-43.16791
3098O00021C0,2,-22.789254,-43.163952
3098O00022C0,2,-22.790245,-43.166008
3069O00004C0,2,-22.90471,-43.31064
1010O00040C0,2,-22.906357,-43.220639
5137O00038C0,2,-22.885893,-43.38994
3046O00057C0,2,-22.817219,-43.289659
3099O00021C0,2,-22.810826,-43.208831
3099O00022C9,2,-22.81278,-43.20784
3099O00035C0,2,-22.815231,-43.206416
3066O00062C0,2,-22.892012,-43.288286
3066O00063C9,2,-22.903741,-43.300861
3067O00001C0,2,-22.90551,-43.30825
3067O00002C0,2,-22.905782,-43.309991
3067O00003C0,2,-22.90563,-43.3107
3067O00004C0,2,-22.90597,-43.314
3067O00005C0,2,-22.9064,-43.31263
3067O00006C0,2,-22.90582,-43.31102
3067O00007C0,2,-22.90591,-43.30901
5151O00021C9,2,-23.01157,-43.54045
1010O00096C0,2,-22.90518,-43.214246
1010O00103C0,2,-22.909238,-43.222916
1010O00107C0,2,-22.904907,-43.218901
3040O00024C1,2,-22.86203,-43.25459
3040O00031C0,2,-22.861078,-43.255964
3040O00032C0,2,-22.862861,-43.256765
5137O00013C0,2,-22.88798,-43.394437
5137O00016C0,2,-22.88961,-43.39442
3040O00033C0,2,-22.865818,-43.255759
3040O00034C0,2,-22.86532,-43.24895
3040O00041C0,2,-22.868063,-43.256081
1011O00002C0,2,-22.907884,-43.236917
1010O00072C0,2,-22.904485,-43.214703
1010O00077C0,2,-22.90931,-43.22631
1012O00034C0,2,-22.89443,-43.23866
5150O00116C9,2,-22.979666,-43.681852
5150O00117C9,2,-22.979508,-43.681864
3067O00008C0,2,-22.90526,-43.30724
3067O00010C0,2,-22.90462,-43.30547
5136O00011C9,2,-22.876573,-43.37388
5136O00012C9,2,-22.87684,-43.37701
5136O00013C9,2,-22.884986,-43.389128
5136O00059C9,2,-22.878844,-43.380178
5136O00060C9,2,-22.884123,-43.385753
5136O00061C9,2,-22.882572,-43.383253
5137O00033C9,2,-22.895994,-43.398311
5137O00034C0,2,-22.90673,-43.37997
3067O00011C0,2,-22.904676,-43.304503
3067O00012C0,2,-22.90512,-43.307232
3101O00016C0,2,-22.79965,-43.18282
1012O00008C1,2,-22.887018,-43.250415
5134O00049C0,2,-22.846992,-43.39621
5134O00050C0,2,-22.848811,-43.395608
5134O00052C0,2,-22.851363,-43.393697
5134O00053C0,2,-22.85512,-43.386938
2zs0,2,-22.932441,-43.384544
3039BB0036U2,2,-22.884649,-43.235697
5137O00017C0,2,-22.8916,-43.39456
5137O00018C0,2,-22.89386,-43.39716
5137O00019C0,2,-22.8994,-43.39567
5137O00020C0,2,-22.89911,-43.39002
5137O00021C0,2,-22.9,-43.38358
5137O00022C0,2,-22.903666,-43.380887
1012O00009C1,2,-22.88533,-43.25221
1012O00027C0,2,-22.89495,-43.24279
1012O00032C0,2,-22.897413,-43.236747
1012O00033C0,2,-22.89618,-43.23688
1012O00043C0,2,-22.891622,-43.240485
1012O00044C0,2,-22.89067,-43.24193
3103O00007C0,2,-22.795126,-43.203064
3104O00006C0,2,-22.81855,-43.23697
3104O00007C0,2,-22.81656,-43.23992
2038O00070C0,2,-22.92341,-43.25664
2038O00071C0,2,-22.922465,-43.258514
2038O00083C0,2,-22.92143,-43.25919
2036O00073C0,2,-22.92006,-43.23865
2036O00074C0,2,-22.9186,-43.23953
2037I00052C0,2,-22.926232,-43.245915
2037O00024C0,2,-22.92586,-43.25286
2037O00025C0,2,-22.92427,-43.25231
2037O00026C0,2,-22.92768,-43.24433
3040O00005C0,2,-22.863002,-43.256953
3040O00006C0,2,-22.861548,-43.257448
5134O00033C0,2,-22.854002,-43.390142
2037O00031C0,2,-22.92404,-43.24128
2037O00032C0,2,-22.922927,-43.249247
2037O00034C0,2,-22.9249,-43.25094
2037O00036C0,2,-22.92355,-43.25048
2038O00063C0,2,-22.92043,-43.26126
2038O00064C0,2,-22.92321,-43.25999
2038O00066C0,2,-22.92457,-43.25734
2038O00067C0,2,-22.92567,-43.255
2038O00068C0,2,-22.92424,-43.25396
1014O00213C0,2,-22.91239,-43.19232
5150O00100C0,2,-22.981913,-43.697112
5150O00101C0,2,-22.981585,-43.694915
2015O00022C0,2,-22.93544,-43.173992
2015O00023C0,2,-22.93267,-43.17431
3066O00047C0,2,-22.90996,-43.29674
3066O00060C0,2,-22.89093,-43.293169
4132O00133C0,2,-23.020922,-43.521147
3051O00009C0,2,-22.894194,-43.263252
3051O00011C0,2,-22.894336,-43.257409
3051O00014C0,2,-22.890964,-43.258547
3052O00004C1,2,-22.880471,-43.258578
2037O00028C0,2,-22.92376,-43.24669
2037O00029C0,2,-22.92477,-43.2436
3052O00005C1,2,-22.878107,-43.262168
3052O00006C1,2,-22.87806,-43.26402
3104O00036C0,2,-22.784874,-43.226547
3105O00001C0,2,-22.842583,-43.236254
3105O00003C0,2,-22.845853,-43.237793
3105O00004C0,2,-22.846725,-43.237614
5150O00081C9,2,-22.98029,-43.69761
5150O00082C9,2,-22.9751,-43.69443
5150O00083C9,2,-22.97184,-43.69248
5150O00084C9,2,-22.97019,-43.69146
3105O00005C0,2,-22.850332,-43.234976
3105O00008C0,2,-22.853086,-43.233036
3105O00030C0,2,-22.860239,-43.227788
3105O00031C0,2,-22.860551,-43.227574
3106O00014C9,2,-22.8456,-43.37417
2035O00095C0,2,-22.91168,-43.218765
2035O00028S9,2,-22.91375,-43.23656
2035O00042C0,2,-22.908756,-43.234655
2035O00049C0,2,-22.909844,-43.221063
2035O00050C0,2,-22.9135,-43.21777
2035O00054C0,2,-22.91657,-43.22248
2035O00061C0,2,-22.91586,-43.2226
2035O00062C0,2,-22.913973,-43.224796
2033O00215C0,2,-22.92768,-43.23988
2033O00216C0,2,-22.92534,-43.240261
5144O00115C9,2,-22.908517,-43.543169
5144O00116C9,2,-22.907029,-43.541848
2036O00012S9,2,-22.91446,-43.23969
2036O00014S9,2,-22.91629,-43.2526
4132O00129C0,2,-23.022711,-43.521037
4132O00120C0,2,-23.005945,-43.457389
4132O00121C0,2,-22.999049,-43.451768
4132O00122C0,2,-22.997027,-43.450185
2033O00232C0,2,-22.93184,-43.24159
2036O00045S9,2,-22.91526,-43.24374
2036O00051S9,2,-22.916179,-43.248564
2036O00053S9,2,-22.916893,-43.256594
2036O00059C0,2,-22.91923,-43.25981
2036O00071C0,2,-22.92271,-43.23705
2035O00094C0,2,-22.910634,-43.220078
4132O00050C0,2,-23.00805,-43.44359
4132O00079C0,2,-23.00102,-43.45343
4132O00082C0,2,-23.018763,-43.520269
4132O00083C0,2,-23.020344,-43.521113
3066O00008C9,2,-22.90125,-43.2963
3066O00010C9,2,-22.89869,-43.29551
3066O00014C0,2,-22.90277,-43.29933
3066O00015C0,2,-22.90347,-43.30016
3066O00016C0,2,-22.891892,-43.290069
3066O00017C0,2,-22.89384,-43.29613
1161O00027C0,2,-22.91429,-43.17745
1dq5,2,-22.834833,-43.409727
3107O00052C0,2,-22.81832,-43.39082
3107O00057C0,2,-22.826341,-43.406022
2015O00055C0,2,-22.94243,-43.17398
2015O00056C0,2,-22.94127,-43.17236
2015O00057C0,2,-22.939496,-43.170924
4131O00079C0,2,-22.977637,-43.499743
4131O00080C0,2,-22.978856,-43.492278
4131O00081C0,2,-22.984652,-43.489826
2033O00199C0,2,-22.923546,-43.233767
2033O00208C0,2,-22.91706,-43.2211
2033O00233C0,2,-22.92929,-43.243333
2033O00237C0,2,-22.917785,-43.219874
2033O00239C0,2,-22.916,-43.21721
2033O00243C0,2,-22.930695,-43.23786
3107O00001C0,2,-22.82332,-43.40495
3107O00036C0,2,-22.828393,-43.407305
3066O00026C0,2,-22.9047,-43.302136
3066O00027C0,2,-22.90457,-43.30007
3106O00049C1,2,-22.847868,-43.37251
2015O00025C0,2,-22.926844,-43.173127
2015O00026C0,2,-22.925018,-43.17256
4131O00069C0,2,-22.980344,-43.506052
4131O00070C0,2,-22.996647,-43.508187
4131O00071C0,2,-23.000165,-43.508909
4131O00072C0,2,-23.002141,-43.510254
4132O00010C0,2,-23.012105,-43.462414
5144O00190C0,2,-22.89291,-43.56247
3107OY0049C9,2,-22.82108,-43.39715
3107OY0050C0,2,-22.81991,-43.39545
3107O00037C0,2,-22.825826,-43.409703
3107O00044C0,2,-22.82497,-43.40218
3107O00045C0,2,-22.82407,-43.40312
3107O00046C0,2,-22.82271,-43.40395
3107O00047C0,2,-22.82182,-43.40157
3107O00051C0,2,-22.81888,-43.39359
2016O00022C0,2,-22.922629,-43.172233
2016O00039C0,2,-22.916036,-43.176479
2016O00055C0,2,-22.912168,-43.172982
2017O00053C0,2,-22.9364,-43.18398
3108O00006C0,2,-22.82737,-43.40085
3108O00007C0,2,-22.825555,-43.402291
5144O00245C0,2,-22.892937,-43.58634
4131O00016C0,2,-22.977487,-43.499781
4131O00019C0,2,-22.977697,-43.493114
2033O00214C0,2,-22.92908,-43.23908
4131O00060C0,2,-23.009673,-43.511868
4131O00061C0,2,-23.011782,-43.513755
4131O00066C0,2,-22.983409,-43.48936
4131O00068C0,2,-22.978371,-43.502204
4131O00041C0,2,-23.004557,-43.510753
4131O00045C0,2,-22.98336,-43.48964
5144O00296C9,2,-22.901005,-43.573279
4130O00033C0,2,-22.987952,-43.485657
4130O00034C0,2,-22.988131,-43.482186
4130O00035C0,2,-22.98782,-43.480892
4130O00036C0,2,-22.985452,-43.460318
4130O00037C0,2,-22.986362,-43.45742
5144O00228C0,2,-22.902191,-43.569322
5144O00229C0,2,-22.901361,-43.571182
5144O00241C0,2,-22.889642,-43.595685
5144O00242C0,2,-22.888215,-43.597618
5144O00243C0,2,-22.886547,-43.600949
5144O00244C0,2,-22.886253,-43.602774
3108O00033C0,2,-22.837066,-43.40833
3108O00042C0,2,-22.835069,-43.395818
5150O00020C9,2,-22.98553,-43.68686
2015O00024C0,2,-22.928967,-43.173779
5149O00302C9,2,-22.91689,-43.662651
5149O00304C0,2,-22.923435,-43.676351
3108O00044C0,2,-22.833305,-43.395802
4131O00010C0,2,-22.99214,-43.506012
4130O00009C0,2,-22.98901,-43.45412
4130O00010C0,2,-22.991363,-43.451338
4130O00021C0,2,-22.98823,-43.45475
4130O00022C0,2,-22.985374,-43.460153
4131O00030C0,2,-22.976331,-43.494694
4131O00034C0,2,-22.9822,-43.506235
4131O00035C0,2,-22.984652,-43.506119
4131O00037C0,2,-22.987296,-43.503827
4131O00038C0,2,-22.991369,-43.504637
4131O00039C0,2,-22.995248,-43.507913
4130O00029C0,2,-22.986839,-43.488927
4130O00030C0,2,-22.993427,-43.447361
4130O00032C0,2,-22.986935,-43.489273
4130O00001C0,2,-22.987688,-43.48532
4130O00002C0,2,-22.986505,-43.475829
4130O00038C0,2,-22.99125,-43.451747
3109O00007C0,2,-22.83584,-43.39264
3109O00017C0,2,-22.84031,-43.4046
3109O00018C0,2,-22.83957,-43.40291
5149O00308C9,2,-22.885792,-43.669519
5149O00311C9,2,-22.8731,-43.67625
5149O00312C9,2,-22.879793,-43.673455
3109O00021C0,2,-22.83489,-43.39474
3109O00022C0,2,-22.83136,-43.39589
3065O00012C9,2,-22.88812,-43.28264
3065O00025C0,2,-22.88674,-43.2779
3065O00026C0,2,-22.891631,-43.274574
3053O00024C0,2,-22.878524,-43.273707
3053O00025C0,2,-22.879333,-43.272262
4130O00023C0,2,-22.98233,-43.464057
4130O00024C0,2,-22.982452,-43.467776
4130O00025C0,2,-22.983889,-43.471346
4130O00026C0,2,-22.98689,-43.47726
4130O00027C0,2,-22.987715,-43.481076
4130O00028C0,2,-22.98752,-43.48362
3065O00027C0,2,-22.8931,-43.27577
3065O00033C0,2,-22.88821,-43.27681
3065O00044C1,2,-22.88727,-43.28219
3065O00045C1,2,-22.886308,-43.279923
3065O00054C0,2,-22.888891,-43.274554
5149O00276C9,2,-22.913221,-43.684548
5149O00287C9,2,-22.929132,-43.697178
5149O00248C9,2,-22.939465,-43.687356
5149O00250C9,2,-22.939504,-43.690112
5149O00252C9,2,-22.938646,-43.69679
5149O00254C9,2,-22.937219,-43.699938
5149O00257C9,2,-22.930088,-43.699252
5144O00372C9,2,-22.89353,-43.56524
5144O00402C9,2,-22.92017,-43.5471
4130O00003C0,2,-22.983975,-43.471194
4130O00004C0,2,-22.98273,-43.468298
4130O00005C0,2,-22.982605,-43.463896
4130O00007C0,2,-22.986079,-43.457484
4130O00008C0,2,-22.98801,-43.45528
5149O00259C0,2,-22.927855,-43.693263
5149O00261C0,2,-22.934553,-43.678696
5149O00268C9,2,-22.91635,-43.68956
5149O00269C9,2,-22.936519,-43.685465
5149O00270C9,2,-22.930193,-43.680229
5149O00274C9,2,-22.904251,-43.656389
5149O00275C9,2,-22.89546,-43.65414
2020O00016S0,2,-22.955667,-43.196167
2020O00017S0,2,-22.954194,-43.191986
2020O00058S0,2,-22.955184,-43.19476
2020O00065C0,2,-22.95468,-43.17864
4128O00114C0,2,-23.011221,-43.326344
4128O00115C0,2,-23.010668,-43.331067
4128O00122C0,2,-23.010488,-43.363708
2033O00045S0,2,-22.919613,-43.223519
2033O00122S9,2,-22.92408,-43.23273
2033O00132C0,2,-22.9253,-43.23282
2033O00136C0,2,-22.926048,-43.235176
2033O00137C0,2,-22.92755,-43.23615
2033O00140C0,2,-22.929518,-43.237305
5144O00365C0,2,-22.87671,-43.57466
3054O00008C0,2,-22.87193,-43.27676
3054O00015C0,2,-22.87191,-43.28125
3054O00016C0,2,-22.87131,-43.28275
3054O00017C0,2,-22.870128,-43.283955
3054O00018C0,2,-22.8675,-43.28577
2020O00072S0,2,-22.946944,-43.182126
2020O00073S0,2,-22.943226,-43.180742
5149O00244C9,2,-22.94611,-43.63991
5149O00245C9,2,-22.943722,-43.638814
3109O00032C0,2,-22.843278,-43.397868
3109O00033C0,2,-22.83952,-43.39862
3109O00035C0,2,-22.83783,-43.39746
3110O00015C9,2,-22.837413,-43.348288
3110O00016C9,2,-22.836024,-43.347561
3110O00017C9,2,-22.83409,-43.34671
3110O00018C9,2,-22.832129,-43.345972
2020O00115C0,2,-22.940198,-43.18297
2020O00116C0,2,-22.943078,-43.183388
2020O00117C0,2,-22.94534,-43.18414
2020O00118C0,2,-22.947189,-43.184288
2020O00119C0,2,-22.948919,-43.184317
2020O00131C0,2,-22.954991,-43.180879
2032O00001C0,2,-22.911486,-43.212072
2032O00017C0,2,-22.913557,-43.215314
2032O00018C0,2,-22.91353,-43.21589
5144O00473C0,2,-22.904038,-43.55413
5144O00474C0,2,-22.903088,-43.551556
5144O00475C0,2,-22.904893,-43.556172
5144O00419C0,2,-22.92428,-43.54726
5144O00429C0,2,-22.9165,-43.50519
3054O00031C0,2,-22.87379,-43.28359
3054O00048C0,2,-22.874499,-43.284938
3054O00029C9,2,-22.87456,-43.28148
3054O00030C0,2,-22.87442,-43.28275
5144O00491C9,2,-22.91702,-43.560326
2031O00027C0,2,-22.998969,-43.250769
2031O00028C0,2,-22.993801,-43.252995
2020O00132C0,2,-22.955743,-43.178584
2020O00148C0,2,-22.942824,-43.176753
5149O00161C9,2,-22.88804,-43.671163
3065OY0011C9,2,-22.89053,-43.28161
3066O00007C9,2,-22.90265,-43.29674
5149O00123C0,2,-22.93666,-43.667766
3064O00018C0,2,-22.893343,-43.287423
3064O00022C0,2,-22.89299,-43.28503
3064O00023C0,2,-22.893783,-43.286565
3063O00052C0,2,-22.900466,-43.27951
3063O00063C0,2,-22.89763,-43.279288
3063O00065P0,2,-22.90181,-43.27529
3063O00068C0,2,-22.89992,-43.279205
5149O00112C9,2,-22.919797,-43.695743
5149O00113C9,2,-22.9182,-43.69289
5149O00114C9,2,-22.914803,-43.686989
5149O00074C9,2,-22.933245,-43.682587
2021O00009S0,2,-22.957147,-43.198663
2024O00007S0,2,-22.98239,-43.19094
4128O00046C0,2,-23.012914,-43.319149
4128O00047C0,2,-23.013228,-43.317379
4128O00048C0,2,-23.013985,-43.314237
4128O00049C0,2,-23.014765,-43.309963
5144O00531C0,2,-22.872359,-43.580366
5144O00532C0,2,-22.868251,-43.584009
4128O00055C0,2,-23.008606,-43.366011
4128O00056C0,2,-23.00452,-43.36595
3054O00025C0,2,-22.876455,-43.29022
3054O00056C0,2,-22.875361,-43.280291
3054O00058C0,2,-22.868981,-43.284232
3055O00007C0,2,-22.866139,-43.288386
3055O00008C0,2,-22.86542,-43.28967
3055O00009C0,2,-22.86536,-43.2921
3055O00010C0,2,-22.86506,-43.29439
3055O00011C0,2,-22.865323,-43.296044
5144O00522C9,2,-22.90299,-43.574216
5144O00525C0,2,-22.87496,-43.576549
2024O00008S0,2,-22.977503,-43.190416
2024O00010S0,2,-22.96959,-43.18506
2024O00011S0,2,-22.96685,-43.17974
2024O00014S0,2,-22.97936,-43.19089
2024O00015S0,2,-22.97243,-43.18779
5149O00095C9,2,-22.917787,-43.655588
5149O00096C9,2,-22.917307,-43.659381
5149O00097C9,2,-22.916697,-43.664093
5149O00098C9,2,-22.916247,-43.667708
5149O00099C9,2,-22.912307,-43.679215
2024O00032S0,2,-22.983906,-43.191828
2024O00036S0,2,-22.97361,-43.18856
2024O00038S0,2,-22.96827,-43.18313
2024O00041S0,2,-22.96616,-43.1821
3056O00021C0,2,-22.869423,-43.306723
3056O00024C0,2,-22.86928,-43.30437
5144O00537C0,2,-22.879691,-43.573618
5144O00538C9,2,-22.910032,-43.544653
5144O00545C9,2,-22.91322,-43.5457
5144O00546C9,2,-22.914275,-43.548355
3114O00002C0,2,-22.807004,-43.367788
2024O00043S0,2,-22.9716,-43.18967
2024O00045S0,2,-22.9818,-43.19247
2024O00048S0,2,-22.96953,-43.18727
2024O00125C0,2,-22.98536,-43.18891
5149O00033C0,2,-22.9231,-43.6516
3063O00025C0,2,-22.90044,-43.28072
3056O00005C0,2,-22.870708,-43.300606
5144O00560C9,2,-22.905291,-43.577174
2030O00009C0,2,-22.99725,-43.23784
2030O00012C0,2,-22.994692,-43.234484
3063O00026C0,2,-22.898211,-43.275313
3063O00029C0,2,-22.895368,-43.27752
3063O00043C0,2,-22.90716,-43.27675
5149O00038C0,2,-22.92304,-43.67822
5149O00046C0,2,-22.92811,-43.69054
2024O00028S0,2,-22.96748,-43.18412
2024O00030S0,2,-22.97362,-43.1913
3063O00051C0,2,-22.901422,-43.278529
2031O00015C0,2,-22.996291,-43.255176
3114O00056C0,2,-22.81281,-43.37402
3114O00064C0,2,-22.81628,-43.38374
3114O00065C0,2,-22.815065,-43.381489
2024O00093S0,2,-22.97608,-43.19251
2024O00098S0,2,-22.965,-43.17623
3061O00036C0,2,-22.911833,-43.274489
3061O00037C0,2,-22.91253,-43.273
5148O00137C1,2,-22.91829,-43.651731
3114O00066C0,2,-22.810664,-43.371137
3114O00069C0,2,-22.808265,-43.367657
3114O00116C1,2,-22.804386,-43.36326
2024O00139C0,2,-22.98351,-43.189451
2025O00012S0,2,-22.98612,-43.19546
2024O00068C0,2,-22.97858,-43.1888
2024O00069C0,2,-22.97589,-43.18755
5148O00106C0,2,-22.87211,-43.62524
5148O00113C9,2,-22.913084,-43.655823
3058O00004C9,2,-22.90098,-43.25107
3058O00005C9,2,-22.90092,-43.2481
3058O00006C9,2,-22.90026,-43.24503
5144O00619C0,2,-22.929106,-43.578207
5144O00620C0,2,-22.928235,-43.580963
5144O00621C0,2,-22.928631,-43.583541
3155O00004C1,2,-22.88359,-43.25369
3155O00005C1,2,-22.882377,-43.254823
3155O00007C0,2,-22.889324,-43.256938
5148O00077C9,2,-22.91392,-43.65455
5148O00080C9,2,-22.91211,-43.65725
3ulw,2,-22.939027,-43.692305
4115O00027C0,2,-22.971876,-43.334189
2029O00027C0,2,-22.97956,-43.22669
2030O00007C0,2,-22.990922,-43.232441
2030O00008C0,2,-22.991952,-43.233799
5146O00003C0,2,-22.913214,-43.594989
5146O00009C9,2,-22.912985,-43.595321
5146O00020C9,2,-22.90576,-43.58057
5145O00023C9,2,-22.90687,-43.53494
5145O00024C9,2,-22.90533,-43.53568
5145O00027C9,2,-22.90309,-43.53856
4115O00072C0,2,-22.96638,-43.33477
3061O00038C0,2,-22.913782,-43.271729
3062O00018C0,2,-22.90845,-43.2767
3062O00019C0,2,-22.90953,-43.27601
3062O00020C0,2,-22.911228,-43.275638
3157O00018C0,2,-22.874862,-43.242746
4118O00011C0,2,-22.952741,-43.3534
4118O00013C0,2,-22.946444,-43.359992
4119O00014C0,2,-22.95203,-43.38832
4119O00029C0,2,-22.95265,-43.38956
2025O00020S0,2,-22.985628,-43.198174
3057O00006C0,2,-22.90591,-43.23964
3058O00003C0,2,-22.90047,-43.25224
4122O00218C0,2,-22.93201,-43.38239
4122O00221C0,2,-22.930706,-43.379065
4122O00226C0,2,-22.931495,-43.373923
4122O00254C0,2,-22.931407,-43.388501
4122O00259C0,2,-22.924092,-43.384872
5145O00042C9,2,-22.90198,-43.53975
5145O00043C9,2,-22.89946,-43.53906
5145O00044C9,2,-22.89798,-43.53741
5145O00045C9,2,-22.89666,-43.53598
5145O00047C0,2,-22.90343,-43.53659
4122O00155C0,2,-22.92844,-43.39232
4122O00157C0,2,-22.93199,-43.387291
4122O00158C0,2,-22.93001,-43.39072
4122O00173C0,2,-22.935335,-43.372092
4122O00178C0,2,-22.92225,-43.37775
4122O00179C0,2,-22.92067,-43.37887
4122O00180C0,2,-22.919604,-43.379635
4122O00204C0,2,-22.92786,-43.37261
4122O00028C0,2,-22.923057,-43.379426
5146O00021C9,2,-22.906927,-43.585948
5146O00022C9,2,-22.907563,-43.589299
5146O00023C9,2,-22.908105,-43.592306
5146O00024C9,2,-22.908675,-43.596312
2025O00038C0,2,-22.984883,-43.198536
2026O00006S0,2,-22.98528,-43.22603
2026O00007S0,2,-22.98409,-43.221
2026O00010S0,2,-22.98614,-43.22824
2026O00011S0,2,-22.98382,-43.21824
5148O00076C0,2,-22.915582,-43.652044
2027O00049C0,2,-22.97608,-43.225182
5147O00010C9,2,-22.905936,-43.619049
5147O00011C9,2,-22.90749,-43.621195
5147O00059C9,2,-22.91219,-43.614406
2027O00051C0,2,-22.97141,-43.2234
2027O00057C0,2,-22.960469,-43.204758
2027O00059C0,2,-22.960683,-43.206938
2027O00060C0,2,-22.961141,-43.210429
2027O00061C0,2,-22.9614,-43.213083
5146O00041C0,2,-22.91222,-43.59712
5146O00043C0,2,-22.892213,-43.592179
5146O00051C9,2,-22.894307,-43.594864
5147O00009C9,2,-22.904946,-43.617185
4122O00121C0,2,-22.915409,-43.377297
5147O00091C9,2,-22.903635,-43.614744
5147O00092C9,2,-22.910256,-43.624543
5147O00093C9,2,-22.911838,-43.62757
4122O00061C0,2,-22.92017,-43.37764
4122O00063C0,2,-22.9229,-43.3748
4122O00084C0,2,-22.92485,-43.38898
4122O00085C0,2,-22.924571,-43.386373
4122O00118C0,2,-22.909088,-43.37862
4122O00119C0,2,-22.911046,-43.378125
3058O00020C0,2,-22.89752,-43.25253
3059O00003C0,2,-22.894892,-43.254813
3059O00004C0,2,-22.895635,-43.252768
4119O00030C0,2,-22.950218,-43.389638
4120O00021C0,2,-22.951679,-43.349694
4120O00022C0,2,-22.94993,-43.34848
4120O00023C0,2,-22.94192,-43.34466
4118O00001C0,2,-22.946125,-43.362497
2026O00075C0,2,-22.98512,-43.22961
2026O00076C0,2,-22.98471,-43.22297
2026O00078C0,2,-22.98346,-43.22329
4120O00093C0,2,-22.93859,-43.3455
4120O00095C0,2,-22.9384,-43.34787
4122O00007C0,2,-22.940526,-43.368066
4122O00009C0,2,-22.94376,-43.365922
5147O00100C9,2,-22.894245,-43.59974
5147O00101C9,2,-22.893593,-43.597399
2027O00062C0,2,-22.962236,-43.215419
2027O00067C0,2,-22.959719,-43.201374
2027O00096C0,2,-22.977042,-43.224905
2027O00097C0,2,-22.967135,-43.21983
2027O00098C0,2,-22.964565,-43.217649
2027O00105C0,2,-22.97362,-43.225424
4120O00119C0,2,-22.946881,-43.347336
4120O00120C0,2,-22.944866,-43.346348
2026O00087C0,2,-22.98217,-43.22361
2026O00092C0,2,-22.9827,-43.22772
2026O00096C0,2,-22.988694,-43.228114
5139O00263C9,2,-22.868661,-43.42108
3043O00071C0,2,-22.84581,-43.28908
3043O00072C0,2,-22.84521,-43.2885
3043O00083C0,2,-22.844015,-43.284501
3043O00095C0,2,-22.843998,-43.283484
3043O00117C2,2,-22.842057,-43.273957
thnu,2,-22.831024,-43.411171
z2u6,2,-22.972913,-43.329672
zlcj,2,-22.934625,-43.700389
3076O00121C1,2,-22.835751,-43.318185
yg71,2,-22.86286,-43.367136
xvp6,2,-22.891878,-43.294775
1002O00013C0,1,-22.89538,-43.18789
1003O00033C0,1,-22.90297,-43.208376
5139O00257C0,1,-22.871363,-43.430237
5139O00261C9,1,-22.869097,-43.437714
3043O00100C0,1,-22.846246,-43.286651
5140O00026C0,1,-22.893639,-43.453633
5140O00028C0,1,-22.890245,-43.45444
3076O00138C0,1,-22.830504,-43.329796
3077O00014C0,1,-22.8431,-43.33468
3077O00015C0,1,-22.84313,-43.3336
q404,1,-23.030202,-43.479952
qkqu,1,-22.887515,-43.304291
rf6y,1,-22.998639,-43.256642
oazv,1,-22.985311,-43.329534
og0e,1,-22.829791,-43.39213
1005O00052S0,1,-22.90143,-43.18009
1005O00076P0,1,-22.905406,-43.174822
5140O00065C9,1,-22.866853,-43.445908
5147O00107C9,1,-22.894187,-43.605092
5147O00108C9,1,-22.892527,-43.607518
5148BM0002U2,1,-22.916824,-43.633009
4120O00098C0,1,-22.936831,-43.351093
4120O00117C0,1,-22.928081,-43.336123
4121O00040C0,1,-22.93376,-43.35248
4121O00041C0,1,-22.93089,-43.35338
4121O00042C0,1,-22.92791,-43.35545
4121O00044C0,1,-22.924848,-43.358395
4121O00048C0,1,-22.927072,-43.349166
4121O00049C0,1,-22.92669,-43.34587
4121O00057C0,1,-22.928379,-43.352511
4121O00058C0,1,-22.92784,-43.35108
4121O00059C0,1,-22.92743,-43.34474
5140O00009C0,1,-22.87924,-43.44491
5140O00022C9,1,-22.888208,-43.446082
5147O00061C0,1,-22.911887,-43.614456
5147O00064C9,1,-22.89011,-43.607602
4122O00265C0,1,-22.935607,-43.372015
5147O00066C1,1,-22.887899,-43.605826
5147O00072C9,1,-22.895945,-43.605058
5147O00073C9,1,-22.896436,-43.607713
5147O00075C9,1,-22.896423,-43.609725
5147O00077C9,1,-22.89638,-43.611228
5147O00090C9,1,-22.89862,-43.613226
4121O00043C0,1,-22.92592,-43.35676
3059O00001S1,1,-22.90209,-43.2549
4120O00067C0,1,-22.93374,-43.32914
4120O00097C0,1,-22.938213,-43.3489
4122O00017C0,1,-22.91849,-43.36504
5147O00099C9,1,-22.897678,-43.613364
5147O00106C9,1,-22.894857,-43.604099
4122O00299C0,1,-22.923915,-43.371854
4122O00301P2,1,-22.923641,-43.374354
3056O00033C0,1,-22.870282,-43.308
4123O00039C0,1,-22.917656,-43.361086
4122O00174C0,1,-22.91462,-43.38107
4122O00288C0,1,-22.919904,-43.375016
4122O00289C0,1,-22.9178,-43.376562
4115O00223C0,1,-22.973585,-43.377831
4115O00225C0,1,-22.973691,-43.410775
4115O00150C0,1,-22.948294,-43.394941
2026O00001C0,1,-22.98757,-43.22467
2026O00112C9,1,-22.986893,-43.220334
5148O00010C9,1,-22.914231,-43.629628
5148O00011C9,1,-22.917306,-43.637134
5148O00012C0,1,-22.919767,-43.642463
5148O00019C9,1,-22.91668,-43.63292
3156O00005C1,1,-22.868293,-43.274655
3157O00001C0,1,-22.864336,-43.239564
5148O00091C0,1,-22.889847,-43.636025
3qix,1,-23.001109,-43.367264
2030O00001C0,1,-22.9973,-43.23761
2030O00002C0,1,-22.99528,-43.2351
2030O00004C0,1,-22.991075,-43.23253
5146O00002C0,1,-22.914328,-43.600574
4124O00023C0,1,-22.911769,-43.360481
4124O00044C0,1,-22.894855,-43.354672
5144O00648C0,1,-22.912533,-43.533245
4115O00068C0,1,-22.97362,-43.37043
4115O00069C0,1,-22.97366,-43.36785
3159O00001C0,1,-22.821165,-43.351175
3efc,1,-22.826284,-43.372747
4118O00003C0,1,-22.952055,-43.358218
5148O00116C9,1,-22.890939,-43.629871
4123O00001C0,1,-22.91743,-43.36318
4123O00009C0,1,-22.91783,-43.36438
4123O00028C0,1,-22.91108,-43.37797
4123O00029C0,1,-22.908906,-43.378484
4123O00030C0,1,-22.90719,-43.37923
4123O00037C0,1,-22.922448,-43.360733
4123O00038C0,1,-22.919982,-43.360245
5144O00617C0,1,-22.91014,-43.56531
5144O00629C9,1,-22.920439,-43.513396
5144O00630C9,1,-22.922034,-43.514405
5148O00118C0,1,-22.889272,-43.634666
5148O00119C0,1,-22.888161,-43.63
3156O00002C1,1,-22.86812,-43.26885
3156O00003C1,1,-22.86702,-43.27014
3156O00004C0,1,-22.86705,-43.27169
5144O00592C9,1,-22.918386,-43.559043
5144O00593C0,1,-22.91937,-43.546397
3114O00038C0,1,-22.81825,-43.35737
3114O00041C0,1,-22.81014,-43.36163
3114O00051C0,1,-22.81632,-43.3804
3114O00063C0,1,-22.816595,-43.385342
2024O00073C0,1,-22.965785,-43.174538
3157O00002C0,1,-22.867768,-43.241299
5148O00136C2,1,-22.913049,-43.656131
3114O00111C1,1,-22.804257,-43.364367
3063O00004C0,1,-22.901634,-43.280831
2024O00140C0,1,-22.973667,-43.186047
2024O00070C0,1,-22.971253,-43.183586
5148O00094C0,1,-22.918413,-43.639657
5148O00095C0,1,-22.92267,-43.647884
5148O00110C0,1,-22.874721,-43.633879
3114O00021C1,1,-22.804521,-43.362193
3114O00031C0,1,-22.81598,-43.35826
3114O00037C0,1,-22.81952,-43.35437
5144O00631C9,1,-22.925743,-43.515917
4123O00052P2,1,-22.915724,-43.361002
4123O00053C0,1,-22.922639,-43.343402
4124O00010C0,1,-22.89228,-43.35733
4124O00011C0,1,-22.89377,-43.35586
4124O00012C0,1,-22.89643,-43.35252
4124O00019C0,1,-22.89473,-43.34983
4124O00020C0,1,-22.897859,-43.352602
4124O00021C0,1,-22.899775,-43.353918
4124O00022C0,1,-22.90419,-43.35696
5144O00587C0,1,-22.917801,-43.548466
5144O00588C0,1,-22.919525,-43.545961
5144O00589C0,1,-22.919975,-43.54417
5144O00595C0,1,-22.918153,-43.548141
4124O00054C0,1,-22.893403,-43.34911
4124O00055C0,1,-22.902442,-43.355699
4125O00010C0,1,-22.88562,-43.35517
3056O00002C0,1,-22.866816,-43.307285
3056O00012C0,1,-22.86392,-43.30608
5144O00596C0,1,-22.917292,-43.54995
5144O00604C0,1,-22.92929,-43.536232
5144O00574C9,1,-22.9124,-43.544972
2030O00010C0,1,-23.000162,-43.243597
2030O00011C0,1,-22.992068,-43.23359
5149O00043C0,1,-22.91851,-43.6877
5149O00044C9,1,-22.919904,-43.689771
2024O00029S0,1,-22.96988,-43.18782
2024O00071C0,1,-22.96915,-43.18073
2024O00072C0,1,-22.967821,-43.178528
4125O00049C0,1,-22.887341,-43.355566
4125O00050C0,1,-22.889476,-43.356993
4127O00001C0,1,-22.97466,-43.327525
2031O00012C0,1,-22.99738,-43.25754
5144O00551C9,1,-22.85505,-43.54245
5144O00552C9,1,-22.85703,-43.54164
3113O00003C0,1,-22.82776,-43.3717
3113O00004C0,1,-22.830394,-43.373098
3113O00005C0,1,-22.83146,-43.37384
3113O00023C0,1,-22.829842,-43.371898
3114O00007C0,1,-22.81513,-43.37066
2024O00049S0,1,-22.97249,-43.19054
2024O00107C0,1,-22.964774,-43.189964
3114O00008C0,1,-22.81724,-43.37039
3114O00018C0,1,-22.816629,-43.378408
5144O00594C9,1,-22.918511,-43.560329
4128O00053C0,1,-23.00916,-43.30439
3054O00020C0,1,-22.87343,-43.27555
3054O00021C0,1,-22.87212,-43.26918
3054O00060C0,1,-22.872218,-43.273815
3054O00061C0,1,-22.871703,-43.272915
3054O00062C0,1,-22.871527,-43.27049
5144O00521C9,1,-22.902681,-43.574319
4128O00037C0,1,-23.010655,-43.359393
4128O00038C0,1,-23.010489,-43.355245
4128O00039C0,1,-23.010385,-43.351093
2024O00042S0,1,-22.96875,-43.18608
3113O00001C0,1,-22.82435,-43.37118
2031O00006C0,1,-22.99899,-43.25127
3056O00013C0,1,-22.861788,-43.306658
3056O00014C0,1,-22.87391,-43.30845
3056O00015C0,1,-22.87197,-43.30825
3064O00013C0,1,-22.896912,-43.287656
5149O00140C9,1,-22.90996,-43.69456
5149O00103C9,1,-22.910686,-43.691596
3064O00020C0,1,-22.88911,-43.283852
3064O00021C0,1,-22.896369,-43.283203
3110O00043C0,1,-22.82894,-43.34904
3110O00044C0,1,-22.82701,-43.34988
3111O00005C0,1,-22.825911,-43.348179
5149O00111C9,1,-22.92252,-43.70051
2023O00008C0,1,-22.96169,-43.16611
2023O00018C0,1,-22.96263,-43.1679
2023O00019C0,1,-22.96327,-43.16953
4128O00040C0,1,-23.01041,-43.345634
4128O00041C0,1,-23.010518,-43.339939
4128O00050C0,1,-23.01421,-43.30551
5144O00526C0,1,-22.873853,-43.578323
5149O00173C9,1,-22.909904,-43.663241
5149O00174C9,1,-22.911379,-43.667636
5149O00175C9,1,-22.911025,-43.670385
5149O00176C9,1,-22.910413,-43.674766
5149O00133C9,1,-22.896403,-43.721025
5149O00134C9,1,-22.899545,-43.721956
5149O00136C9,1,-22.903289,-43.717063
5149O00137C9,1,-22.905141,-43.71088
5149O00138C9,1,-22.907034,-43.704472
5149O00139C9,1,-22.909233,-43.696947
3110O00022C0,1,-22.827873,-43.353295
3110O00030C0,1,-22.828791,-43.353941
3110O00031C0,1,-22.828957,-43.354259
3064O00005C0,1,-22.89106,-43.28305
3064O00006C0,1,-22.897639,-43.284292
3064O00007C0,1,-22.89401,-43.28296
2032O00015C0,1,-22.91359,-43.21027
4128O00052C0,1,-23.01167,-43.30495
3054O00032C0,1,-22.87325,-43.28251
3054O00049C1,1,-22.871881,-43.276874
3054O00026C0,1,-22.87934,-43.28483
5144O00494C9,1,-22.918448,-43.55954
5144O00495C9,1,-22.917758,-43.55887
5144O00496C9,1,-22.917849,-43.558955
5144O00497C9,1,-22.917256,-43.558926
5144O00498C9,1,-22.916923,-43.558793
5144O00499C9,1,-22.915538,-43.558675
5144O00446C9,1,-22.890987,-43.579919
5144O00447C9,1,-22.892273,-43.582405
5144O00449C9,1,-22.893643,-43.584517
2031O00024C0,1,-22.993995,-43.253922
5149O00160C9,1,-22.880831,-43.671857
2020O00081C0,1,-22.958792,-43.191295
2020O00099C0,1,-22.954135,-43.180378
2020O00105C0,1,-22.952839,-43.193624
2020O00106C0,1,-22.956183,-43.19224
2020O00107C0,1,-22.957146,-43.19183
3109O00036C0,1,-22.831599,-43.39189
3110O00021C0,1,-22.826474,-43.349138
5149O00177C9,1,-22.91137,-43.67885
5149O00179C9,1,-22.8913,-43.67341
5149O00180C9,1,-22.889274,-43.671937
5149O00181C9,1,-22.888092,-43.671077
5149O00183C9,1,-22.916251,-43.689614
5149O00184C9,1,-22.918053,-43.692908
5149O00185C9,1,-22.922397,-43.700582
2032O00008S9,1,-22.91608,-43.212
2032O00012S9,1,-22.9158,-43.21098
5144O00339C9,1,-22.876404,-43.582763
5144O00340C9,1,-22.878178,-43.582114
5144O00341C9,1,-22.880409,-43.580919
5144O00342C9,1,-22.901173,-43.573531
3054O00055C0,1,-22.8752,-43.284011
4128O00068C0,1,-22.97348,-43.39888
4128O00069C0,1,-22.973546,-43.386536
4128O00071C0,1,-22.995469,-43.363517
4128O00072C0,1,-22.995466,-43.361904
4128O00073C0,1,-22.995884,-43.357993
3054O00013C1,1,-22.870172,-43.276304
5144O00442C9,1,-22.887788,-43.579412
5144O00444C9,1,-22.889483,-43.579589
2033O00040S9,1,-22.91704,-43.21443
3054O00014C1,1,-22.87309,-43.278
2020O00074S0,1,-22.941484,-43.179766
5144O00384C0,1,-22.844798,-43.51854
5144O00385C0,1,-22.88307,-43.570716
5144O00386C0,1,-22.879459,-43.573448
5144O00388C0,1,-22.87663,-43.57456
5144O00389C0,1,-22.874287,-43.579728
5144O00395C0,1,-22.920094,-43.54411
5144O00401C9,1,-22.92224,-43.54081
5144O00406C0,1,-22.874854,-43.576511
3053O00015C0,1,-22.87694,-43.26549
5149O00266C9,1,-22.914671,-43.687065
5149O00267C9,1,-22.919628,-43.695749
5149O00272C9,1,-22.936372,-43.685539
5149O00216C9,1,-22.902125,-43.720538
5149O00218C9,1,-22.90598,-43.707962
4128O00134C0,1,-23.015159,-43.305776
5144O00338C9,1,-22.875051,-43.581226
3108O00063C1,1,-22.833396,-43.405021
5149O00309C9,1,-22.879468,-43.673706
5149O00310C9,1,-22.8733,-43.67617
3109O00026C0,1,-22.83427,-43.39195
3053O00023C0,1,-22.877626,-43.275107
4128O00135C0,1,-23.014737,-43.30191
4128O00136C0,1,-23.014333,-43.298588
4128O00189C0,1,-23.006777,-43.316208
4128O00190C0,1,-22.973512,-43.393613
4128O00191C0,1,-22.973547,-43.384621
5144O00327C0,1,-22.91126,-43.53819
5144O00329C9,1,-22.908978,-43.53587
5149O00294C9,1,-22.911812,-43.687952
5149O00296C9,1,-22.907895,-43.701526
5149O00297C9,1,-22.904308,-43.713708
5149O00246C9,1,-22.942378,-43.637577
4131O00013C0,1,-22.987633,-43.503552
4131O00014C0,1,-22.983665,-43.506013
4130O00013C0,1,-22.9898,-43.442465
4130O00014C0,1,-22.988949,-43.440059
4130O00016C0,1,-22.987808,-43.433356
4128O00203C0,1,-23.010628,-43.337755
4129O00004C0,1,-22.985202,-43.427512
4129O00005C0,1,-22.979153,-43.419223
4129O00008C0,1,-22.97979,-43.409
4129O00016C0,1,-22.98052,-43.42314
4130O00039C0,1,-22.991828,-43.445478
4130O00040C0,1,-22.989328,-43.43674
4130O00041C0,1,-22.985774,-43.43111
4131O00006C0,1,-23.009912,-43.511932
4131O00007C0,1,-23.004969,-43.510663
3108O00059C0,1,-22.833468,-43.404671
4131O00018C0,1,-22.976585,-43.494785
4131O00021C0,1,-22.970209,-43.494048
4131O00022C0,1,-22.973495,-43.494175
4131O00026C0,1,-23.016046,-43.516128
4131O00058C0,1,-23.011886,-43.51353
4131O00040C0,1,-23.00041,-43.508858
5144O00294C9,1,-22.85259,-43.54364
3108O00008C0,1,-22.83604,-43.41098
3108O00010C0,1,-22.83613,-43.41515
3108O00011C0,1,-22.83466,-43.41648
3108O00014C0,1,-22.828796,-43.419525
3108O00034C0,1,-22.83558,-43.39897
3108O00041C0,1,-22.83484,-43.39556
3108O00050C0,1,-22.836744,-43.412643
3108O00057C0,1,-22.83414,-43.40712
3108O00058C0,1,-22.83375,-43.406396
3107O00066C0,1,-22.825685,-43.416076
4131O00073C0,1,-22.996653,-43.508036
4131O00074C0,1,-22.995431,-43.50781
4131O00075C0,1,-22.992514,-43.506149
4131O00076C0,1,-22.991457,-43.50442
4131O00077C0,1,-22.982328,-43.506081
4131O00078C0,1,-22.980385,-43.50594
4132O00006C0,1,-22.99841,-43.45154
4132O00012C0,1,-23.014055,-43.463671
5144O00202C9,1,-22.92438,-43.514616
2033O00190C0,1,-22.91684,-43.2179
3108O00004C0,1,-22.83051,-43.39779
3108O00005C0,1,-22.82937,-43.39916
5144O00258C9,1,-22.882537,-43.580371
5144O00259C9,1,-22.884636,-43.579696
5144O00260C9,1,-22.886398,-43.579321
3107O00053C0,1,-22.8173,-43.38943
4131O00082C0,1,-22.968512,-43.49413
4132BL0001P1,1,-23.008509,-43.440389
4132BO0005X1,1,-23.01979,-43.48766
4132BO0010X1,1,-23.01254,-43.45928
2033O00191C0,1,-22.91512,-43.2187
2033O00249P0,1,-22.9463,-43.25666
4132O00035C0,1,-23.014444,-43.468586
3107O00002C0,1,-22.82331,-43.40649
3107O00013C0,1,-22.82662,-43.409
3106O00016C0,1,-22.83124,-43.377
3106O00020C0,1,-22.836933,-43.380266
3106O00035C0,1,-22.831868,-43.378766
3107O00060C0,1,-22.83101,-43.40686
3107O00063C0,1,-22.826131,-43.405601
3107O00065C0,1,-22.824887,-43.405223
4132O00124C0,1,-23.009481,-43.460762
4132O00125C0,1,-23.029203,-43.480269
4132O00037C0,1,-23.015308,-43.468796
4132O00038C0,1,-23.014742,-43.46644
4132O00039C0,1,-23.01443,-43.46136
4132O00041C0,1,-23.018979,-43.459581
4132O00042C0,1,-23.02123,-43.458701
4132O00044C0,1,-23.024134,-43.457595
4132O00045C0,1,-23.025299,-43.458953
4132O00061C0,1,-23.016407,-43.516307
4132O00005C0,1,-22.99669,-43.45016
4132O00070C0,1,-23.026915,-43.463577
4132O00072C0,1,-23.02889,-43.468061
4132O00074C0,1,-23.03012,-43.475349
3106O00015C0,1,-22.831297,-43.375849
16lj,1,-22.9148,-43.374925
3066O00050C0,1,-22.89627,-43.290011
4132O00130C0,1,-23.016317,-43.519911
4132O00135C0,1,-23.027931,-43.480648
4132O00136C0,1,-23.023464,-43.481886
3050O00015C2,1,-22.868474,-43.266605
3050O00016C1,1,-22.86837,-43.258305
3053O00002C9,1,-22.878997,-43.271644
4132O00146C0,1,-23.016547,-43.460511
3104O00023C0,1,-22.808068,-43.261066
5150O00077C9,1,-22.97453,-43.69419
3105O00024P0,1,-22.839556,-43.239519
4132O00128C0,1,-23.018969,-43.520303
4132O00111C0,1,-23.03074,-43.472596
4132O00112C0,1,-23.030276,-43.4742
4132O00113C0,1,-23.030182,-43.478133
4132O00123C0,1,-23.005795,-43.457489
3040O00003C2,1,-22.86772,-43.25684
4769,1,-22.976663,-43.325604
4r7b,1,-22.813429,-43.35975
50m1,1,-22.984524,-43.425073
5134BB0043P0,1,-22.853832,-43.384252
5134BB0046P0,1,-22.853769,-43.384092
2037O00044C0,1,-22.929649,-43.253229
2037O00045C0,1,-22.92798,-43.25196
3104O00021C0,1,-22.809756,-43.25924
3104O00022C0,1,-22.8067,-43.25935
3066O00040C9,1,-22.90567,-43.29927
3066O00041C9,1,-22.90702,-43.2975
1158O00008C0,1,-22.891283,-43.229098
1011O00008C0,1,-22.905917,-43.239234
1011O00009C0,1,-22.904788,-43.240031
3066O00049C0,1,-22.90755,-43.29644
3101O00034C0,1,-22.79786,-43.188246
3101O00035C0,1,-22.792499,-43.188209
3050O00002C0,1,-22.86957,-43.25945
3050O00003C0,1,-22.87001,-43.26233
3050O00004C0,1,-22.86976,-43.26571
3039O00020C0,1,-22.88382,-43.24923
3101O00036C0,1,-22.789919,-43.18848
3102O00002C0,1,-22.79813,-43.19562
3102O00003C0,1,-22.79935,-43.19719
3102O00004C0,1,-22.79981,-43.19883
1012O00028C0,1,-22.8959,-43.24367
1012O00031C0,1,-22.89888,-43.2359
1012O00041C0,1,-22.88918,-43.244619
2037O00019C0,1,-22.93078,-43.254158
3040O00001C2,1,-22.87029,-43.25836
3040O00002C2,1,-22.868383,-43.258079
3046O00049C1,1,-22.8265,-43.31147
3047O00035C2,1,-22.822283,-43.313453
5137O00028C0,1,-22.899222,-43.395109
5137O00029C0,1,-22.897,-43.397889
3040O00047C2,1,-22.867804,-43.256135
3040O00054C0,1,-22.868612,-43.256041
3101O00020C0,1,-22.79808,-43.18833
3101O00021C0,1,-22.79592,-43.18585
3101O00022C0,1,-22.794436,-43.184139
3101O00023C0,1,-22.79255,-43.18512
3101O00024C0,1,-22.792918,-43.186714
5151O00012C9,1,-22.956007,-43.610362
5151O00013C9,1,-22.959807,-43.611408
1011O00013C0,1,-22.900272,-43.24078
3101O00032C0,1,-22.792693,-43.185209
3101O00033C0,1,-22.793043,-43.186648
5143O00029C0,1,-22.8744,-43.5138
3039O00023C1,1,-22.874833,-43.252589
3039O00024C0,1,-22.887617,-43.246894
3040O00037C2,1,-22.86786,-43.26553
3040O00038C2,1,-22.86842,-43.26397
3040O00039C0,1,-22.86844,-43.25967
1011O00003C0,1,-22.90883,-43.2332
1011O00004C0,1,-22.90265,-43.24098
1011O00006C0,1,-22.908594,-43.234549
1011O00007C0,1,-22.907576,-43.237154
1010O00064C9,1,-22.90045,-43.23258
1010O00073C0,1,-22.901864,-43.216433
1010O00083C0,1,-22.90383,-43.21625
5150O00120C2,1,-22.988638,-43.689049
5137O00023C0,1,-22.892465,-43.394203
5137O00024C0,1,-22.890771,-43.390766
3099O00029C0,1,-22.81906,-43.19321
3099O00030C9,1,-22.81636,-43.18811
3099O00032C0,1,-22.816719,-43.204575
3099O00033C0,1,-22.818359,-43.196774
3099O00034C0,1,-22.818682,-43.199557
1010O00084C0,1,-22.8993,-43.21664
1010O00086C0,1,-22.89585,-43.21893
3101O00003C0,1,-22.79012,-43.1887
3101O00004C0,1,-22.79263,-43.18816
3101O00005C0,1,-22.79461,-43.18452
3101O00006C0,1,-22.79588,-43.18599
5151O00073C0,1,-23.024834,-43.555444
1010O00092C0,1,-22.90001,-43.234537
1010O00109C0,1,-22.897982,-43.217549
5142O00076C0,1,-22.888761,-43.482568
5142O00079C9,1,-22.894112,-43.484546
1010O00061C0,1,-22.899862,-43.226297
1010O00062C9,1,-22.89995,-43.229544
3099O00001C0,1,-22.8199,-43.19006
3099O00002C0,1,-22.818649,-43.194307
3099O00003C0,1,-22.817243,-43.203019
3099O00004C0,1,-22.816406,-43.205017
3099O00005C9,1,-22.812863,-43.207504
3099O00006C0,1,-22.81083,-43.20869
5151O00074C0,1,-23.060428,-43.56326
5151O00086C9,1,-22.960318,-43.611402
5151O00087C9,1,-22.955686,-43.610065
3099O00023C0,1,-22.81534,-43.206216
3099O00024C0,1,-22.81836,-43.2025
3099O00025C9,1,-22.818564,-43.198028
3099O00027C0,1,-22.8185,-43.19617
3099O00028C0,1,-22.81873,-43.1946
5138O00015C0,1,-22.870287,-43.418252
5138O00016C0,1,-22.87088,-43.41953
3045O00027C9,1,-22.82571,-43.28942
3045O00028C9,1,-22.824561,-43.288628
3046BB0073U1,1,-22.814729,-43.292972
5137O00025C0,1,-22.90466,-43.37994
5137O00026C0,1,-22.90035,-43.38246
5137O00027C0,1,-22.89873,-43.38951
3046O00008C9,1,-22.82424,-43.30375
3046O00009C9,1,-22.823751,-43.301558
3046O00010C9,1,-22.82339,-43.30029
3046O00011C9,1,-22.822257,-43.29881
3046O00012C9,1,-22.8219,-43.29767
3046O00013C9,1,-22.825277,-43.296441
1010O00055C0,1,-22.899433,-43.222963
1010O00059C9,1,-22.90004,-43.22381
5139O00025C9,1,-22.896727,-43.438963
5139O00026C9,1,-22.898166,-43.440612
5139O00027C9,1,-22.897642,-43.441722
3045O00007C9,1,-22.82684,-43.29564
5142O00052C0,1,-22.8901,-43.48233
5142O00053C9,1,-22.890545,-43.482548
5142O00054C9,1,-22.891212,-43.483839
5142O00062C9,1,-22.88688,-43.48277
5142O00063C9,1,-22.88396,-43.48589
5142O00033C0,1,-22.871644,-43.488255
3099O00018C9,1,-22.81108,-43.19416
3099O00036C0,1,-22.806818,-43.207417
1010O00037C0,1,-22.896379,-43.213767
1010O00038C0,1,-22.908374,-43.231002
1010O00043C0,1,-22.89402,-43.2287
1010O00054C0,1,-22.89716,-43.22196
3093O00011C0,1,-22.81894,-43.18828
3093O00012C0,1,-22.81707,-43.18757
3093O00013C0,1,-22.81662,-43.18622
3094O00001C0,1,-22.82018,-43.17935
3094O00002C0,1,-22.819477,-43.18254
3094O00003C0,1,-22.817997,-43.185292
3069O00007C0,1,-22.89213,-43.30614
3097O00018C0,1,-22.788,-43.18833
1010BB0124U2,1,-22.887026,-43.224386
1007O00044C0,1,-22.92371,-43.21231
3099O00007C0,1,-22.808416,-43.207472
3099O00009C0,1,-22.81886,-43.2016
3099O00012C9,1,-22.81514,-43.18903
3099O00015C9,1,-22.80609,-43.20014
3099O00016C9,1,-22.80814,-43.19683
3099O00017C9,1,-22.809881,-43.195485
1007O00064C0,1,-22.9248,-43.21172
3093O00009C0,1,-22.81916,-43.18849
5141O00305C0,1,-22.885244,-43.460452
5142O00047C0,1,-22.874384,-43.484984
5142O00048C0,1,-22.87441,-43.48719
5142O00049C0,1,-22.87353,-43.48767
5142O00050C9,1,-22.89334,-43.484735
5142O00051C9,1,-22.885364,-43.484723
3046O00005C9,1,-22.82673,-43.30912
3046O00006C9,1,-22.82595,-43.30742
3046O00007C9,1,-22.82513,-43.30566
3045O00025C9,1,-22.829404,-43.28818
3045O00026C9,1,-22.82741,-43.28829
5139O00028C9,1,-22.895444,-43.443137
5139O00029C0,1,-22.894091,-43.441889
3093O00010C0,1,-22.82004,-43.19017
3091O00005C0,1,-22.82428,-43.1695
5141O00327C0,1,-22.876377,-43.463617
3045O00021C9,1,-22.82903,-43.29406
3045O00022C9,1,-22.83064,-43.29304
3045O00023C9,1,-22.8318,-43.29198
3045O00024C9,1,-22.83219,-43.29112
5141O00289C0,1,-22.885007,-43.463361
5141O00292C0,1,-22.875013,-43.456653
3041O00023C0,1,-22.84812,-43.25427
3091O00006C0,1,-22.82286,-43.17117
3091O00008P0,1,-22.825578,-43.169152
3091O00009C0,1,-22.824852,-43.173084
3092O00001C0,1,-22.82204,-43.17705
3092O00002C0,1,-22.82035,-43.17762
3092O00008C0,1,-22.82354,-43.175787
3092O00011C0,1,-22.821986,-43.177329
3090O00045C0,1,-22.86708,-43.37469
3090O00046C9,1,-22.86506,-43.37345
3090O00071C0,1,-22.86383,-43.37338
5151O00294C0,1,-23.025345,-43.562434
3093O00001C0,1,-22.81645,-43.18615
3093O00002C9,1,-22.81473,-43.18829
3093O00008C0,1,-22.81825,-43.18809
3090O00078C2,1,-22.86849,-43.37547
3090O00080C2,1,-22.865641,-43.373783
3090O00115C0,1,-22.861556,-43.369832
3091O00003C0,1,-22.8245,-43.17321
3094O00007C0,1,-22.81906,-43.183746
3094O00008C0,1,-22.820526,-43.181475
3094O00009C0,1,-22.82046,-43.180934
3094O00010C0,1,-22.81906,-43.183021
3094O00011C0,1,-22.816895,-43.185533
5141O00206C9,1,-22.865081,-43.463524
3069O00035C0,1,-22.87593,-43.30888
3069O00055C0,1,-22.901831,-43.314256
3089O00066C0,1,-22.86303,-43.355866
3089O00035C0,1,-22.85829,-43.3537
3089O00064C0,1,-22.859749,-43.354416
3089O00065C0,1,-22.861452,-43.355288
3091O00004C0,1,-22.82369,-43.17484
5151O00285C9,1,-22.957839,-43.610655
5151O00289C0,1,-23.015566,-43.543266
5151O00290C0,1,-23.022703,-43.547066
5151O00291C0,1,-23.02422,-43.548839
5151O00292C0,1,-23.024618,-43.556627
5151O00293C0,1,-23.024074,-43.558117
3090O00039C9,1,-22.87439,-43.37343
3090O00040C0,1,-22.8708,-43.37536
5151O00295C0,1,-23.049908,-43.552739
5151O00296C0,1,-23.052642,-43.555248
5151O00297C0,1,-23.054184,-43.55675
3069O00033C0,1,-22.878985,-43.310636
3069O00034C0,1,-22.87822,-43.30967
3041O00024C0,1,-22.84591,-43.25362
3041O00025C0,1,-22.84554,-43.2524
3041O00029C0,1,-22.85257,-43.25591
3041O00031C0,1,-22.85455,-43.26
3041O00032C0,1,-22.85265,-43.25765
3041O00033C0,1,-22.84486,-43.25124
5141O00182C0,1,-22.857771,-43.472047
5141O00195C0,1,-22.87505,-43.45896
5141O00196C0,1,-22.87509,-43.46078
5141O00204C0,1,-22.870306,-43.479613
5141O00205C0,1,-22.87311,-43.46368
5141O00225C0,1,-22.84845,-43.48761
5141O00231C9,1,-22.866085,-43.471312
5141O00232C0,1,-22.867959,-43.470217
5141O00233C0,1,-22.870363,-43.469598
5141O00243C0,1,-22.84563,-43.46672
5141O00283C0,1,-22.8435,-43.46768
5152O00008C0,1,-23.020155,-43.545535
5152O00015C0,1,-23.06303,-43.56594
5152O00016C0,1,-23.012651,-43.541895
5152O00294C0,1,-23.024206,-43.560304
5152O00295C0,1,-23.027771,-43.562948
5152O00296C0,1,-23.03456,-43.562161
5152O00297C0,1,-23.040984,-43.557611
5152O00298C0,1,-23.043688,-43.554677
5152O00299C0,1,-23.045322,-43.553367
5152O00300C0,1,-23.047779,-43.552595
5141O00179C0,1,-22.86881,-43.46985
5141O00180C9,1,-22.861438,-43.472383
5141O00181C9,1,-22.859193,-43.472286
5139O00085C0,1,-22.88967,-43.42595
5139O00095C9,1,-22.890831,-43.41609
5139O00096C9,1,-22.891928,-43.417455
5139O00097C9,1,-22.892281,-43.419071
5139O00098C9,1,-22.8907,-43.421204
1005O00263P0,1,-22.904988,-43.192317
1005O00361C0,1,-22.90526,-43.17648
3069O00032C0,1,-22.88019,-43.31214
5152O00001C0,1,-23.05568,-43.558478
5152O00004C0,1,-23.02955,-43.563175
5152O00007C0,1,-23.014482,-43.542728
5141O00207C9,1,-22.863524,-43.462405
5141O00208C9,1,-22.862039,-43.460317
5141O00132C0,1,-22.874104,-43.474539
5141O00134C0,1,-22.87402,-43.47847
5141O00135C0,1,-22.87401,-43.48107
5141O00153C0,1,-22.85289,-43.46801
5141O00106C9,1,-22.864062,-43.47272
5141O00107C0,1,-22.86439,-43.47494
3041O00054C0,1,-22.8598,-43.25817
3041O00064C0,1,-22.849087,-43.255234
3071O00018C9,1,-22.88107,-43.28825
1005O00367C2,1,-22.902005,-43.180841
5152O00301C0,1,-23.056808,-43.559969
5152O00318C1,1,-23.062002,-43.565561
5139O00037C9,1,-22.880539,-43.44123
5139O00046C0,1,-22.87283,-43.429909
5139O00072C0,1,-22.891456,-43.420726
5141O00178C0,1,-22.872915,-43.468969
3086O00046C0,1,-22.858538,-43.346517
5141O00123C9,1,-22.8623,-43.457272
5141O00124C9,1,-22.862417,-43.456192
5139O00076C9,1,-22.88762,-43.41552
5139O00077C9,1,-22.884685,-43.418185
5139O00079C9,1,-22.879589,-43.422802
5141O00077C0,1,-22.885277,-43.461404
5141O00081C0,1,-22.86467,-43.47523
5141O00082C9,1,-22.862423,-43.472484
1005O00364C0,1,-22.908115,-43.170819
3087O00018C1,1,-22.845065,-43.356582
3087OY0004C9,1,-22.840705,-43.356328
3088O00008C0,1,-22.86894,-43.34297
5139O00099C9,1,-22.889743,-43.423923
5139O00100C9,1,-22.890458,-43.424903
5139O00101C9,1,-22.889247,-43.426702
5139O00122C9,1,-22.874171,-43.429415
5139O00126C0,1,-22.86974,-43.44108
5139O00128C0,1,-22.869958,-43.437175
5141O00103C9,1,-22.864234,-43.467032
5141O00104C9,1,-22.863174,-43.469128
5141O00065C0,1,-22.87016,-43.46255
5141O00067C0,1,-22.869566,-43.453683
5141O00075C0,1,-22.88527,-43.456858
5141O00076C0,1,-22.88522,-43.45941
5arx,1,-22.925386,-43.315148
5fjg,1,-22.976614,-43.3255
5r7j,1,-23.006973,-43.313903
5w1w,1,-22.82922,-43.345394
698o,1,-22.898901,-43.210972
1005O00372C1,1,-22.901438,-43.18065
3086O00045C0,1,-22.85612,-43.34707
3085O00021C0,1,-22.86351,-43.341503
5139O00145C0,1,-22.872467,-43.422768
5139O00146C0,1,-22.87421,-43.42639
5139O00163C9,1,-22.868905,-43.44101
5139O00167C9,1,-22.893388,-43.44277
5139O00168C9,1,-22.868969,-43.439774
3085O00022C0,1,-22.860135,-43.345024
3086O00018C0,1,-22.858821,-43.351791
3086O00019C0,1,-22.857447,-43.352847
6vr5,1,-23.010571,-43.357402
7uva,1,-22.981146,-43.327182
7uy6,1,-22.904543,-43.29546
8c8x,1,-22.962952,-43.489603
1005O00257C0,1,-22.90873,-43.18033
5139O00102C9,1,-22.890433,-43.429707
5139O00103C0,1,-22.89353,-43.43348
dyxe,1,-22.899119,-43.211817
e1dh,1,-22.823682,-43.287313
3073O00034C0,1,-22.85279,-43.31258
3085O00010C0,1,-22.86572,-43.346676
3085O00011C0,1,-22.864098,-43.346917
3085O00012C0,1,-22.86165,-43.34868
3085O00013C0,1,-22.8597,-43.35032
3072O00001C0,1,-22.8514,-43.31064
3072O00002C0,1,-22.849098,-43.307044
3072O00003C0,1,-22.8463,-43.30293
3072O00012C0,1,-22.85078,-43.309331
3072O00022C2,1,-22.847581,-43.305205
3073O00001C0,1,-22.8533,-43.32033
3073O00004C0,1,-22.85259,-43.31663
3073O00005C0,1,-22.85269,-43.31821
3085O00020C0,1,-22.861372,-43.343898
eylv,1,-22.97361,-43.372698
f1i2,1,-22.973294,-43.494093
f9ue,1,-22.8119,-43.360642
aamz,1,-22.859772,-43.533935
c3qq,1,-23.001586,-43.366914
5141O00054C9,1,-22.88594,-43.465521
3043O00042C0,1,-22.83588,-43.27835
3043O00043C0,1,-22.83476,-43.27764
3043O00044C0,1,-22.83376,-43.277
3043O00045C0,1,-22.832604,-43.276254
3043O00046C0,1,-22.83146,-43.27554
3043O00047C0,1,-22.82999,-43.2755
cq5g,1,-23.010774,-43.370846
csie,1,-23.010471,-43.342274
cukh,1,-22.829298,-43.410013
dib6,1,-22.822393,-43.370461
3084O00004C9,1,-22.856443,-43.327111
3084O00005C9,1,-22.85573,-43.32415
3084O00015C9,1,-22.85643,-43.32869
3043O00060C0,1,-22.846165,-43.286965
3043O00061C0,1,-22.846571,-43.284697
5141O00028C9,1,-22.87667,-43.46361
3043O00041C0,1,-22.83796,-43.27968
5139O00190C9,1,-22.885924,-43.409436
5139O00191C9,1,-22.886563,-43.411454
5139O00192C9,1,-22.884623,-43.40678
5139O00193C9,1,-22.887574,-43.413233
5139O00194C9,1,-22.889406,-43.422396
3084O00023C0,1,-22.855947,-43.325781
3084O00024C0,1,-22.855542,-43.324434
3085O00008C0,1,-22.867409,-43.344594
3085O00009C0,1,-22.86681,-43.345744
5139O00196C9,1,-22.889129,-43.428259
5139O00197C0,1,-22.892028,-43.431519
5139O00198C9,1,-22.893673,-43.435615
5139O00199C9,1,-22.895116,-43.437342
3044O00025C0,1,-22.829697,-43.277831
3044O00032C0,1,-22.83359,-43.28078
3044O00035C0,1,-22.82841,-43.27599
3044O00071C0,1,-22.827968,-43.278588
5139O00209C9,1,-22.89665,-43.442713
5139O00211C9,1,-22.886338,-43.416688
5139O00212C9,1,-22.883184,-43.419534
5139O00213C9,1,-22.881996,-43.420607
3073O00017C9,1,-22.85415,-43.32247
3073O00018C0,1,-22.85806,-43.30835
3073O00032C0,1,-22.85324,-43.32092
3073O00036C1,1,-22.852229,-43.312537
3082O00049P0,1,-22.881848,-43.329789
ln65,1,-22.908343,-43.231313
mivb,1,-22.898721,-43.210596
nbes,1,-22.82851,-43.40726
fuqz,1,-22.980162,-43.326849
gvwr,1,-22.915902,-43.378862
hsr0,1,-22.854068,-43.383811
hvea,1,-22.915135,-43.601426
i5p2,1,-22.831067,-43.411096
i6vi,1,-23.010433,-43.353129
3082O00070C0,1,-22.878358,-43.315405
isx5,1,-22.974916,-43.326428
fbm0,1,-22.979533,-43.504046
fnc4,1,-23.010367,-43.34851
1005O00140C0,1,-22.899467,-43.187639
5139O00195C9,1,-22.89003,-43.425969
5139O00216C9,1,-22.88924,-43.414508
5139O00227C9,1,-22.891796,-43.444667
3043O00116C0,1,-22.84409,-43.284771
5140O00103C0,1,-22.86965,-43.442468
5140O00106C9,1,-22.862387,-43.45333
5140O00107C9,1,-22.863801,-43.450337
5140O00029C0,1,-22.88717,-43.454811
5140O00044C0,1,-22.86935,-43.44773
5140O00046C0,1,-22.87818,-43.44778
5140O00055C0,1,-22.874952,-43.453149
5140O00063C0,1,-22.86246,-43.452399
5140O00064C9,1,-22.86493,-43.448643
kski,1,-22.853836,-43.384374
l27x,1,-23.010718,-43.36118
3082O00029C0,1,-22.875021,-43.314895
3082O00036C0,1,-22.876938,-43.316813
3080O00006C0,1,-22.87382,-43.314208
3080O00013C0,1,-22.8705,-43.30983
3080O00015C0,1,-22.876189,-43.316311
3080O00018C0,1,-22.872672,-43.312683
1005O00125C0,1,-22.91183,-43.17866
nphp,1,-22.827056,-43.409892
nt65,1,-22.931792,-43.3318
ntef,1,-23.001576,-43.366391
3076O00054C0,1,-22.84594,-43.32879
3076O00075C0,1,-22.847531,-43.323792
3080O00019C0,1,-22.876058,-43.318
3081O00001C0,1,-22.876495,-43.322923
3081O00009C0,1,-22.875528,-43.323872
o25h,1,-22.853915,-43.38417
jknx,1,-22.915775,-43.671582
kj3s,1,-22.97359,-43.374686
5140O00069C9,1,-22.890793,-43.445823
5140O00076C9,1,-22.884491,-43.442567
5140O00077C9,1,-22.885789,-43.443776
5140O00078C9,1,-22.88678,-43.444707
5140O00090C0,1,-22.8882,-43.454335
5140O00097C9,1,-22.882419,-43.440604
5140O00098C9,1,-22.88377,-43.441874
5140O00099C0,1,-22.874899,-43.451262
3044O00007C0,1,-22.83216,-43.27944
3044O00018C0,1,-22.844033,-43.300797
3044O00019C0,1,-22.84164,-43.2988
3044O00020C9,1,-22.840246,-43.296844
5139O00247C9,1,-22.878745,-43.442741
3079O00021C0,1,-22.880098,-43.313756
3080O00002C0,1,-22.87238,-43.31339
3080O00004C0,1,-22.870321,-43.311567
1003O00067C2,1,-22.894509,-43.197401
1003O00020C0,1,-22.896005,-43.203354
wkbz,1,-22.889991,-43.306912
wpvn,1,-22.907724,-43.22974
1003O00029C0,1,-22.901252,-43.20969
5139O00262C9,1,-22.869206,-43.436003
v5je,1,-22.827812,-43.392167
1005O00005P0,1,-22.904898,-43.192358
xkag,1,-22.82467,-43.281
1002O00012C2,1,-22.894498,-43.190443
1002O00007C0,1,-22.8984,-43.18773
1001O00006C0,1,-22.89731,-43.18737
0t3k,1,-22.827984,-43.353214
1005O00135C0,1,-22.9099,-43.17701
ot2x,1,-22.824519,-43.349418
5139O00256C0,1,-22.873361,-43.424614
3043O00067C0,1,-22.84563,-43.28245
3044O00006C0,1,-22.8307,-43.27818
t0a6,1,-22.908436,-43.184893
t9oc,1,-22.833221,-43.395625
tkez,1,-22.825541,-43.279427
ugjw,1,-22.898356,-43.282081
uz1p,1,-22.954423,-43.178733
3077O00016C0,1,-22.843331,-43.331657
3076O00084C0,1,-22.85147,-43.31834
3076O00092C9,1,-22.831701,-43.329168
zk98,1,-22.985281,-43.329657
zmv1,1,-22.966283,-43.187512
3076O00127C0,1,-22.849297,-43.321836
3076O00128C0,1,-22.84779,-43.324348
y535,1,-22.965818,-43.489977
xyr6,1,-22.965242,-43.647711
