stop_id,quantidade_ocorrencias,stop_lat,stop_lon
4128O00172C0,26,-23.0065,-43.309209
4128O00109C0,26,-23.00633,-43.312271
5141O00029C9,23,-22.877109,-43.473056
5141O00010C9,21,-22.87553,-43.46543
ejlo,20,-22.89211,-43.214487
6oes,19,-22.887372,-43.223594
3039O00005C0,19,-22.884006,-43.235933
3039O00006C0,19,-22.880673,-43.238808
3039O00021C0,19,-22.88557,-43.23452
3157O00003C0,19,-22.877531,-43.240994
1004O00005C0,19,-22.88464,-43.2265
1004O00006C0,19,-22.88546,-43.22908
1004O00003C0,19,-22.8886,-43.22001
5142O00075C9,18,-22.88261,-43.487531
5139O00010C9,18,-22.876478,-43.426874
5141O00260C9,18,-22.880286,-43.470283
5141O00030C9,18,-22.878237,-43.474677
5140O00006C9,18,-22.876345,-43.454027
5141O00009C9,18,-22.875437,-43.461752
5141O00008C9,18,-22.875651,-43.457262
5142O00008C9,17,-22.882037,-43.482647
5139O00015C9,17,-22.875409,-43.442151
5139O00014C9,17,-22.875577,-43.439995
5139O00013C9,17,-22.87573,-43.43715
djub,17,-22.996211,-43.260525
4128O00083C0,17,-23.002636,-43.324602
4128O00086C0,17,-23.000258,-43.333797
4128O00087C0,17,-22.99995,-43.33863
5139O00016C9,17,-22.875263,-43.444354
5141O00033C9,17,-22.880703,-43.480071
5140O00005C9,17,-22.876188,-43.451069
5140O00004C9,17,-22.876396,-43.449287
1161O00021S0,17,-22.91241,-43.18541
5139O00012C9,17,-22.87607,-43.4317
4128O00084C0,17,-23.00146,-43.32749
4128O00085C0,17,-23.00054,-43.33026
5139O00011C9,17,-22.87629,-43.42894
5139O00009C9,17,-22.87672,-43.423429
4128O00091C0,17,-22.99971,-43.35033
2031O00014C0,17,-22.99749,-43.26473
4116O00027C0,17,-22.964,-43.33557
5141O00264C9,17,-22.879971,-43.478288
a3cr,17,-22.999633,-43.353628
4128O00090C0,17,-22.999791,-43.346258
4128O00089C0,17,-22.999832,-43.343872
5141O00031C9,17,-22.879357,-43.476893
5140O00003C9,17,-22.87609,-43.44828
4116O00025C0,16,-22.9587,-43.33589
4116O00026C0,16,-22.96135,-43.33509
4116O00036C0,16,-22.957038,-43.336635
4128O00057C0,16,-22.999349,-43.35729
2031O00013C0,16,-22.99468,-43.25777
1161O00020S0,16,-22.912949,-43.182542
1003O00028C0,16,-22.907146,-43.209478
5141O00256C9,16,-22.880073,-43.466605
4128O00112C0,16,-23.0124,-43.31865
4128O00082C0,16,-23.004624,-43.319744
56qn,16,-22.903383,-43.209714
2031O00018C0,15,-22.992183,-43.253819
1005O00248C0,14,-22.91073,-43.188238
3157O00020C9,14,-22.87532,-43.242603
1161O00028C0,14,-22.91401,-43.1771
5141O00035C9,13,-22.880996,-43.480382
5141O00037C9,13,-22.880428,-43.475564
5141O00038C9,13,-22.88041,-43.473897
5134O00023C0,13,-22.85069,-43.38404
5141O00001C9,13,-22.859704,-43.457426
4127O00074C0,13,-23.00378,-43.30469
5142O00020C9,13,-22.882314,-43.482695
5o6j,13,-22.906503,-43.17581
5141O00036C9,13,-22.880517,-43.477424
3157O00007C0,12,-22.85692,-43.24747
5142O00019C9,12,-22.883578,-43.491546
3157O00009C0,12,-22.851669,-43.247233
4120O00092C0,12,-22.93943,-43.34277
3157O00006C0,12,-22.86092,-43.2475
4115O00030C0,12,-22.968666,-43.335984
4115O00205C0,12,-22.974029,-43.335804
3157O00008C0,12,-22.853761,-43.247339
4127O00111C0,12,-22.988471,-43.324419
4127O00110C0,12,-22.989247,-43.322303
2031O00026C0,12,-22.998975,-43.270729
5145O00002C9,12,-22.88887,-43.52249
5145O00004C9,12,-22.8926,-43.53011
gz5j,12,-22.969972,-43.33569
5144O00461C0,12,-22.905703,-43.558953
1005O00004S0,12,-22.905275,-43.192459
1008O00001S0,12,-22.90769,-43.20011
1008O00002S0,12,-22.909508,-43.205978
5134O00004C9,12,-22.853636,-43.384975
4127O00046C0,12,-22.98731,-43.32881
4127O00072C0,12,-22.996174,-43.304783
4120O00091C0,12,-22.93875,-43.34048
4120O00090C0,12,-22.93785,-43.33885
4128O00223C0,12,-23.007562,-43.303971
4127O00073C0,12,-23.00012,-43.30495
oohv,12,-22.972331,-43.336689
5144O00020C0,11,-22.90429,-43.55658
2032O00028C0,11,-22.908498,-43.209965
1005O00219C0,11,-22.912419,-43.174325
8oqn,11,-22.991023,-43.321248
4127O00071C0,11,-22.99326,-43.30326
5142O00074C9,11,-22.882712,-43.486827
1005O00242P0,11,-22.908986,-43.170703
3157O00005C2,11,-22.864536,-43.247635
4120O00046C0,11,-22.94076,-43.34431
5134O00022C9,11,-22.853366,-43.384669
5141O00254C9,11,-22.8568,-43.47218
5135O00022C9,11,-22.88447,-43.40385
5134O00005C9,11,-22.854904,-43.383597
1008O00022S0,11,-22.91013,-43.205583
5144O00414C0,11,-22.91077,-43.5646
5144O00456C9,11,-22.907814,-43.563654
5144O00440C0,11,-22.907505,-43.561657
5142O00016C9,10,-22.87971,-43.50393
5142O00017C9,10,-22.881481,-43.50018
5142O00018C9,10,-22.882359,-43.496211
au3n,10,-22.96399,-43.335019
4127O00102C0,10,-22.986617,-43.305348
4127O00103C0,10,-22.986776,-43.305254
4127O00104C0,10,-22.987414,-43.309054
4127O00105C0,10,-22.997395,-43.319441
4127O00106C0,10,-22.99724,-43.319511
4127O00107C0,10,-22.994783,-43.320618
4127O00108C0,10,-22.995115,-43.320229
4127O00109C0,10,-22.992358,-43.32111
5140O00079C9,10,-22.861314,-43.44854
1010BB0125U1,10,-22.885872,-43.225539
4127O00075C0,10,-23.00432,-43.30419
4127O00076C0,10,-23.000375,-43.304596
4127O00077C0,10,-22.98828,-43.30189
4127O00078C0,10,-22.99048,-43.302
4127O00082C0,10,-22.99028,-43.31144
4127O00083C0,10,-22.9897,-43.31144
4127O00084C0,10,-22.996261,-43.313388
4127O00085C0,10,-22.99633,-43.31273
4127O00086C0,10,-22.997084,-43.314768
4127O00087C0,10,-22.997121,-43.314935
4127O00090C0,10,-22.993579,-43.32125
4127O00091C0,10,-22.99343,-43.32135
5144O00468C9,10,-22.923541,-43.566355
4127O00092C0,10,-22.992085,-43.32126
4127O00098C9,10,-22.987753,-43.310016
4127O00099C9,10,-22.98772,-43.30937
5142O00010C9,10,-22.879961,-43.506795
5144O00156C0,10,-22.93344,-43.57498
1008O00030S0,10,-22.909665,-43.206426
4127O00005C0,10,-22.987749,-43.32867
4127O00019C0,10,-22.986984,-43.306769
4127O00020C0,10,-22.986778,-43.303909
4127O00033C0,10,-22.995489,-43.30392
4127O00034C0,10,-22.99325,-43.30288
4127O00036C9,10,-22.98869,-43.30136
4127O00037C0,10,-22.986706,-43.303346
4127O00038C0,10,-22.986843,-43.306825
4127O00058C0,10,-22.9755,-43.33111
4127O00059C0,10,-22.977391,-43.333742
4127O00061C0,10,-22.99186,-43.30226
5144O00015C9,10,-22.92179,-43.56375
5144O00016C0,10,-22.91879,-43.56325
5143O00032C9,10,-22.885661,-43.519829
1005O00189C0,10,-22.90843,-43.17465
1005O00190C0,10,-22.909323,-43.174306
3043O00005C0,10,-22.834471,-43.262022
3hb8,10,-22.853947,-43.384101
5139O00205C9,10,-22.862677,-43.441036
5145O00007C9,10,-22.8955,-43.53775
5145O00009C9,10,-22.8988,-43.54149
5145O00013C9,10,-22.89368,-43.53337
fze2,10,-22.940808,-43.339241
gdn7,10,-22.939158,-43.33681
5144O00008C9,10,-22.928685,-43.57339
5144O00009C9,10,-22.92686,-43.57192
5144O00010C9,10,-22.92512,-43.5702
7gvr,10,-22.990206,-43.321739
4128O00188C0,10,-23.005994,-43.315406
4120O00093C0,10,-22.93859,-43.3455
4120O00095C0,10,-22.9384,-43.34787
4120O00097C0,10,-22.938213,-43.3489
5139O00105C9,10,-22.877174,-43.420981
5134O00003C0,10,-22.85086,-43.38424
3039BB0028U1,10,-22.87444,-43.243604
5162O00001C9,10,-22.85523,-43.48228
5162O00003C9,10,-22.8553,-43.49289
5143O00007C9,10,-22.884829,-43.518671
5143O00008C9,10,-22.88234,-43.51392
3039O00008C0,10,-22.87796,-43.24145
3039O00009C0,10,-22.88592,-43.23489
3039O00038C0,10,-22.884608,-43.236203
3040BB0065U1,10,-22.859889,-43.247772
4120O00125C0,10,-22.945997,-43.339745
4120O00013C0,10,-22.94189,-43.34128
4118O00005C0,10,-22.952072,-43.358033
5138O00011C9,10,-22.87854,-43.415371
5138O00012C9,10,-22.87783,-43.41814
4118O00006C0,10,-22.95007,-43.35915
4118O00007C0,10,-22.947472,-43.36001
4118O00015C0,10,-22.946831,-43.36088
4116O00058C0,10,-22.950089,-43.338873
4115O00247C0,10,-22.975916,-43.334974
4115O00248C0,10,-22.977584,-43.334112
4116O00006C0,10,-22.954607,-43.337376
4116O00007C0,10,-22.95272,-43.338123
4116O00015C0,10,-22.958448,-43.335727
4116O00016C0,10,-22.956354,-43.336671
5141O00041C9,10,-22.87973,-43.46439
5145O00014C9,10,-22.89264,-43.52933
5145O00016C9,10,-22.89026,-43.52452
5145O00017C9,10,-22.88845,-43.52147
5144O00007C9,10,-22.930964,-43.574075
3063O00007C2,10,-22.82991,-43.27026
4127O00112C0,10,-22.989398,-43.32232
4127O00113C0,10,-22.974082,-43.329534
5143O00009C9,10,-22.881139,-43.51043
5144O00064C9,10,-22.90184,-43.54693
5144O00094C0,10,-22.91523,-43.56322
t6h9,10,-22.961471,-43.334745
5144O00413C0,10,-22.912782,-43.564164
5144O00412C0,9,-22.936804,-43.575821
1005O00030S0,9,-22.900515,-43.177892
0vnu,9,-22.956797,-43.345217
5139O00055C9,9,-22.87894,-43.42575
5138O00009C9,9,-22.882158,-43.410198
4116O00045C0,9,-22.955287,-43.338158
4116O00060C0,9,-22.957014,-43.341038
4116O00061C0,9,-22.95552,-43.339921
3040O00042C0,9,-22.855944,-43.248033
3040BB0066U2,9,-22.861525,-43.247868
5163O00002C9,9,-22.88239,-43.49566
5135O00007C9,9,-22.865645,-43.402078
5135O00023C9,9,-22.88408,-43.40603
5135O00040C9,9,-22.868933,-43.408813
5135O00041C9,9,-22.882854,-43.408842
5135O00010C9,9,-22.86977,-43.410512
5139O00003C9,9,-22.86502,-43.42724
5135O00009C9,9,-22.867836,-43.406558
5135O00008C9,9,-22.866781,-43.404414
5138O00010C9,9,-22.88099,-43.41263
4116O00064C0,9,-22.956284,-43.347451
4117O00010C0,9,-22.955985,-43.348555
4117O00011C0,9,-22.958178,-43.351168
5142O00013C9,9,-22.879291,-43.504893
4127O00114C0,9,-22.973949,-43.329184
9ffm,9,-22.975556,-43.331032
2031O00023C0,9,-22.992413,-43.252342
1158O00001C0,9,-22.885926,-43.228785
3156O00002C1,9,-22.86812,-43.26885
3157O00010C0,9,-22.846774,-43.247407
5142O00011C9,9,-22.88142,-43.49915
2029O00031C0,9,-22.97852,-43.22751
1008O00005S0,9,-22.908619,-43.201048
5142O00012C9,9,-22.880177,-43.501231
4128O00114C0,9,-23.011221,-43.326344
3043O00008C0,9,-22.83359,-43.2637
4115O00111C0,9,-22.9729,-43.33567
3043O00004C0,9,-22.83677,-43.25775
4128O00115C0,9,-23.010668,-43.331067
5145O00003C9,9,-22.89029,-43.52531
5148O00005C9,9,-22.880741,-43.633092
5148O00006C9,9,-22.882242,-43.638698
4128O00110C0,9,-23.00705,-43.31649
5134O00006C9,9,-22.856893,-43.386822
4132BO0013U2,9,-23.00812,-43.44229
4116O00043C0,9,-22.957877,-43.342036
2z7m,9,-22.957326,-43.343719
4120O00098C0,9,-22.936831,-43.351093
5145O00038C9,9,-22.89365,-43.53371
2020O00072S0,9,-22.946944,-43.182126
2020O00073S0,9,-22.943226,-43.180742
5149BO0003U1,9,-22.92753,-43.67767
3041O00013C0,9,-22.853,-43.24792
3039BB0027U2,9,-22.875807,-43.242619
5143O00003C9,9,-22.880262,-43.507954
5143O00005C9,9,-22.88212,-43.51413
5143O00004C9,9,-22.88114,-43.511933
5143O00006C9,9,-22.886071,-43.520486
5163O00001C9,9,-22.883206,-43.491003
4128O00044C0,9,-23.011352,-43.327516
3044O00070C0,9,-22.836027,-43.28362
5140O00080C9,9,-22.860843,-43.451217
1010BB0124U2,9,-22.887026,-43.224386
vcfu,9,-22.977441,-43.333571
4128O00045C0,9,-23.01188,-43.323682
4128O00042C0,9,-23.010792,-43.33433
4128O00043C0,9,-23.011052,-43.330518
5135O00001C9,8,-22.85307,-43.393978
2025O00016C0,8,-22.986268,-43.207602
3040O00014C1,8,-22.86471,-43.24819
3040O00013C1,8,-22.86074,-43.24814
5137O00011C9,8,-22.886543,-43.392907
5151O00057C0,8,-22.977189,-43.589694
5151O00059C0,8,-22.971852,-43.588827
5151O00060C0,8,-22.96966,-43.58854
3082O00042P0,8,-22.881793,-43.329684
5144O00031C9,8,-22.86603,-43.58429
t0w9,8,-22.955297,-43.353935
5149O00265C9,8,-22.896593,-43.677516
1005O00376S2,8,-22.903617,-43.185315
5151O00130C9,8,-22.967904,-43.588811
5149O00225C9,8,-22.887251,-43.655915
5149O00228C9,8,-22.915671,-43.685866
5151O00067C0,8,-22.961277,-43.582485
5151O00068C0,8,-22.957537,-43.580087
5151O00064C0,8,-22.965338,-43.589289
5151O00066C9,8,-22.963766,-43.587767
5144O00033C0,8,-22.87449,-43.61051
5145O00019C9,8,-22.89911,-43.54141
5139O00044C9,8,-22.87864,-43.42896
4116O00029C0,8,-22.952629,-43.338386
5151O00053C9,8,-22.98929,-43.59176
5151O00055C9,8,-22.985775,-43.59091
5151O00058C0,8,-22.974231,-43.589257
tsbj,8,-22.891756,-43.222178
4118O00004C0,8,-22.95342,-43.35633
5135O00005C9,8,-22.862793,-43.396208
5135O00006C9,8,-22.864455,-43.399626
5137O00012C9,8,-22.885748,-43.397508
5135O00004C9,8,-22.862048,-43.394673
3040O00007C0,8,-22.87178,-43.24924
5139O00008C9,8,-22.86207,-43.44451
5138O00025C9,8,-22.87025,-43.41333
4128O00207C0,8,-22.999952,-43.392958
5143O00001C0,8,-22.86114,-43.53394
5144O00178C9,8,-22.90145,-43.544346
4121O00042C0,8,-22.92791,-43.35545
5145O00021C9,8,-22.89693,-43.53895
5145O00020C9,8,-22.89817,-43.54034
5145O00022C9,8,-22.89509,-43.53686
4115O00235C0,8,-22.970055,-43.359563
5149O00001C9,8,-22.88823,-43.65889
5149O00002C0,8,-22.891517,-43.66939
3041O00014C0,8,-22.85489,-43.24796
4116O00030C0,8,-22.954469,-43.337676
5143O00002C9,8,-22.86053,-43.52155
4115O00236C0,8,-22.962285,-43.357
1010O00047C0,8,-22.8904,-43.21891
5144O00177C9,8,-22.90211,-43.5465
5162O00005C0,8,-22.85552,-43.48228
5144O00176C9,8,-22.90248,-43.5488
5162O00021C0,8,-22.85609,-43.4926
5162O00022C0,8,-22.855105,-43.487509
5149O00005C9,8,-22.903657,-43.682635
5149O00006C9,8,-22.906104,-43.684416
4115O00237C0,8,-22.957879,-43.356618
5148O00002C9,8,-22.87756,-43.617088
5148O00007C9,8,-22.88342,-43.64302
2025O00018C0,8,-22.985964,-43.213282
5148O00004C9,8,-22.879757,-43.62749
5148O00003C9,8,-22.879034,-43.62305
2025O00060C0,8,-22.986671,-43.199305
4128O00174C0,8,-23.008067,-43.303417
4121O00041C0,8,-22.93089,-43.35338
4121O00040C0,8,-22.93376,-43.35248
4123O00033P1,8,-22.915626,-43.361259
4122O00181C0,8,-22.933364,-43.372466
4123O00038C0,8,-22.919982,-43.360245
4123O00039C0,8,-22.917656,-43.361086
4121O00043C0,8,-22.92592,-43.35676
4121O00044C0,8,-22.924848,-43.358395
2026O00016C0,8,-22.98629,-43.21709
2033O00194C0,8,-22.92034,-43.22725
5141O00315C9,8,-22.857112,-43.496716
4128O00138C0,8,-23.007165,-43.310983
4128O00100C0,8,-23.00006,-43.38769
2026O00098C0,8,-22.98693,-43.22221
1005O00193S9,8,-22.90242,-43.17877
4123O00037C0,8,-22.922448,-43.360733
2033O00229C0,8,-22.919985,-43.233785
3112O00016C2,8,-22.836516,-43.362887
3157O00011C0,8,-22.84303,-43.25054
3157O00012C0,8,-22.83988,-43.25343
3110O00007C9,8,-22.833929,-43.35793
5149O00003C9,8,-22.899121,-43.679323
5149O00009C9,8,-22.913472,-43.687069
5149O00010C9,8,-22.917924,-43.684977
5149O00011C9,8,-22.919797,-43.683075
5149O00012C0,8,-22.920728,-43.68112
5149O00013C9,8,-22.921655,-43.680134
5149O00014C9,8,-22.925139,-43.679226
5149O00015C9,8,-22.927648,-43.677665
5149O00016C9,8,-22.928555,-43.676465
5140O00008C0,8,-22.861664,-43.448712
1012O00009C1,8,-22.88533,-43.25221
1158O00012C0,8,-22.88901,-43.22447
1158O00010C0,8,-22.88639,-43.22657
1010O00130C1,8,-22.900021,-43.211165
5149O00008C9,8,-22.911672,-43.687426
5149O00007C9,8,-22.908936,-43.686488
4128O00062C0,8,-22.98431,-43.3652
5141O00025C0,8,-22.859405,-43.46113
5141O00026C9,8,-22.860023,-43.457794
5149O00151C9,8,-22.93349,-43.66172
5149O00152C0,8,-22.93158,-43.65668
5149O00178C9,8,-22.89279,-43.67436
4128O00059C0,8,-22.993732,-43.36544
4128O00060C0,8,-22.99168,-43.3654
4128O00061C0,8,-22.987624,-43.365336
3106O00046C2,8,-22.840251,-43.368941
5140O00073C0,8,-22.861062,-43.451848
5141O00021C9,8,-22.860723,-43.513684
1010O00021C0,8,-22.89479,-43.21542
5141O00024C9,8,-22.857615,-43.472534
5149O00017C9,8,-22.931297,-43.673187
5144O00032C0,8,-22.86941,-43.59844
wcdt,8,-23.001475,-43.3652
4128O00030C0,7,-23.004069,-43.323149
5144O00029C9,7,-22.86429,-43.56703
5144O00028C0,7,-22.86343,-43.56353
4128O00029C0,7,-23.00221,-43.327861
4128O00028C0,7,-23.00156,-43.3295
4128O00027C0,7,-23.00115,-43.331866
5141O00005C9,7,-22.85867,-43.502831
5141O00004C9,7,-22.85681,-43.49683
rtq7,7,-22.942151,-43.34142
5144O00030C9,7,-22.86524,-43.5742
5149O00157C9,7,-22.93591,-43.65494
5149O00156C9,7,-22.93422,-43.65441
5149O00155C9,7,-22.93236,-43.65519
5149O00150C0,7,-22.935321,-43.665824
5149O00092C9,7,-22.936792,-43.666816
2033O00128C0,7,-22.922814,-43.232537
5144O00027C9,7,-22.861888,-43.553994
5144O00026C9,7,-22.861709,-43.550874
5144O00025C9,7,-22.86144,-43.54565
5149O00236C0,7,-22.934396,-43.668971
5149O00077C9,7,-22.912604,-43.686631
5149O00030C9,7,-22.91419,-43.68007
5149O00026C9,7,-22.922132,-43.679555
5144O00422C9,7,-22.8602,-43.5215
4128O00106C0,7,-23.002707,-43.424719
4128O00103C0,7,-22.999665,-43.402786
4128O00097C0,7,-23.000049,-43.384509
3106O00013C9,7,-22.84486,-43.37643
3106O00011C9,7,-22.84171,-43.37129
3045BB0068U1,7,-22.819048,-43.284631
3047BB0043U2,7,-22.818754,-43.309173
3106O00009C1,7,-22.84578,-43.37888
3106O00006C0,7,-22.84272,-43.37389
3106O00001C0,7,-22.83941,-43.36856
3106O00048C1,7,-22.841234,-43.371505
3106O00045C2,7,-22.8431,-43.37356
3106O00044C9,7,-22.845803,-43.377968
5149O00018C9,7,-22.93257,-43.67142
5144O00481C9,7,-22.86131,-43.5478
5140O00010C9,7,-22.87723,-43.446017
5140O00015C9,7,-22.878122,-43.44814
5140O00014C9,7,-22.879552,-43.451761
5140O00013C9,7,-22.879595,-43.454232
3110O00010C0,7,-22.831865,-43.352376
3110O00009C9,7,-22.83264,-43.3546
3110O00006C1,7,-22.831184,-43.352072
3110O00003C1,7,-22.832236,-43.354663
3112O00002C1,7,-22.8366,-43.363926
4128O00113C0,7,-23.012021,-43.321532
2033O00198C0,7,-22.92259,-43.23193
2033O00197C0,7,-22.92174,-43.2297
pub7,7,-22.948749,-43.339214
1008O00026S0,7,-22.9075,-43.19952
1008O00019S0,7,-22.907776,-43.198426
3110O00052C0,7,-22.833444,-43.357947
3114O00065C0,7,-22.815065,-43.381489
5139O00235C9,7,-22.86227,-43.44518
5139O00234C0,7,-22.863269,-43.439895
5139O00233C0,7,-22.866032,-43.425502
5139O00232C9,7,-22.864645,-43.43201
5139O00231C0,7,-22.864042,-43.435499
2015O00026C0,7,-22.925018,-43.17256
2015O00025C0,7,-22.926844,-43.173127
2015O00024C0,7,-22.928967,-43.173779
2015O00023C0,7,-22.93267,-43.17431
2024O00133C0,7,-22.970706,-43.183562
4128O00206C0,7,-22.999932,-43.380227
4128O00196C0,7,-22.999849,-43.396365
4128O00184C0,7,-23.00346,-43.324697
4128O00183C0,7,-23.000909,-43.335715
4122O00172C0,7,-22.934876,-43.372277
5141O00255C9,7,-22.860431,-43.513455
5141O00213C9,7,-22.85738,-43.46871
5144O00175C9,7,-22.90176,-43.55044
2015O00022C0,7,-22.93544,-43.173992
5144O00519C0,7,-22.90154,-43.55726
3114O00064C0,7,-22.81628,-43.38374
3114O00063C0,7,-22.816595,-43.385342
3114O00056C0,7,-22.81281,-43.37402
3114O00020C0,7,-22.81377,-43.37726
3114O00019C0,7,-22.81418,-43.37907
3156O00005C1,7,-22.868293,-43.274655
3156O00004C0,7,-22.86705,-43.27169
3156O00003C1,7,-22.86702,-43.27014
1005O00194S9,7,-22.90467,-43.17793
5144O00024C9,7,-22.8608,-43.53325
5144O00022C9,7,-22.86029,-43.51662
5145O00008C9,7,-22.89709,-43.53955
5139O00204C9,7,-22.86538,-43.425586
5139O00202C9,7,-22.878154,-43.43932
ld0u,7,-22.988649,-43.324395
ijp3,7,-22.876109,-43.420844
2016O00022C0,7,-22.922629,-43.172233
3043BB0124U1,7,-22.828791,-43.272164
5135O00013C0,7,-22.853299,-43.393713
2024O00034S0,7,-22.983611,-43.193179
2024O00013S0,7,-22.983389,-43.192411
5162O00007C9,7,-22.85476,-43.49044
1005O00152S0,7,-22.90519,-43.17367
1005O00249S0,7,-22.90266,-43.17553
5162O00002C9,7,-22.854785,-43.487522
3042O00012C2,7,-22.84617,-43.26052
2020O00059S0,7,-22.951101,-43.183259
2015O00057C0,7,-22.939496,-43.170924
2015O00056C0,7,-22.94127,-43.17236
2015O00055C0,7,-22.94243,-43.17398
2020O00012C0,7,-22.952751,-43.175966
5139O00038C9,7,-22.87803,-43.44195
5141O00044C9,7,-22.879609,-43.456474
5141O00043C9,7,-22.879638,-43.45827
5141O00042C9,7,-22.879705,-43.4631
5141O00100C9,7,-22.858161,-43.464426
3040O00015C0,7,-22.87026,-43.24704
4120O00028C0,7,-22.945702,-43.339929
4120O00027C0,7,-22.94349,-43.34073
4120O00024C9,7,-22.940938,-43.342736
5135O00002C0,7,-22.8621,-43.41192
2025O00008S0,7,-22.984079,-43.194256
5134O00038C9,7,-22.84688,-43.37968
5138O00004C9,7,-22.87465,-43.41906
5138O00003C9,7,-22.87246,-43.41634
5138O00002C9,7,-22.87139,-43.41494
5139O00006C9,7,-22.8634,-43.43716
5139O00004C9,7,-22.864184,-43.432799
5139O00002C9,7,-22.865192,-43.422267
5139O00041C9,7,-22.878192,-43.437613
5135O00012C9,7,-22.861795,-43.41057
5135O00003C9,7,-22.859768,-43.390006
5135O00047P2,7,-22.88456,-43.39954
2020O00148C0,7,-22.942824,-43.176753
5139O00043C9,7,-22.878132,-43.433947
5139O00042C9,7,-22.87805,-43.435965
3041O00019C2,7,-22.84875,-43.25813
3041O00018C2,7,-22.85112,-43.2558
3041O00017C2,7,-22.852332,-43.254572
4117O00006C0,7,-22.95425,-43.35474
3041BB0074U1,7,-22.852296,-43.247589
3041BB0072U1,7,-22.842377,-43.251503
5144O00066C9,7,-22.900908,-43.549671
5144O00065C9,7,-22.90223,-43.54923
5144O00063C9,7,-22.901175,-43.544463
3054O00049C1,7,-22.871881,-43.276874
3054O00015C0,7,-22.87191,-43.28125
5151O00056C0,7,-22.981075,-43.587474
5149O00223C9,7,-22.91665,-43.6798
5149O00222C9,7,-22.919,-43.68013
5149O00221C9,7,-22.92036,-43.67992
5149O00193C9,7,-22.91523,-43.68527
5149O00189C9,7,-22.937033,-43.667476
3083O00017C0,7,-22.87777,-43.336183
3083O00035C0,7,-22.87924,-43.34165
3083O00034C0,7,-22.87656,-43.33964
3054O00014C1,7,-22.87309,-43.278
3054O00013C1,7,-22.870172,-43.276304
1005O00025S0,7,-22.9059,-43.19296
1005O00018S0,7,-22.90853,-43.17225
1005O00012S0,7,-22.905624,-43.193575
3053O00017C0,6,-22.87379,-43.26656
xl0u,6,-23.004717,-43.430698
3083O00028C0,6,-22.870805,-43.341606
5151BO0003X1,6,-22.99407,-43.59653
3071O00036C1,6,-22.882097,-43.292739
5151O00052C0,6,-22.99206,-43.592879
3066O00058C1,6,-22.88708,-43.28657
3066O00059C1,6,-22.886637,-43.287836
3065O00046C1,6,-22.887427,-43.284126
3065O00045C1,6,-22.886308,-43.279923
3063O00023C0,6,-22.89814,-43.27722
3063O00064C0,6,-22.895801,-43.2745
zk98,6,-22.985281,-43.329657
3041BB0071U2,6,-22.843581,-43.250395
3041BB0075U2,6,-22.853878,-43.247651
3041BC0002U1,6,-22.8548,-43.25366
3041BC0002U2,6,-22.85471,-43.25364
4118O00014C0,6,-22.952581,-43.353193
3041O00016C2,6,-22.8531,-43.25309
3042BC0001U1,6,-22.84856,-43.26549
3042BC0001U2,6,-22.8485,-43.26544
3040O00020C2,6,-22.861646,-43.253842
3040O00021C2,6,-22.86021,-43.2537
3040O00022C2,6,-22.85765,-43.25244
5135O00020C9,6,-22.860096,-43.390301
5138O00007C9,6,-22.87038,-43.41161
5135O00015C9,6,-22.868045,-43.406631
5135O00016C9,6,-22.866031,-43.402503
5134O00024C9,6,-22.856516,-43.38627
2024O00050C0,6,-22.963549,-43.17452
2024O00078C0,6,-22.986266,-43.192671
3040O00016C0,6,-22.86929,-43.25432
3040O00017C0,6,-22.86552,-43.25368
3040O00018C0,6,-22.86318,-43.25283
3040O00019C0,6,-22.86276,-43.25348
5144O00192C9,6,-22.901171,-43.56699
5144O00193C9,6,-22.90288,-43.56672
5141O00128C0,6,-22.87342,-43.46536
5141O00129C0,6,-22.87346,-43.46694
5141O00014C9,6,-22.88039,-43.464867
5141O00015C9,6,-22.883057,-43.464827
3042O00017C9,6,-22.8407,-43.26735
3042O00045C0,6,-22.85509,-43.26561
3041O00015C2,6,-22.85639,-43.25223
5149BO0006U1,6,-22.94054,-43.66518
4115O00229C0,6,-22.975956,-43.335122
3043O00011C9,6,-22.84201,-43.26934
4115O00072C0,6,-22.96638,-43.33477
4115O00124C0,6,-22.974384,-43.33588
4115BL0001X1,6,-22.97044,-43.40032
4115BL0001X2,6,-22.97036,-43.4004
4115BL0003U1,6,-22.9632,-43.39368
4115BL0003U2,6,-22.96315,-43.39376
3043O00015C0,6,-22.83622,-43.27909
3043O00016C0,6,-22.83466,-43.28109
3043BB0123U2,6,-22.829812,-43.270855
5144O00191C9,6,-22.896358,-43.563343
1005O00158S0,6,-22.903662,-43.187524
1005O00180C0,6,-22.90664,-43.18006
3040O00001C2,6,-22.87029,-43.25836
3040O00002C2,6,-22.868383,-43.258079
4120O00109C0,6,-22.939331,-43.344359
2024O00126C0,6,-22.983903,-43.189781
2024O00128C0,6,-22.96563,-43.17505
5135O00014C9,6,-22.868995,-43.408586
id2u,6,-22.972026,-43.336921
ikpj,6,-22.969383,-43.336371
isx5,6,-22.974916,-43.326428
3043BC0003U2,6,-22.84138,-43.27679
1005O00181C0,6,-22.90649,-43.17764
5144BM0001U1,6,-22.90172,-43.5548
5142O00070C0,6,-22.87891,-43.49121
3043O00012C0,6,-22.8406,-43.27102
3043O00013C0,6,-22.8389,-43.27394
3043O00014C0,6,-22.837671,-43.276318
5144O00487P9,6,-22.90214,-43.55516
1n2o,6,-22.923771,-43.36155
4121O00055C0,6,-22.935049,-43.352681
4121O00062C0,6,-22.927945,-43.358438
4121O00063C0,6,-22.928637,-43.356319
4120O00105C0,6,-22.937136,-43.350953
4120O00107C0,6,-22.938629,-43.34697
2vbd,6,-23.012392,-43.321295
4769,6,-22.976663,-43.325604
5134O00002C0,6,-22.847904,-43.382307
5144O00168C9,6,-22.886032,-43.558335
5144O00170C9,6,-22.890821,-43.559679
5144O00174C9,6,-22.900673,-43.55042
n9wu,6,-22.805946,-43.322021
oazv,6,-22.985311,-43.329534
5fjg,6,-22.976614,-43.3255
612h,6,-22.980976,-43.327132
7uva,6,-22.981146,-43.327182
2024O00129C0,6,-22.966789,-43.177345
2024O00131C0,6,-22.968873,-43.180922
2024O00134C0,6,-22.97277,-43.18573
2024O00135C0,6,-22.97629,-43.1882
2024O00136C0,6,-22.97779,-43.18889
4121O00051C0,6,-22.929454,-43.353904
4121O00053C0,6,-22.932424,-43.353153
1012O00043C0,6,-22.891622,-43.240485
1012O00044C0,6,-22.89067,-43.24193
3114O00066C0,6,-22.810664,-43.371137
3114O00067C0,6,-22.809757,-43.370392
3114O00069C0,6,-22.808265,-43.367657
4128O00136C0,6,-23.014333,-43.298588
4128O00139C0,6,-23.007424,-43.306098
2024O00137C0,6,-22.9795,-43.1895
2024O00138C0,6,-22.98206,-43.18997
5148O00033C9,6,-22.882998,-43.639227
5148O00034C9,6,-22.8821,-43.63594
4123O00040C0,6,-22.925702,-43.359806
4123O00042C0,6,-22.917542,-43.361374
4123O00044C0,6,-22.919791,-43.360448
4123O00046C0,6,-22.921746,-43.360706
5144O00330C9,6,-22.9066,-43.56553
5144O00373C0,6,-22.90725,-43.56431
5144O00463C1,6,-22.90363,-43.56352
1012O00008C1,6,-22.887018,-43.250415
5144O00486P9,6,-22.9016,-43.55535
3107O00052C0,6,-22.81832,-43.39082
3107O00053C0,6,-22.8173,-43.38943
3105BC0001P2,6,-22.83946,-43.23977
3047BB0042U1,6,-22.817826,-43.307725
3044O00057C0,6,-22.83691,-43.284401
3045BB0069U2,6,-22.820086,-43.283308
3104O00030C0,6,-22.814769,-43.221214
3101O00031C0,6,-22.795647,-43.182873
3101O00016C0,6,-22.79965,-43.18282
3101O00017C0,6,-22.79778,-43.18386
3101O00018C0,6,-22.79528,-43.18039
3098O00007C0,6,-22.794593,-43.173148
3098O00008C0,6,-22.79366,-43.17077
3098O00009C0,6,-22.79232,-43.16946
3098O00010C0,6,-22.79105,-43.16791
3098O00021C0,6,-22.789254,-43.163952
3098O00022C0,6,-22.790245,-43.166008
3048O00005C9,6,-22.81517,-43.31049
3048O00006C9,6,-22.817327,-43.314138
3049O00006C0,6,-22.810145,-43.320957
3049O00007C0,6,-22.80763,-43.321629
3095O00007C0,6,-22.809538,-43.183189
4128O00047C0,6,-23.013228,-43.317379
4128O00048C0,6,-23.013985,-43.314237
4128O00049C0,6,-23.014765,-43.309963
4127O00001C0,6,-22.97466,-43.327525
2031O00001C0,6,-22.999269,-43.269144
2031O00002C0,6,-22.99816,-43.26568
2031O00007C0,6,-22.99609,-43.25938
4128O00104C0,6,-22.999431,-43.407351
4128O00105C0,6,-22.999656,-43.41223
4128O00107C0,6,-23.003938,-43.428408
4128O00033C0,6,-23.008462,-43.303731
4128O00134C0,6,-23.015159,-43.305776
4128O00135C0,6,-23.014737,-43.30191
3096O00006C0,6,-22.807558,-43.181721
3096O00007C0,6,-22.806285,-43.181863
3096O00008C0,6,-22.804597,-43.18131
3096O00012C0,6,-22.801387,-43.182158
1012O00033C0,6,-22.89618,-43.23688
1012O00034C0,6,-22.89443,-43.23866
5144O00423C9,6,-22.862029,-43.556502
5141O00016C9,6,-22.884982,-43.464803
1010BB0127P1,6,-22.897883,-43.211935
3097O00014C0,6,-22.79537,-43.17736
5149O00025C9,6,-22.92456,-43.6791
3050O00006C0,6,-22.87228,-43.26798
3083BC0003U2,6,-22.877539,-43.336308
3076O00124C0,6,-22.82177,-43.323799
3065O00044C1,6,-22.88727,-43.28219
2033O00135C0,6,-22.92556,-43.23475
4128O00046C0,6,-23.012914,-43.319149
2031O00022C0,6,-22.992826,-43.25213
2031O00028C0,6,-22.993801,-43.252995
2033O00039C0,6,-22.923392,-43.234752
2031O00008C0,6,-22.995057,-43.25731
2031O00009C0,6,-22.993626,-43.254208
2031O00015C0,6,-22.996291,-43.255176
3050O00007C0,6,-22.87034,-43.26825
3091O00010P0,6,-22.825542,-43.169242
zjbl,6,-22.897765,-43.212359
1012O00032C0,6,-22.897413,-43.236747
3076O00125C0,6,-22.822537,-43.326187
5151BO0001U1,6,-22.965404,-43.646949
5151BO0002U1,6,-22.96869,-43.622
5144O00068C9,6,-22.90253,-43.56061
5144O00078C9,6,-22.893987,-43.559913
4128O00025C0,6,-23.000678,-43.339595
00bw,6,-22.969093,-43.335334
1003O00026C0,6,-22.907569,-43.209274
3066O00060C1,6,-22.88522,-43.2901
3063O00022C0,6,-22.89662,-43.2755
x451,5,-22.885459,-43.40062
3054O00012C0,5,-22.872111,-43.268383
3054O00011C0,5,-22.86932,-43.268315
3054O00010C2,5,-22.86731,-43.2722
4128O00023C0,5,-23.000556,-43.346124
4128O00021C0,5,-23.000491,-43.349954
b0ai,5,-22.852595,-43.384449
anh0,5,-22.843338,-43.283362
90jq,5,-22.970187,-43.334596
4128O00020C0,5,-23.000453,-43.352329
4128O00018C0,5,-23.000356,-43.357617
3055O00011C0,5,-22.865323,-43.296044
3055O00010C0,5,-22.86506,-43.29439
3055O00009C0,5,-22.86536,-43.2921
3055O00008C0,5,-22.86542,-43.28967
3055O00007C0,5,-22.866139,-43.288386
3055O00006C0,5,-22.866332,-43.288437
3054O00005C0,5,-22.87314,-43.28202
3054O00004C0,5,-22.87217,-43.28277
3054O00003C0,5,-22.87073,-43.28374
3054O00002C0,5,-22.86901,-43.28437
3054O00001C0,5,-22.86739,-43.2868
3054O00058C0,5,-22.868981,-43.284232
3054O00051C0,5,-22.868229,-43.268968
3054O00050C2,5,-22.870389,-43.27625
3054O00038C0,5,-22.87313,-43.27673
1005O00101C0,5,-22.90005,-43.18171
5143O00026C0,5,-22.87534,-43.52529
5143O00024C0,5,-22.87393,-43.51961
3054O00019C0,5,-22.874057,-43.278138
3054O00018C0,5,-22.8675,-43.28577
3054O00017C0,5,-22.870128,-43.283955
3054O00016C0,5,-22.87131,-43.28275
4128O00024C0,5,-23.000634,-43.342706
2033O00145C0,5,-22.93644,-43.245151
2033O00144C0,5,-22.93489,-43.24342
2033O00143C0,5,-22.93386,-43.24241
3055O00005C0,5,-22.86552,-43.28986
3055O00004C0,5,-22.86522,-43.29301
2033O00142C0,5,-22.93223,-43.24084
2033O00141C0,5,-22.93141,-43.23913
2033O00139C0,5,-22.92911,-43.23706
2033O00137C0,5,-22.92755,-43.23615
2035O00002S0,5,-22.91533,-43.2325
2031O00027C0,5,-22.998969,-43.250769
2027O00059C0,5,-22.960683,-43.206938
2027O00057C0,5,-22.960469,-43.204758
2027O00051C0,5,-22.97141,-43.2234
2027O00049C0,5,-22.97608,-43.225182
2026O00096C0,5,-22.988694,-43.228114
2030O00012C0,5,-22.994692,-43.234484
2030O00009C0,5,-22.99725,-43.23784
4125O00029C9,5,-22.879377,-43.374587
4125O00028C9,5,-22.877465,-43.373175
2030O00008C0,5,-22.991952,-43.233799
2030O00007C0,5,-22.990922,-43.232441
2027O00105C0,5,-22.97362,-43.225424
2027O00098C0,5,-22.964565,-43.217649
2027O00097C0,5,-22.967135,-43.21983
2027O00096C0,5,-22.977042,-43.224905
2027O00067C0,5,-22.959719,-43.201374
4122O00289C0,5,-22.9178,-43.376562
4122O00288C0,5,-22.919904,-43.375016
5148O00085C9,5,-22.877178,-43.614674
5148O00066C9,5,-22.878012,-43.616593
5148O00065C0,5,-22.879031,-43.619805
5148O00064C9,5,-22.879861,-43.624506
5148O00063C9,5,-22.88031,-43.6275
5148O00062C9,5,-22.881196,-43.632498
2027O00062C0,5,-22.962236,-43.215419
2027O00061C0,5,-22.9614,-43.213083
2027O00060C0,5,-22.961141,-43.210429
5148O00032C9,5,-22.88424,-43.64381
4122O00232C0,5,-22.940596,-43.367706
4122O00231C0,5,-22.94294,-43.365928
5151O00102C9,5,-22.935264,-43.579557
5151O00100C9,5,-22.93621,-43.583388
4122O00227C9,5,-22.923975,-43.37368
4122O00023C0,5,-22.92791,-43.37336
4122O00022C0,5,-22.9307,-43.37313
4122O00020C0,5,-22.93671,-43.37071
4128O00195C0,5,-22.999797,-43.370987
4120O00049C0,5,-22.94864,-43.34823
4120O00048C0,5,-22.94483,-43.34646
4120O00047C0,5,-22.94247,-43.3454
1005O00198C0,5,-22.9044,-43.18332
qy18,5,-22.97183,-43.331991
5151O00125C0,5,-22.953376,-43.577071
4120O00121C0,5,-22.951689,-43.350151
4118O00016C0,5,-22.945267,-43.363691
3041O00011C0,5,-22.847834,-43.247621
3041O00010C0,5,-22.84348,-43.25089
3041O00009C0,5,-22.8406,-43.25355
4118O00012C0,5,-22.95302,-43.35497
4118O00003C0,5,-22.952055,-43.358218
4118O00002C0,5,-22.94899,-43.359761
5148O00135C9,5,-22.887474,-43.65458
3042O00094C2,5,-22.84412,-43.268928
3042O00016C9,5,-22.83968,-43.26596
3042O00015C9,5,-22.84187,-43.26414
3042O00011C0,5,-22.83712,-43.25831
4115O00240C0,5,-22.97349,-43.33537
5151O00099C9,5,-22.938066,-43.587243
5151O00097C9,5,-22.940457,-43.589791
5151O00095C9,5,-22.942998,-43.592356
5151O00094C9,5,-22.943991,-43.593712
5151O00093C9,5,-22.945357,-43.596122
5151O00092C9,5,-22.946903,-43.599539
5151O00091C9,5,-22.948624,-43.603775
5151O00090C9,5,-22.94957,-43.604284
5151O00089C9,5,-22.952012,-43.6067
5151O00088C9,5,-22.952685,-43.607718
5149BO0001U2,5,-22.91754,-43.6834
5151O00323C9,5,-22.97904,-43.66913
3043O00010C1,5,-22.83301,-43.26594
3043O00009C0,5,-22.82998,-43.2711
4115O00027C0,5,-22.971876,-43.334189
5151O00084C9,5,-22.964027,-43.616193
5151O00079C9,5,-22.985599,-43.650426
5151O00078C0,5,-22.98538,-43.65045
3043BC0002U1,5,-22.84201,-43.27684
3043O00038C0,5,-22.84008,-43.279781
3043O00037C0,5,-22.840654,-43.277909
3043O00036C0,5,-22.841262,-43.275771
3043O00035C0,5,-22.842555,-43.271603
4132O00013C9,5,-23.008469,-43.445266
3155O00005C1,5,-22.882377,-43.254823
3155O00004C1,5,-22.88359,-43.25369
3157O00018C0,5,-22.874862,-43.242746
3044O00003C2,5,-22.81992,-43.28304
3044O00002C2,5,-22.821798,-43.280654
3044O00001C2,5,-22.82591,-43.27531
3043O00091C0,5,-22.83544,-43.2614
5142O00007C0,5,-22.89555,-43.48649
5142O00003C0,5,-22.88901,-43.48018
5142O00002C9,5,-22.887826,-43.48049
5141O00312C9,5,-22.886171,-43.47654
5141O00308C0,5,-22.873081,-43.464998
5151O00243C9,5,-22.947165,-43.60078
4132O00054C0,5,-23.01186,-43.458396
4132O00053C0,5,-23.01122,-43.455881
4132O00052C0,5,-23.01046,-43.4531
4132O00051C0,5,-23.00959,-43.44967
3111O00002C0,5,-22.826264,-43.338943
3110O00049C9,5,-22.826794,-43.338717
5149O00020C0,5,-22.934378,-43.668606
3110O00012C9,5,-22.828391,-43.343295
5134O00009C9,5,-22.848448,-43.382186
4132O00144C0,5,-23.02519,-43.521708
2024O00120S0,5,-22.96307,-43.17426
5141O00262C9,5,-22.88596,-43.46957
5141O00261C9,5,-22.885906,-43.467921
ort8,5,-23.001491,-43.366115
2024O00098S0,5,-22.965,-43.17623
5151O00240C9,5,-22.96149,-43.61228
5151O00239C9,5,-22.96459,-43.61869
5151O00224C9,5,-22.983645,-43.660812
2025O00011S0,5,-22.984783,-43.195964
5134O00019C9,5,-22.856182,-43.385422
5135O00019C9,5,-22.862334,-43.394883
3104O00037C0,5,-22.814647,-43.246261
3047O00004C0,5,-22.8142,-43.29637
3047O00003C0,5,-22.814249,-43.293647
3106O00008C0,5,-22.8444,-43.37664
3106O00007C1,5,-22.84398,-43.37593
3104O00032C0,5,-22.80749,-43.21461
3104O00031C0,5,-22.811589,-43.217371
3104O00024C0,5,-22.811616,-43.250768
5151O00016C9,5,-22.963221,-43.614317
mi2o,5,-22.981928,-43.698359
5144O00169C9,5,-22.887202,-43.559338
5135O00018C9,5,-22.863259,-43.396796
5135O00017C9,5,-22.864106,-43.398541
2024O00038S0,5,-22.96827,-43.18313
2024O00036S0,5,-22.97361,-43.18856
2024O00015S0,5,-22.97243,-43.18779
2024O00014S0,5,-22.97936,-43.19089
5137O00001C9,5,-22.884749,-43.405217
5136O00010C9,5,-22.882127,-43.375681
5136O00008C9,5,-22.88424,-43.375846
5137O00036C9,5,-22.887673,-43.386274
5137O00035C9,5,-22.886096,-43.380191
5137O00032C9,5,-22.88511,-43.40259
2024O00011S0,5,-22.96685,-43.17974
3051O00005C0,5,-22.89391,-43.26063
5141O00127C0,5,-22.870429,-43.465049
5141O00126C0,5,-22.867136,-43.465107
5144O00199C0,5,-22.93852,-43.57788
5141O00164C0,5,-22.8787,-43.47352
2024O00010S0,5,-22.96959,-43.18506
2024O00008S0,5,-22.977503,-43.190416
2024O00007S0,5,-22.98239,-43.19094
2021O00009S0,5,-22.957147,-43.198663
2020O00153S2,5,-22.953242,-43.189239
3046O00002C0,5,-22.815273,-43.289663
3048O00019C9,5,-22.80929,-43.3087
3048O00010C0,5,-22.81962,-43.31448
3048O00009C0,5,-22.8192,-43.31062
3048O00007C0,5,-22.81709,-43.30699
1010O00072C0,5,-22.904485,-43.214703
5144O00319C9,5,-22.86181,-43.54684
5144O00318C0,5,-22.86217,-43.55342
5144O00317C9,5,-22.86372,-43.56338
5144O00316C0,5,-22.86462,-43.5671
5144O00315C0,5,-22.86806,-43.59398
5144O00314C0,5,-22.87029,-43.59983
5144O00313C0,5,-22.87543,-43.61113
2020O00016S0,5,-22.955667,-43.196167
dies,5,-22.856472,-43.248027
5149O00022C0,5,-22.931246,-43.672868
5149O00021C9,5,-22.932321,-43.671322
3093O00007C0,5,-22.811081,-43.184631
3051O00003C0,5,-22.89465,-43.25557
3053O00009C1,5,-22.878595,-43.266048
5149O00079C9,5,-22.906209,-43.684189
5149O00078C9,5,-22.908635,-43.685969
5149O00024C0,5,-22.927565,-43.677348
5149O00023C0,5,-22.928003,-43.67683
bam4,5,-23.001087,-43.366157
5139O00051C9,5,-22.868858,-43.43938
3048O00004C9,5,-22.81234,-43.30927
5139O00048C9,5,-22.868877,-43.433303
5139O00101C9,5,-22.889247,-43.426702
5139O00100C9,5,-22.890458,-43.424903
5139O00099C9,5,-22.889743,-43.423923
5139O00098C9,5,-22.8907,-43.421204
5139O00097C9,5,-22.892281,-43.419071
5139O00096C9,5,-22.891928,-43.417455
5139O00095C9,5,-22.890831,-43.41609
5141O00020C9,5,-22.886245,-43.478922
5141O00019C9,5,-22.886067,-43.473072
5141O00018C9,5,-22.88603,-43.471874
5141O00017C9,5,-22.885858,-43.466103
1010BB0128P2,5,-22.898422,-43.211546
1009O00009S9,5,-22.91564,-43.20808
1008O00042C0,5,-22.91267,-43.20611
3076O00009C0,5,-22.82463,-43.33424
3076O00007C0,5,-22.82216,-43.32669
3076O00006C0,5,-22.82135,-43.32419
3088O00014C0,5,-22.87965,-43.35556
3088O00013C0,5,-22.88107,-43.35205
3090O00016C0,5,-22.861115,-43.369537
5149O00084C9,5,-22.88908,-43.6596
5149O00083C0,5,-22.891871,-43.668655
5149O00082C9,5,-22.893723,-43.674424
5149O00081C9,5,-22.896743,-43.677296
5150O00114C9,5,-22.980586,-43.692993
3076O00026C9,5,-22.82455,-43.3324
3076O00024C2,5,-22.832239,-43.328348
5149O00080C9,5,-22.903821,-43.682457
3089O00024C0,5,-22.877,-43.36759
3089O00023C0,5,-22.87738,-43.36463
3089O00014C0,5,-22.87783,-43.36105
3089O00013C0,5,-22.87861,-43.35759
elyv,5,-22.971714,-43.33331
e8d0,5,-22.913222,-43.208663
2020O00058S0,5,-22.955184,-43.19476
2020O00057S0,5,-22.95233,-43.186717
2020O00020S0,5,-22.951935,-43.185606
2020O00017S0,5,-22.954194,-43.191986
5149O00168C9,5,-22.93461,-43.66553
5149O00167C0,5,-22.93332,-43.66208
5149O00165C0,5,-22.93178,-43.65764
3083O00086C9,5,-22.87163,-43.33592
3083O00083C0,5,-22.879495,-43.332542
3083O00082C0,5,-22.877572,-43.335695
3083O00075C0,5,-22.877277,-43.333774
3083O00062C0,5,-22.86626,-43.33435
3076O00094C0,5,-22.823581,-43.331092
3076O00016C9,5,-22.83048,-43.3269
3076O00014C9,5,-22.830696,-43.326897
3076O00036C0,5,-22.828007,-43.32054
3076O00035C9,5,-22.82844,-43.32418
2016O00021C0,5,-22.919513,-43.174922
2016O00020C0,5,-22.915388,-43.175119
2020O00011S0,5,-22.956114,-43.177442
3083O00003C0,5,-22.86851,-43.33486
5150O00082C9,5,-22.9751,-43.69443
5150O00070C0,5,-22.97813,-43.67805
5150O00084C9,5,-22.97019,-43.69146
3076O00126C0,5,-22.82325,-43.32839
3083O00039C0,5,-22.882105,-43.349325
3083O00038C0,5,-22.88257,-43.34691
3083O00037C0,5,-22.882069,-43.345009
3083O00036C0,5,-22.88045,-43.34242
3083O00027C0,5,-22.872642,-43.338874
3052O00006C1,5,-22.87806,-43.26402
3052O00005C1,5,-22.878107,-43.262168
3052O00004C1,5,-22.880471,-43.258578
5144O00645C0,5,-22.862281,-43.555514
5139O00195C9,5,-22.89003,-43.425969
5139O00194C9,5,-22.889406,-43.422396
5149O00234C0,5,-22.93561,-43.65622
1010O00096C0,5,-22.90518,-43.214246
5149O00224C9,5,-22.899281,-43.679163
5149O00203C9,5,-22.91555,-43.68352
2016O00055C0,5,-22.912168,-43.172982
5139O00216C9,5,-22.88924,-43.414508
5144O00480C9,5,-22.862002,-43.549473
5144O00467C0,5,-22.939268,-43.576795
5144O00421C9,5,-22.86561,-43.57482
5144O00420C0,5,-22.86636,-43.58471
3054O00009C2,5,-22.868483,-43.274681
3054O00007C0,5,-22.87291,-43.2806
3054O00006C0,5,-22.87317,-43.28138
5144O00050C9,5,-22.89185,-43.55925
5144O00049C9,5,-22.89362,-43.5589
5144O00048C9,5,-22.897671,-43.556189
5144O00042C0,5,-22.902056,-43.559857
5144O00039C9,5,-22.901865,-43.564785
zxpw,5,-22.828577,-43.344666
1003O00031C0,5,-22.906314,-43.209542
1005O00131C0,5,-22.89798,-43.18086
5144O00006C0,5,-22.939232,-43.57634
5144O00004C0,5,-22.943025,-43.576013
5144O00003C0,5,-22.94472,-43.576672
spfb,5,-22.904231,-43.209513
5139O00153C0,4,-22.868617,-43.420091
sr5u,4,-22.833831,-43.408078
3051O00004C0,4,-22.893696,-43.258424
3083O00081C0,4,-22.875623,-43.339006
1005O00143C0,4,-22.90307,-43.19083
3099O00029C0,4,-22.81906,-43.19321
3092O00011C0,4,-22.821986,-43.177329
3093O00006C0,4,-22.810854,-43.187214
3093O00010C0,4,-22.82004,-43.19017
1003O00033C0,4,-22.90297,-43.208376
3084O00001C9,4,-22.86042,-43.32962
5144O00046C0,4,-22.89938,-43.55485
3093O00011C0,4,-22.81894,-43.18828
3093O00012C0,4,-22.81707,-43.18757
3093O00013C0,4,-22.81662,-43.18622
5141O00027C9,4,-22.87843,-43.4636
5144O00215C9,4,-22.86093,-43.54078
buj2,4,-22.981937,-43.698669
c3qq,4,-23.001586,-43.366914
1012O00012C0,4,-22.890765,-43.242335
1012O00013C0,4,-22.891768,-43.240794
5134BB0047P0,4,-22.853974,-43.384189
5134O00010C9,4,-22.857757,-43.38155
3110O00062C2,4,-22.834764,-43.340982
3110O00005C0,4,-22.83062,-43.34832
3045O00015C1,4,-22.82239,-43.28083
dhos,4,-22.999869,-43.376974
3109O00032C0,4,-22.843278,-43.397868
5150O00036C9,4,-22.97796,-43.6773
3094O00003C0,4,-22.817997,-43.185292
5150O00115C9,4,-22.980646,-43.692928
3104O00025C0,4,-22.832316,-43.238251
1uq4,4,-22.966484,-43.336033
1012O00039C0,4,-22.89788,-43.24049
3104O00026C0,4,-22.825297,-43.23298
3109O00033C0,4,-22.83952,-43.39862
5139O00230C0,4,-22.86376,-43.43729
3109O00035C0,4,-22.83783,-43.39746
3099O00032C0,4,-22.816719,-43.204575
1010O00073C0,4,-22.901864,-43.216433
3089O00048C0,4,-22.866381,-43.354419
3099O00035C0,4,-22.815231,-43.206416
3090O00015C0,4,-22.86223,-43.367211
3104O00029C0,4,-22.81766,-43.224238
3094O00007C0,4,-22.81906,-43.183746
3088O00035C0,4,-22.867218,-43.353002
3088O00038C0,4,-22.86803,-43.351594
3094O00008C0,4,-22.820526,-43.181475
j1ff,4,-22.876437,-43.421069
3092O00008C0,4,-22.82354,-43.175787
5147O00091C9,4,-22.903635,-43.614744
3089O00010C0,4,-22.87763,-43.36446
la83,4,-22.946199,-43.576608
3106BB0055U1,4,-22.845459,-43.377886
3089O00027C0,4,-22.86244,-43.36403
3089O00041C0,4,-22.864104,-43.36094
3089O00043C0,4,-22.864251,-43.359734
3089O00046C0,4,-22.864968,-43.357076
3077O00028C0,4,-22.839308,-43.338838
3077O00029C0,4,-22.8371,-43.33991
5147O00009C9,4,-22.904946,-43.617185
1012O00031C0,4,-22.89888,-43.2359
1012O00035C9,4,-22.898993,-43.239452
1012O00036C9,4,-22.89905,-43.23663
1010O00084C0,4,-22.8993,-43.21664
1010O00086C0,4,-22.89585,-43.21893
1010O00092C0,4,-22.90001,-43.234537
5147O00010C9,4,-22.905936,-43.619049
5147O00011C9,4,-22.90749,-43.621195
5134O00052C0,4,-22.851363,-43.393697
5134O00053C0,4,-22.85512,-43.386938
1010O00109C0,4,-22.897982,-43.217549
3104O00034C0,4,-22.811417,-43.217675
5138O00005C9,4,-22.873166,-43.416973
5138O00006C9,4,-22.87189,-43.41539
5138O00008C9,4,-22.878273,-43.417266
5139O00080C9,4,-22.878425,-43.422218
5139O00081C9,4,-22.880228,-43.414092
5139O00083C9,4,-22.883191,-43.408671
3104O00035C0,4,-22.815133,-43.221911
3103O00003C9,4,-22.805543,-43.212054
3091O00009C0,4,-22.824852,-43.173084
3083O00026C0,4,-22.87407,-43.33687
3090O00034C0,4,-22.87685,-43.36993
3051O00013C0,4,-22.89421,-43.25158
3090O00035C9,4,-22.876598,-43.371499
3103O00010C9,4,-22.805862,-43.211671
3048O00018C9,4,-22.808604,-43.306992
3106BB0062U1,4,-22.841193,-43.37096
3083O00060C9,4,-22.86216,-43.33083
3104O00001C0,4,-22.81746,-43.22438
5139O00056C9,4,-22.877932,-43.422899
5139O00057C9,4,-22.875147,-43.419456
5138O00082C9,4,-22.882367,-43.410413
b558,4,-22.968338,-43.622119
1010O00055C0,4,-22.899433,-43.222963
1010O00059C9,4,-22.90004,-43.22381
1010O00061C0,4,-22.899862,-43.226297
1010O00062C9,4,-22.89995,-43.229544
1010O00064C9,4,-22.90045,-43.23258
5150O00075C0,4,-22.98434,-43.69544
5150O00077C9,4,-22.97453,-43.69419
3109O00006C0,4,-22.83644,-43.39031
3110BB0057U1,4,-22.832059,-43.353628
3083O00004C9,4,-22.8652,-43.33391
3083O00005C9,4,-22.86369,-43.33263
3104O00004C0,4,-22.832564,-43.242569
3104O00005C0,4,-22.820112,-43.235474
5134O00033C0,4,-22.854002,-43.390142
3104O00007C0,4,-22.81656,-43.23992
5134O00039C9,4,-22.858985,-43.375228
3053O00008C0,4,-22.878863,-43.265859
5144O00165C0,4,-22.88468,-43.552
5139O00155C9,4,-22.86803,-43.42564
3099O00021C0,4,-22.810826,-43.208831
3084O00025C0,4,-22.858476,-43.329284
3099O00022C9,4,-22.81278,-43.20784
3099O00024C0,4,-22.81836,-43.2025
3076BB0142U1,4,-22.824608,-43.333369
3099O00025C9,4,-22.818564,-43.198028
3099O00027C0,4,-22.8185,-43.19617
5144O00166C0,4,-22.88456,-43.55386
5134O00049C0,4,-22.846992,-43.39621
5134O00050C0,4,-22.848811,-43.395608
5141O00136C0,4,-22.87446,-43.46366
1010O00054C0,4,-22.89716,-43.22196
n7vj,4,-22.820689,-43.324472
3099O00028C0,4,-22.81873,-43.1946
3051O00002C0,4,-22.89492,-43.25385
3083O00073C0,4,-22.879302,-43.331783
3044O00007C0,4,-22.83216,-43.27944
3044O00032C0,4,-22.83359,-43.28078
3044O00056C0,4,-22.826435,-43.275608
3071O00013C0,4,-22.88136,-43.29594
3044L00069C0,4,-22.831494,-43.278844
3044O00004C0,4,-22.82869,-43.276575
3044O00006C0,4,-22.8307,-43.27818
3155O00001C0,4,-22.882581,-43.254845
3155O00002C0,4,-22.88517,-43.25266
3157O00015C0,4,-22.847052,-43.245992
3156O00006C0,4,-22.8659,-43.268955
3156O00007C0,4,-22.862372,-43.26786
3156O00013C0,4,-22.85936,-43.267317
3042O00104C0,4,-22.84951,-43.268207
4131O00061C0,4,-23.011782,-43.513755
4115O00146C0,4,-22.97325,-43.32921
5151O00329C9,4,-22.97887,-43.66917
5152O00014C1,4,-23.066612,-43.568028
3042O00033C9,4,-22.84891,-43.26715
3042O00035C0,4,-22.847823,-43.26707
3042O00036C0,4,-22.84659,-43.26754
3041O00034C0,4,-22.85419,-43.26404
3041O00067C0,4,-22.856432,-43.26629
4118O00011C0,4,-22.952741,-43.3534
4118O00013C0,4,-22.946444,-43.359992
4120O00021C0,4,-22.951679,-43.349694
4120O00022C0,4,-22.94993,-43.34848
4120O00023C0,4,-22.94192,-43.34466
1005O00199C0,4,-22.89915,-43.17999
4120O00119C0,4,-22.946881,-43.347336
4120O00120C0,4,-22.944866,-43.346348
2036O00006S9,4,-22.917071,-43.24241
2036O00058S9,4,-22.917543,-43.244913
4122O00194C0,4,-22.92746,-43.37376
4122O00219C0,4,-22.930296,-43.373482
5151O00155C9,4,-22.98285,-43.66184
5151O00114C9,4,-22.97507,-43.64805
2026O00053C0,4,-22.97901,-43.22225
4122O00300P1,4,-22.923392,-43.374281
3058O00017C0,4,-22.89922,-43.24487
3058O00018C0,4,-22.89771,-43.24765
5151O00140C9,4,-22.991633,-43.594109
4125O00005C0,4,-22.87726,-43.36736
2031O00025C0,4,-22.998852,-43.27056
2035O00074C0,4,-22.91798,-43.234696
2035O00091C0,4,-22.916618,-43.235029
2033O00192C0,4,-22.91844,-43.22488
3058O00019C0,4,-22.89628,-43.24909
1005O00151S0,4,-22.910264,-43.171781
1005O00171C1,4,-22.901639,-43.181276
5144O00052C9,4,-22.886297,-43.558288
2033O00146C0,4,-22.938999,-43.247835
2033O00147C1,4,-22.940248,-43.249662
2033O00149C0,4,-22.94103,-43.25168
2033O00151C0,4,-22.941926,-43.253027
2033O00152C0,4,-22.943884,-43.254209
2033O00153C0,4,-22.94601,-43.25533
1005O00192C0,4,-22.90054,-43.17948
1005O00090C0,4,-22.90162,-43.18528
1005O00129P0,4,-22.904565,-43.191892
5144O00051C9,4,-22.88821,-43.55958
atod,4,-22.972143,-43.331927
2033O00021S0,4,-22.916428,-43.227624
r156,4,-22.877169,-43.336312
x99y,4,-22.867613,-43.413506
3083BC0004U1,3,-22.87023,-43.3355
3083BC0004U2,3,-22.87021,-43.33558
3076O00106C2,3,-22.838389,-43.324296
3076O00129C0,3,-22.849535,-43.321179
3076O00130C0,3,-22.850168,-43.320183
3076O00131C0,3,-22.850961,-43.318367
3076O00147C0,3,-22.827774,-43.321765
3083O00012C0,3,-22.87903,-43.33149
t9oc,3,-22.833221,-43.395625
ghag,3,-22.839334,-43.239554
hift,3,-22.853969,-43.383859
i5p2,3,-22.831067,-43.411096
2018O00026C0,3,-22.92665,-43.17654
2018O00027C0,3,-22.92343,-43.17701
3084O00002C2,3,-22.855353,-43.329132
5151BO0001U2,3,-22.96529,-43.646867
3076O00067C0,3,-22.85135,-43.31672
3076O00073C0,3,-22.84971,-43.31982
3076O00015C9,3,-22.82836,-43.32443
3078O00001C0,3,-22.883076,-43.344106
3078O00005C0,3,-22.88118,-43.35263
3078O00010C0,3,-22.88546,-43.34358
3076O00093C0,3,-22.85059,-43.31798
3076O00103C0,3,-22.848014,-43.324958
3076O00104C0,3,-22.84539,-43.323823
3076O00105C2,3,-22.842546,-43.323438
3083O00063C0,3,-22.86989,-43.341363
3083O00072C0,3,-22.87298,-43.342502
3083O00079C0,3,-22.872989,-43.343248
5149O00170C9,3,-22.93992,-43.6739
5149O00186C0,3,-22.94816,-43.67976
3084BC0001U1,3,-22.85653,-43.32822
3084BC0001U2,3,-22.85646,-43.32827
2020O00082C0,3,-22.948099,-43.181159
2020O00083C0,3,-22.943774,-43.18061
3089O00012C0,3,-22.87893,-43.35733
5144O00321C9,3,-22.940796,-43.559778
5144O00322C9,3,-22.935779,-43.557349
5144O00323C9,3,-22.932986,-43.555891
5144O00324C9,3,-22.930145,-43.554841
3076O00017C1,3,-22.83228,-43.32865
3076O00020C2,3,-22.840099,-43.32374
3076O00021C0,3,-22.83666,-43.32533
3076O00022C0,3,-22.835007,-43.32634
3076O00023C2,3,-22.83392,-43.32716
3076O00025C9,3,-22.82481,-43.332599
5150O00103C0,3,-22.9539,-43.68418
ftmp,3,-22.810263,-43.327116
5139O00112C9,3,-22.88791,-43.415363
5146BM0001U1,3,-22.910821,-43.584046
5146BM0001U2,3,-22.910877,-43.584361
5146BM0004U1,3,-22.914191,-43.601119
5146BM0004U2,3,-22.914158,-43.601494
3090O00007C9,3,-22.86091,-43.37119
3090O00017C0,3,-22.860248,-43.369893
3088O00010C0,3,-22.879961,-43.355449
3088O00041C0,3,-22.86886,-43.35001
3088O00045C0,3,-22.870778,-43.346972
3088O00046C0,3,-22.871643,-43.345541
3089O00011C0,3,-22.87806,-43.36096
5151BO0002U2,3,-22.96859,-43.62204
5151BO0003X2,3,-22.994007,-43.596478
5151BO0006U1,3,-23.00952,-43.53988
1010BB0115U1,3,-22.889344,-43.220296
1010BB0117U2,3,-22.894429,-43.215347
1010BB0118U1,3,-22.894278,-43.215368
3048O00002C9,3,-22.81,-43.30168
3048O00003C9,3,-22.80787,-43.30395
5139O00049C9,3,-22.869027,-43.436153
5139O00050C9,3,-22.868934,-43.437978
5139O00052C9,3,-22.868756,-43.441227
5139O00053C9,3,-22.86869,-43.44227
3050O00008C0,3,-22.869925,-43.267263
5151O00005C9,3,-22.938573,-43.588076
5151O00006C9,3,-22.941304,-43.590885
5151O00007C9,3,-22.945043,-43.595804
5151O00008C9,3,-22.946117,-43.598064
3052O00021C0,3,-22.882344,-43.262728
3052O00024C0,3,-22.883063,-43.263954
3053O00010C1,3,-22.88085,-43.27387
3053O00011C1,3,-22.88295,-43.2763
3053O00012C1,3,-22.88404,-43.27717
3075O00007C9,3,-22.82645,-43.31576
3076BB0170U2,3,-22.824066,-43.331618
3076O00001C2,3,-22.852466,-43.328157
3076O00002C2,3,-22.850463,-43.325893
3050O00009C0,3,-22.86998,-43.26437
3050O00010C0,3,-22.869906,-43.260306
3050O00011C1,3,-22.87023,-43.25854
3050O00014C0,3,-22.8717,-43.25853
3050O00016C1,3,-22.86837,-43.258305
3050O00018C0,3,-22.870111,-43.262903
3048O00001C9,3,-22.81348,-43.30113
3093O00015C0,3,-22.811274,-43.189955
ckxe,3,-22.81784,-43.318854
clry,3,-22.872248,-43.511503
cukh,3,-22.829298,-43.410013
d8wp,3,-22.973659,-43.333401
dal5,3,-22.899788,-43.211015
e3ju,3,-22.981331,-43.490447
3051O00007C0,3,-22.896454,-43.263155
5144O00308C9,3,-22.923571,-43.5514
5144O00309C9,3,-22.921488,-43.550822
5144O00310C9,3,-22.919036,-43.551138
5144O00320C9,3,-22.944352,-43.561333
5151BO0006U2,3,-23.009423,-43.539913
5151O00003C9,3,-22.936566,-43.584446
5147O00092C9,3,-22.910256,-43.624543
5147O00093C9,3,-22.911838,-43.62757
5148BM0002U1,3,-22.916783,-43.632609
5138BL0001U2,3,-22.868056,-43.413146
5137O00005C9,3,-22.887785,-43.384983
3098O00023C0,3,-22.789156,-43.16154
3048O00017C9,3,-22.80782,-43.30516
3049O00003C0,3,-22.81417,-43.31822
3049O00025C0,3,-22.807253,-43.327419
3046BB0074U2,3,-22.815139,-43.291352
3046O00003C0,3,-22.81486,-43.29358
3046O00046C0,3,-22.8238,-43.3094
3099O00016C9,3,-22.80814,-43.19683
3099O00017C9,3,-22.809881,-43.195485
3099O00018C9,3,-22.81108,-43.19416
3099O00019C0,3,-22.806878,-43.208637
3099O00020C0,3,-22.8095,-43.20863
3098O00018C0,3,-22.789137,-43.16196
5137O00015C9,3,-22.886312,-43.379044
2020O00136C0,3,-22.949609,-43.180646
2020O00137C0,3,-22.955002,-43.178405
2024O00006S0,3,-22.98607,-43.189898
3104O00002C0,3,-22.82164,-43.229104
5141O00115C0,3,-22.873115,-43.464844
5141O00083C9,3,-22.86482,-43.4662
5141O00093C0,3,-22.875343,-43.468911
5141O00094C0,3,-22.87513,-43.46558
5141O00101C9,3,-22.859543,-43.465502
5141O00102C9,3,-22.862464,-43.465925
5144O00307C9,3,-22.925147,-43.551985
3053O00015C0,3,-22.87694,-43.26549
3053O00016C0,3,-22.875656,-43.265863
3051O00006C0,3,-22.8949,-43.26252
3099O00010C0,3,-22.8117,-43.19288
5138BL0001U1,3,-22.868115,-43.413115
5137BL0001X1,3,-22.88598,-43.400652
5137BL0001X2,3,-22.886248,-43.400797
3104BC0001U2,3,-22.81451,-43.24633
5137O00004C9,3,-22.886922,-43.391777
2024O00033C0,3,-22.986714,-43.190978
3104O00006C0,3,-22.81855,-43.23697
3104O00008C0,3,-22.833349,-43.23877
5141O00187C0,3,-22.868487,-43.451513
5141O00253C9,3,-22.87584,-43.46362
nffo,3,-22.828819,-43.344412
nj6d,3,-22.936781,-43.667401
nphp,3,-22.827056,-43.409892
5151O00018C9,3,-22.96613,-43.62118
3073BC0002U1,3,-22.85245,-43.31239
3073BC0002U2,3,-22.85237,-43.31243
3104O00027C0,3,-22.825688,-43.232808
3104O00028C9,3,-22.821114,-43.227988
3106BB0057U2,3,-22.844498,-43.376317
3106BB0060U2,3,-22.840221,-43.369397
3046O00063C0,3,-22.825531,-43.312878
3047O00002C9,3,-22.81668,-43.30091
3047O00013C0,3,-22.81771,-43.30707
3047O00024C0,3,-22.81892,-43.30424
3047O00026C0,3,-22.82057,-43.30612
3047O00029C0,3,-22.82224,-43.3074
3047O00037C0,3,-22.81945,-43.30981
3045O00013C1,3,-22.81975,-43.28418
3107O00051C0,3,-22.81888,-43.39359
3107O00058C0,3,-22.824833,-43.41455
3107O00059C0,3,-22.82613,-43.417131
3107O00060C0,3,-22.83101,-43.40686
3107O00062C0,3,-22.82856,-43.40628
3107O00063C0,3,-22.826131,-43.405601
3107O00001C0,3,-22.82332,-43.40495
3107O00002C0,3,-22.82331,-43.40649
3107O00027C0,3,-22.82465,-43.41161
3107O00038C0,3,-22.829121,-43.39836
3107O00065C0,3,-22.824887,-43.405223
3107O00067C0,3,-22.825339,-43.391839
3107OY0049C9,3,-22.82108,-43.39715
3107OY0050C0,3,-22.81991,-43.39545
3108O00004C0,3,-22.83051,-43.39779
3108O00005C0,3,-22.82937,-43.39916
3108O00006C0,3,-22.82737,-43.40085
3108O00007C0,3,-22.825555,-43.402291
3108O00019C0,3,-22.82707,-43.41833
3107O00042C0,3,-22.82726,-43.400263
3107O00043C0,3,-22.825729,-43.401561
3107O00044C0,3,-22.82497,-43.40218
3107O00045C0,3,-22.82407,-43.40312
3107O00046C0,3,-22.82271,-43.40395
3107O00047C0,3,-22.82182,-43.40157
3045O00014C0,3,-22.82072,-43.28296
3046BB0073U1,3,-22.814729,-43.292972
5151O00063C9,3,-22.965675,-43.589718
5151O00065C9,3,-22.963298,-43.587642
5144O00134C0,3,-22.92625,-43.57174
5144O00138C0,3,-22.93205,-43.57471
5144O00139C9,3,-22.933006,-43.575501
5144O00140C9,3,-22.934277,-43.577134
1008O00027S0,3,-22.90794,-43.20089
og0e,3,-22.829791,-43.39213
psrb,3,-22.853591,-43.384143
3071O00031C0,3,-22.88277,-43.29912
5141O00263C0,3,-22.867359,-43.464945
5141O00266C9,3,-22.87057,-43.464886
5141O00282P0,3,-22.8749,-43.46257
42ec,3,-22.824556,-43.310949
5134BB0046P0,3,-22.853769,-43.384092
3110O00004C0,3,-22.831512,-43.347712
3110O00022C0,3,-22.827873,-43.353295
3108O00041C0,3,-22.83484,-43.39556
3108O00060C0,3,-22.828908,-43.419188
3109O00026C0,3,-22.83427,-43.39195
3109O00029C0,3,-22.83674,-43.38808
4132O00120C0,3,-23.005945,-43.457389
4132O00121C0,3,-22.999049,-43.451768
4132O00122C0,3,-22.997027,-43.450185
4132O00129C0,3,-23.022711,-43.521037
4132O00133C0,3,-23.020922,-43.521147
3110O00044C0,3,-22.82701,-43.34988
3110O00047C0,3,-22.83084,-43.34498
3110O00050C0,3,-22.83201,-43.34291
3110O00061C2,3,-22.831529,-43.343929
3109O00036C0,3,-22.831599,-43.39189
3110BB0056U2,3,-22.831488,-43.352099
4132O00050C0,3,-23.00805,-43.44359
4132O00061C0,3,-23.016407,-43.516307
4132O00079C0,3,-23.00102,-43.45343
4132O00082C0,3,-23.018763,-43.520269
4132O00083C0,3,-23.020344,-43.521113
4132BO0010U2,3,-23.01225,-43.45848
4132BO0013U1,3,-23.00819,-43.44225
3110O00031C0,3,-22.828957,-43.354259
3110O00032C0,3,-22.830754,-43.353504
3110O00036C0,3,-22.831528,-43.344526
3110O00037C0,3,-22.83246,-43.34291
3110O00038C0,3,-22.83518,-43.341
3110O00043C0,3,-22.82894,-43.34904
5151O00241C0,3,-22.961647,-43.610817
5151O00242C0,3,-22.96171,-43.60902
5151O00244C9,3,-22.947266,-43.601608
rsez,3,-22.993955,-43.595893
5144BM0004U2,3,-22.907539,-43.575991
1005O00149S9,3,-22.91168,-43.18936
5151O00281C9,3,-22.948386,-43.603851
3043O00083C0,3,-22.844015,-43.284501
3043O00089C0,3,-22.836488,-43.283441
1005O00222C0,3,-22.90925,-43.1935
5144O00123C9,3,-22.91518,-43.56349
5144O00125C0,3,-22.917826,-43.563646
5142O00005C0,3,-22.89261,-43.48154
5142O00006C0,3,-22.89378,-43.48361
5144O00127C0,3,-22.922123,-43.564381
5144O00130C0,3,-22.92341,-43.5671
5144O00132C0,3,-22.924758,-43.56999
3070O00011C0,3,-22.88436,-43.29998
3070O00012C0,3,-22.885719,-43.30051
1005O00019S0,3,-22.90609,-43.19353
3044BC0002U1,3,-22.83882,-43.29497
3044BC0002U2,3,-22.83873,-43.29502
1005O00034S9,3,-22.90732,-43.17396
1005O00043S9,3,-22.91118,-43.19203
w7sg,3,-22.955654,-43.353266
4128BO0016U1,3,-23.000615,-43.335158
5150O00059C9,3,-22.96789,-43.70514
3110O00025C0,3,-22.830098,-43.345669
u5vq,3,-22.853888,-43.38424
5144BM0002U2,3,-22.903663,-43.566408
5144BM0004U1,3,-22.907485,-43.575619
3156O00010C1,3,-22.868352,-43.266595
3114O00052C0,3,-22.806672,-43.366375
4132O00010C0,3,-23.012105,-43.462414
4132BL0001P1,3,-23.008509,-43.440389
4115O00058C0,3,-22.96333,-43.40393
4115O00059C0,3,-22.96442,-43.40636
5144O00416C9,3,-22.90914,-43.566386
5144O00417C0,3,-22.928212,-43.573308
3042O00107C0,3,-22.853572,-43.268503
3042O00108C0,3,-22.852705,-43.269431
3043BC0001U1,3,-22.8391,-43.28335
3043BC0001U2,3,-22.83903,-43.2833
3157O00013C0,3,-22.848182,-43.244906
4132BL0001P2,3,-23.008383,-43.440424
4132BL0003U1,3,-23.00016,-43.42973
4132BL0003U2,3,-23.00011,-43.4298
4132BO0003U1,3,-23.020661,-43.500123
4132BO0003U2,3,-23.020583,-43.500215
4132BO0005U1,3,-23.01956,-43.48686
4132BO0005U2,3,-23.01949,-43.48692
4132BO0006U1,3,-23.01846,-43.48258
4132BO0006U2,3,-23.01839,-43.48262
4132BO0008U1,3,-23.01564,-43.47141
4132BO0008U2,3,-23.01559,-43.47157
5151O00219C0,3,-22.95581,-43.60536
3052O00016C0,3,-22.88588,-43.26421
3065O00053C0,3,-22.885519,-43.277384
3065O00013C0,3,-22.88792,-43.2662
3065O00014C0,3,-22.890074,-43.267547
3065O00015C0,3,-22.89127,-43.26831
3065O00016C0,3,-22.89091,-43.26941
3065O00017C0,3,-22.89077,-43.27098
5151O00202C9,3,-22.955485,-43.575138
5151O00203C9,3,-22.954176,-43.572986
5151O00204C9,3,-22.951534,-43.569636
5151O00205C9,3,-22.95058,-43.56577
1005O00208C0,3,-22.90952,-43.17067
4132BO0010U1,3,-23.01233,-43.45844
4131O00060C0,3,-23.009673,-43.511868
5140O00012C0,3,-22.86849,-43.446364
4131O00066C0,3,-22.983409,-43.48936
4131O00067C0,3,-22.979849,-43.491233
4115O00084C0,3,-22.95189,-43.37455
4115O00085C0,3,-22.95373,-43.37582
4115O00132C0,3,-22.95617,-43.39348
3082O00017C0,3,-22.881116,-43.330479
4115BC0002U0,3,-22.95865,-43.38341
4115BC0004U1,3,-22.95221,-43.37453
4115BC0004U2,3,-22.95217,-43.3746
4115BL0005U1,3,-22.94106,-43.39459
4115BL0005U2,3,-22.94108,-43.39467
4115O00057C0,3,-22.94804,-43.37251
4115O00060C0,3,-22.966298,-43.411842
4115O00061C0,3,-22.96867,-43.41365
4115O00062C0,3,-22.972275,-43.414136
3082O00018C0,3,-22.882534,-43.33687
5151O00332C0,3,-22.96115,-43.605619
3082O00019C0,3,-22.882138,-43.331007
4115O00063C0,3,-22.974171,-43.414685
5149BM0001U1,3,-22.925314,-43.649851
5149BM0001U2,3,-22.92557,-43.650056
5149BM0004U1,3,-22.933338,-43.661643
5149BM0004U2,3,-22.93344,-43.66209
5149BO0001U1,3,-22.916685,-43.683705
3065O00018C9,3,-22.89884,-43.27043
3065O00019C9,3,-22.8977,-43.27136
3065O00036C0,3,-22.895086,-43.273695
5151O00096C9,3,-22.94319,-43.592798
5151O00206C9,3,-22.95084,-43.563237
5151O00218C0,3,-22.958117,-43.605095
5149BO0003U2,3,-22.92748,-43.67758
4115O00180C0,3,-22.951042,-43.391392
4115O00185C0,3,-22.944812,-43.388071
4115O00187C0,3,-22.947238,-43.39022
4115O00188C0,3,-22.95317,-43.39145
4115O00230C0,3,-22.965503,-43.409667
4115O00239C0,3,-22.97376,-43.33523
4118O00001C0,3,-22.946125,-43.362497
5150O00027C9,3,-22.96806,-43.70479
5150O00030C9,3,-22.96392,-43.70352
5150O00033C9,3,-22.95775,-43.69045
3042O00076C0,3,-22.85461,-43.26724
4131O00068C0,3,-22.978371,-43.502204
4131O00069C0,3,-22.980344,-43.506052
4131O00070C0,3,-22.996647,-43.508187
4131O00071C0,3,-23.000165,-43.508909
4131O00072C0,3,-23.002141,-43.510254
4131O00016C0,3,-22.977487,-43.499781
4119BC0002U2,3,-22.95858,-43.38345
4119BC0051U1,3,-22.959867,-43.388866
4119BC0052U2,3,-22.959817,-43.388471
4119BL0001U1,3,-22.952913,-43.390488
4117O00004C0,3,-22.957861,-43.352407
5143O00019C0,3,-22.86786,-43.50986
5150O00061C9,3,-22.96924,-43.69846
3042BB0116U2,3,-22.837332,-43.257326
3042BB0117U1,3,-22.836531,-43.258812
3040O00050C2,3,-22.873386,-43.258042
3040O00051C1,3,-22.868501,-43.263577
3040O00052C2,3,-22.867246,-43.255591
4117O00013P0,3,-22.95824,-43.35216
4131O00026C0,3,-23.016046,-43.516128
4131O00029C0,3,-22.977818,-43.492828
4131O00030C0,3,-22.976331,-43.494694
4131O00034C0,3,-22.9822,-43.506235
4131O00035C0,3,-22.984652,-43.506119
4131O00037C0,3,-22.987296,-43.503827
4131O00038C0,3,-22.991369,-43.504637
4131O00039C0,3,-22.995248,-43.507913
4131O00041C0,3,-23.004557,-43.510753
4130O00028C0,3,-22.98752,-43.48362
4130O00029C0,3,-22.986839,-43.488927
4130O00030C0,3,-22.993427,-43.447361
4119O00049C0,3,-22.95512,-43.39063
5150O00064C9,3,-22.96996,-43.69179
5139O00218C9,3,-22.887778,-43.425877
4119BL0001U2,3,-22.95288,-43.390569
4119O00002C0,3,-22.9568,-43.37963
4119O00003C0,3,-22.95848,-43.38372
4119O00004C0,3,-22.95926,-43.38697
4119O00005C0,3,-22.96,-43.39018
4119O00006C0,3,-22.96072,-43.39318
4119O00007C0,3,-22.96115,-43.39496
4119O00009C0,3,-22.96265,-43.40124
4119O00029C0,3,-22.95265,-43.38956
4119O00030C0,3,-22.950218,-43.389638
4119O00031C0,3,-22.94844,-43.3901
4119O00032C0,3,-22.946956,-43.389945
4119O00034C0,3,-22.944736,-43.387785
4119O00036C0,3,-22.943292,-43.385531
4119O00037C0,3,-22.942616,-43.384585
4119O00053C0,3,-22.955048,-43.377269
5139O00225C2,3,-22.88633,-43.42412
5150O00003C0,3,-22.9541,-43.68484
5150O00005C9,3,-22.957474,-43.690302
3040O00048C2,3,-22.876321,-43.256784
5151O00126C9,3,-22.956376,-43.578658
5151O00127C0,3,-22.959258,-43.581217
5151O00128C9,3,-22.961622,-43.583617
5151O00129C9,3,-22.967679,-43.589128
5144O00121C9,3,-22.91154,-43.56534
5144O00122C9,3,-22.91321,-43.5641
qr92,3,-22.821982,-43.391973
qrqv,3,-22.967067,-43.335606
1005O00254C0,3,-22.9132,-43.17733
1005O00369C2,3,-22.902674,-43.18239
1005O00374C2,3,-22.908598,-43.168241
1007O00017S9,3,-22.91747,-43.21103
5150O00009C9,3,-22.96415,-43.70459
3040O00049C1,3,-22.868183,-43.259115
3039BB0037U1,3,-22.88344,-43.236818
3039O00001C2,3,-22.8834,-43.25341
3039O00002C2,3,-22.879986,-43.253767
4122BC0193U2,3,-22.92457,-43.37389
4122BC0196U1,3,-22.92455,-43.37379
4122BL0001U1,3,-22.91566,-43.398149
4122BL0001U2,3,-22.91562,-43.39807
2zs0,3,-22.932441,-43.384544
3039BB0036U2,3,-22.884649,-43.235697
3039O00003C2,3,-22.87843,-43.25517
3040BB0058U2,3,-22.866725,-43.247606
3040BB0059U1,3,-22.865128,-43.247783
2038O00095C0,3,-22.919683,-43.261361
5150O00019C9,3,-22.981104,-43.686183
5150O00021C9,3,-22.981153,-43.685752
4131BO0085U2,3,-23.016364,-43.515884
4131BO0086U1,3,-23.0162,-43.516233
4131O00010C0,3,-22.99214,-43.506012
4130O00001C0,3,-22.987688,-43.48532
2036O00071C0,3,-22.92271,-43.23705
2036O00073C0,3,-22.92006,-43.23865
2036O00074C0,3,-22.9186,-43.23953
5150O00025C9,3,-22.96908,-43.69956
2036O00049S0,3,-22.91011,-43.2384
4122BC0003U1,3,-22.93522,-43.37181
4122BC0003U2,3,-22.93524,-43.3719
4130O00007C0,3,-22.986079,-43.457484
4130O00010C0,3,-22.991363,-43.451338
4130O00021C0,3,-22.98823,-43.45475
4130O00022C0,3,-22.985374,-43.460153
4130O00023C0,3,-22.98233,-43.464057
4130O00024C0,3,-22.982452,-43.467776
4130O00025C0,3,-22.983889,-43.471346
4130O00026C0,3,-22.98689,-43.47726
4130O00027C0,3,-22.987715,-43.481076
4128O00224C0,3,-22.999341,-43.357856
4122O00006C0,3,-22.93722,-43.37038
4122O00007C0,3,-22.940526,-43.368066
4122O00009C0,3,-22.94376,-43.365922
4122O00024C0,3,-22.91952,-43.36871
4122O00028C0,3,-22.923057,-43.379426
4122O00047C0,3,-22.92225,-43.36984
4122O00061C0,3,-22.92017,-43.37764
4122O00063C0,3,-22.9229,-43.3748
4122O00065C0,3,-22.94055,-43.37284
4122O00066C0,3,-22.9455,-43.372301
4122O00067C0,3,-22.91994,-43.37242
2036O00057S9,3,-22.91815,-43.248176
3082O00009C0,3,-22.87774,-43.3268
4122O00257C0,3,-22.915312,-43.40296
4122O00259C0,3,-22.924092,-43.384872
4122O00078C0,3,-22.913728,-43.404746
4122O00084C0,3,-22.92485,-43.38898
4122O00085C0,3,-22.924571,-43.386373
4122O00095C0,3,-22.914749,-43.381758
4122O00097C0,3,-22.914992,-43.384607
4122O00100C0,3,-22.915187,-43.400452
4122O00155C0,3,-22.92844,-43.39232
4122O00157C0,3,-22.93199,-43.387291
4122O00158C0,3,-22.93001,-43.39072
4122O00178C0,3,-22.92225,-43.37775
4122O00180C0,3,-22.919604,-43.379635
3082O00010C0,3,-22.87782,-43.32906
4122O00211C0,3,-22.939261,-43.384134
4123O00005C0,3,-22.91818,-43.36711
4123O00036C0,3,-22.915768,-43.36193
4122O00214C0,3,-22.938055,-43.382936
4122O00215C0,3,-22.936093,-43.382508
4122O00216C0,3,-22.93384,-43.38336
4122O00217C0,3,-22.932686,-43.383537
5144O00582C9,3,-22.949639,-43.561784
2016O00030C0,3,-22.921125,-43.176433
5151O00158C0,3,-22.97538,-43.64792
5144O00057C9,3,-22.874149,-43.553315
5144O00058C9,3,-22.869493,-43.554256
5144O00059C9,3,-22.865943,-43.551108
5144O00060C9,3,-22.864616,-43.548765
5144O00061C9,3,-22.86311,-43.544439
5144O00062C9,3,-22.862763,-43.542073
5144O00114C9,3,-22.91216,-43.54557
5151O00103C9,3,-22.935087,-43.579477
3063O00024C0,3,-22.900616,-43.277198
3063O00068C0,3,-22.89992,-43.279205
3063O00083P0,3,-22.901989,-43.27537
2016O00053C0,3,-22.91913,-43.1768
4122O00254C0,3,-22.931407,-43.388501
j7r6,3,-22.915793,-43.378803
2026O00076C0,3,-22.98471,-43.22297
2026O00078C0,3,-22.98346,-43.22329
2026O00087C0,3,-22.98217,-43.22361
4129O00002C0,3,-22.97687,-43.41672
4129O00003C0,3,-22.97609,-43.41384
5148BM0002U2,3,-22.916824,-43.633009
4122O00284C0,3,-22.91286,-43.4052
ka7n,3,-22.827602,-43.317552
4122O00308C0,3,-22.925681,-43.390707
4123BC0001U1,3,-22.91588,-43.36148
4123BC0001U2,3,-22.9159,-43.36161
5gjm,3,-22.979301,-43.504875
64uh,3,-22.924319,-43.369595
6oh1,3,-22.993135,-43.507138
7uqu,3,-22.899551,-43.211058
2035O00047C0,3,-22.912755,-43.235793
2035O00048C0,3,-22.910828,-43.23775
4124O00018C0,3,-22.891,-43.3477
4124O00019C0,3,-22.89473,-43.34983
4124O00020C0,3,-22.897859,-43.352602
2025O00038C0,3,-22.984883,-43.198536
2026O00007S0,3,-22.98409,-43.221
2029O00028C0,3,-22.97737,-43.22657
2029O00038C0,3,-22.973808,-43.226103
4124O00046C0,3,-22.901318,-43.347259
5144O00054C9,3,-22.88445,-43.556745
5144O00055C9,3,-22.881773,-43.555999
5144O00056C9,3,-22.878683,-43.554531
3061O00015C0,3,-22.900561,-43.266293
3061O00016C0,3,-22.90103,-43.2679
knp4,3,-22.898338,-43.209827
3049O00030C0,3,-22.811163,-43.329832
3061O00041C0,3,-22.901324,-43.269474
3063O00003C0,3,-22.902407,-43.277114
5151O00131C9,3,-22.969942,-43.588749
5151O00132C9,3,-22.974085,-43.58941
5151O00133C0,3,-22.977459,-43.589915
5151O00136C9,3,-22.981786,-43.588257
5151O00137C9,3,-22.985127,-43.590743
5151O00138C9,3,-22.987858,-43.592524
3050O00002C0,3,-22.86957,-43.25945
4124O00054C0,3,-22.893403,-43.34911
4124O00055C0,3,-22.902442,-43.355699
4125O00001C0,3,-22.884747,-43.373722
4125O00002C0,3,-22.8818,-43.37091
4125O00003C0,3,-22.87997,-43.37007
4125O00004C0,3,-22.87836,-43.36964
3050O00003C0,3,-22.87001,-43.26233
4124BC0001U1,3,-22.90469,-43.357
4124BC0001U2,3,-22.904678,-43.357087
4124BC0002U1,3,-22.89805,-43.35245
4124BC0002U2,3,-22.89801,-43.35253
4124O00021C0,3,-22.899775,-43.353918
4124O00022C0,3,-22.90419,-43.35696
3050O00004C0,3,-22.86976,-43.26571
2032O00008S9,3,-22.91608,-43.212
2032O00012S9,3,-22.9158,-43.21098
2032O00015C0,3,-22.91359,-43.21027
2028O00027C0,3,-22.96081,-43.20931
2028O00029C0,3,-22.961153,-43.212366
2028O00031C0,3,-22.961865,-43.215231
2028O00032C0,3,-22.964402,-43.217762
2033O00187C0,3,-22.920869,-43.217647
2033O00188C0,3,-22.919841,-43.215123
2033O00189C0,3,-22.918276,-43.21223
3077O00009C0,3,-22.83734,-43.3399
2035O00077C0,3,-22.911776,-43.234086
3077O00046C1,3,-22.839994,-43.338748
3082O00002C0,3,-22.88283,-43.34025
2033O00245S0,3,-22.91739,-43.225
2033O00249P0,3,-22.9463,-43.25666
2035O00015C0,3,-22.9116,-43.23727
4128BC0001U1,3,-22.99462,-43.36585
4128BC0001U2,3,-22.99461,-43.36593
4128BC0003U1,3,-22.98397,-43.36567
2035O00018S0,3,-22.91266,-43.23625
2035O00019S0,3,-22.91365,-43.23451
2033O00181C0,3,-22.92361,-43.229666
2033O00182C0,3,-22.924382,-43.22783
2033O00183C0,3,-22.925011,-43.226231
2033O00184C0,3,-22.924276,-43.22377
2033O00185C0,3,-22.922754,-43.222164
2033O00186C0,3,-22.921477,-43.219876
2028O00034C0,3,-22.965734,-43.219031
2028O00036C0,3,-22.971011,-43.223365
2033O00026S9,3,-22.92097,-43.22676
2033O00040S9,3,-22.91704,-43.21443
2033O00042S9,3,-22.92163,-43.22848
2033O00111S9,3,-22.923736,-43.232262
4128BO0013U1,3,-23.00011,-43.35249
5142O00061C0,3,-22.87831,-43.49194
3078O00011C0,3,-22.88858,-43.34626
3057O00001C0,3,-22.90786,-43.23862
3057O00002C0,3,-22.90564,-43.241
5142O00073C0,3,-22.89745,-43.48689
1005O00223C0,3,-22.90773,-43.19399
1005O00235C0,3,-22.907849,-43.189799
1005O00239C0,3,-22.9099,-43.17266
1005O00150S0,3,-22.90454,-43.18876
3078O00017C0,3,-22.887332,-43.345203
1005O00155S0,3,-22.90175,-43.18107
1005O00159S0,3,-22.90382,-43.18806
3078O00029C0,3,-22.88288,-43.346556
3082O00051C0,3,-22.882382,-43.333901
3083BC0001U1,3,-22.88213,-43.34185
3083BC0001U2,3,-22.88212,-43.34194
3083BC0003U1,3,-22.87759,-43.336226
5149O00279C9,3,-22.94819,-43.68004
5144O00583C9,3,-22.946336,-43.561349
5144O00584C9,3,-22.938285,-43.558557
8k09,3,-22.907379,-43.168683
4128BC0003U2,3,-22.98396,-43.36576
4128BC0004U1,3,-22.97319,-43.38326
4128BC0004U2,3,-22.97327,-43.38322
4128BL0001U1,3,-22.98957,-43.41762
4128BL0001U2,3,-22.98951,-43.41767
4128BL0003U1,3,-22.97695,-43.40641
4128BL0003U2,3,-22.97692,-43.40647
4128BO0001U1,3,-23.00551,-43.4319
4128BO0001U2,3,-23.00543,-43.43195
4128BO0003C1,3,-23.000831,-43.417485
4128BO0003U1,3,-23.00092,-43.41743
4128BO0005U1,3,-22.99999,-43.40692
4128BO0005U2,3,-22.9999,-43.40689
4128BO0011U1,3,-23.00002,-43.3613
4128BO0011U2,3,-22.99993,-43.36131
4128BO0176U2,3,-23.000013,-43.352481
4128BO0016U2,3,-23.00052,-43.33515
4128BO0018U1,3,-23.00336,-43.32396
4128BO0018U2,3,-23.00327,-43.3239
4128BO0019P1,3,-23.00675,-43.31246
4128BO0019P2,3,-23.0066,-43.31258
5143O00037C0,3,-22.879304,-43.523727
5144O00585C9,3,-22.92711,-43.553586
1005O00197C0,3,-22.905593,-43.182786
1005O00055S0,3,-22.9021,-43.182164
1005O00057S0,3,-22.90319,-43.18456
1005O00060C0,3,-22.90623,-43.193405
5144O00586C9,3,-22.91538,-43.550039
1005O00094C0,3,-22.90988,-43.16846
5144O00634C9,3,-22.930676,-43.574361
z2u6,3,-22.972913,-43.329672
5149O00188C0,3,-22.93973,-43.67352
4128BO0219U1,3,-23.000392,-43.383481
4128O00003C1,3,-23.000458,-43.417253
8pwq,3,-22.965412,-43.647622
a5us,3,-22.871928,-43.246761
3052O00001C0,3,-22.87833,-43.26397
axf5,3,-22.906693,-43.568287
3052O00002C1,3,-22.878337,-43.261822
3052O00003C0,3,-22.880188,-43.259389
uhwn,3,-22.903735,-43.566528
1003O00029C0,3,-22.901252,-43.20969
v5je,3,-22.827812,-43.392167
zz06,3,-22.908018,-43.567022
3083O00040C0,3,-22.88151,-43.34207
xpj6,3,-22.81674,-43.319634
teby,3,-22.854095,-43.383736
uy2h,2,-22.867046,-43.307674
3055O00018C0,2,-22.86638,-43.30161
3055O00019C0,2,-22.865404,-43.299333
3055O00025C0,2,-22.865491,-43.295875
3056O00001C0,2,-22.869024,-43.309495
1005O00046C2,2,-22.90243,-43.181646
1005O00120C2,2,-22.902564,-43.182057
5142O00072C0,2,-22.89489,-43.49064
3058O00020C0,2,-22.89752,-43.25253
3059O00003C0,2,-22.894892,-43.254813
3059O00004C0,2,-22.895635,-43.252768
3056O00012C0,2,-22.86392,-43.30608
3056O00013C0,2,-22.861788,-43.306658
3056O00027C0,2,-22.865406,-43.306937
3056O00030C0,2,-22.863561,-43.307434
3057O00007C0,2,-22.90341,-43.24279
3057O00008C0,2,-22.90218,-43.24448
2033O00175C0,2,-22.928422,-43.2364
2033O00176C0,2,-22.927087,-43.235595
2033O00178C0,2,-22.924441,-43.232888
2033O00025S9,2,-22.920703,-43.223207
2033O00041S9,2,-22.91847,-43.21807
2033O00120S9,2,-22.91935,-43.22004
2033O00129C0,2,-22.920697,-43.225015
2031O00017C0,2,-22.998805,-43.270962
4128O00010C0,2,-23.00071,-43.39259
4128O00011C0,2,-23.00081,-43.38912
4128O00012C0,2,-23.00087,-43.38596
4128O00013C0,2,-23.00077,-43.38151
4128O00015C0,2,-23.000738,-43.376048
2033O00131C0,2,-22.926855,-43.233743
4128O00008C0,2,-23.00062,-43.397412
4128O00001C0,2,-23.00515,-43.42958
4125O00046C0,2,-22.88479,-43.36655
4125O00049C0,2,-22.887341,-43.355566
4125O00050C0,2,-22.889476,-43.356993
4125O00053C0,2,-22.888305,-43.362978
4125O00054C0,2,-22.886288,-43.36507
4126O00001C0,2,-23.009446,-43.290467
4126O00003C0,2,-23.00405,-43.28044
4126O00005C0,2,-23.00158,-43.27619
4124O00031C0,2,-22.90189,-43.34779
2035O00076C0,2,-22.9134,-43.2339
2036O00001S9,2,-22.920008,-43.258301
2033O00236C0,2,-22.920386,-43.225752
2033O00250P0,2,-22.946357,-43.256559
4125O00013C0,2,-22.89059,-43.35986
2035O00028S9,2,-22.91375,-43.23656
2033O00174C0,2,-22.93111,-43.23833
7wme,2,-22.870754,-43.456849
4124O00003C0,2,-22.901801,-43.354926
5148O00041C9,2,-22.91675,-43.63671
5148O00042C9,2,-22.917114,-43.638486
2028O00023C0,2,-22.960193,-43.20439
2028O00025C0,2,-22.960475,-43.206776
2025O00035S0,2,-22.984145,-43.207924
2025O00036S0,2,-22.984346,-43.20405
4128O00130C0,2,-23.00813,-43.29665
4124O00058C0,2,-22.900466,-43.349828
4125O00009C0,2,-22.88248,-43.35847
4125O00010C0,2,-22.88562,-43.35517
4124O00002C0,2,-22.90732,-43.357856
4125O00023C0,2,-22.88944,-43.3617
4125O00025C0,2,-22.88302,-43.36758
4125O00039C0,2,-22.88427,-43.35711
4123O00028C0,2,-22.91108,-43.37797
4123O00029C0,2,-22.908906,-43.378484
4123O00030C0,2,-22.90719,-43.37923
4122O00241C0,2,-22.91444,-43.39668
4122O00242C0,2,-22.914956,-43.398479
2026O00008S0,2,-22.98376,-43.21612
2026O00011S0,2,-22.98382,-43.21824
2026O00095C0,2,-22.98549,-43.2235
5148O00010C9,2,-22.914231,-43.629628
5148O00035C9,2,-22.915734,-43.631757
5148O00043C9,2,-22.917976,-43.642809
5148O00044C9,2,-22.918343,-43.644461
5148O00088C9,2,-22.91602,-43.6337
2036O00055S0,2,-22.916988,-43.261141
5qmc,2,-23.006802,-43.285106
5y57,2,-22.993733,-43.59599
4130O00004C0,2,-22.98273,-43.468298
2036O00088C0,2,-22.914929,-43.235468
2036O00002S9,2,-22.919389,-43.255044
2036O00004S9,2,-22.918919,-43.252401
2036O00012S9,2,-22.91446,-43.23969
2036O00013S9,2,-22.91577,-43.24644
2036O00014S9,2,-22.91629,-43.2526
2036O00050S9,2,-22.915228,-43.243439
2036O00051S9,2,-22.916179,-43.248564
2036O00053S9,2,-22.916893,-43.256594
4130O00005C0,2,-22.982605,-43.463896
4130O00008C0,2,-22.98801,-43.45528
4130O00009C0,2,-22.98901,-43.45412
4128O00204C0,2,-23.008258,-43.293101
4128O00237C0,2,-23.001022,-43.416225
4122O00265C0,2,-22.935607,-43.372015
4120O00087C0,2,-22.936412,-43.3338
2038O00043C1,2,-22.91755,-43.26213
25f9,2,-22.854108,-43.312663
4120O00111C0,2,-22.930853,-43.325907
4120O00114C0,2,-22.931966,-43.328737
4130O00033C0,2,-22.987952,-43.485657
4130O00034C0,2,-22.988131,-43.482186
4130O00035C0,2,-22.98782,-43.480892
4130O00036C0,2,-22.985452,-43.460318
4130O00037C0,2,-22.986362,-43.45742
4130O00038C0,2,-22.99125,-43.451747
4131O00006C0,2,-23.009912,-43.511932
4131O00007C0,2,-23.004969,-43.510663
4131O00013C0,2,-22.987633,-43.503552
4130O00002C0,2,-22.986505,-43.475829
4130O00003C0,2,-22.983975,-43.471194
3041O00050C2,2,-22.857473,-43.258799
3041O00052C2,2,-22.854745,-43.260468
3041O00056C2,2,-22.853242,-43.26223
4131O00040C0,2,-23.00041,-43.508858
4131O00045C0,2,-22.98336,-43.48964
4131O00058C0,2,-23.011886,-43.51353
4130O00032C0,2,-22.986935,-43.489273
3041O00001C0,2,-22.85934,-43.25819
3041O00002C0,2,-22.855657,-43.259737
3041O00004C0,2,-22.85329,-43.26377
3041O00012C0,2,-22.84983,-43.24768
3040O00005C0,2,-22.863002,-43.256953
3040O00006C0,2,-22.861548,-43.257448
4120O00088C0,2,-22.93706,-43.33626
4120O00067C0,2,-22.93374,-43.32914
4120O00086C0,2,-22.93542,-43.33058
4115O00174C0,2,-22.943465,-43.386018
5152O00318C1,2,-23.062002,-43.565561
3042O00048C0,2,-22.856617,-43.266964
5148O00124C9,2,-22.91856,-43.649859
5148O00128C9,2,-22.917465,-43.640322
5148O00137C1,2,-22.91829,-43.651731
4131O00073C0,2,-22.996653,-43.508036
4131O00074C0,2,-22.995431,-43.50781
4131O00075C0,2,-22.992514,-43.506149
4131O00076C0,2,-22.991457,-43.50442
4131O00077C0,2,-22.982328,-43.506081
4131O00078C0,2,-22.980385,-43.50594
4131O00079C0,2,-22.977637,-43.499743
4131O00014C0,2,-22.983665,-43.506013
4131O00018C0,2,-22.976585,-43.494785
4131O00019C0,2,-22.977697,-43.493114
4131O00081C0,2,-22.984652,-43.489826
3156O00012C0,2,-22.863408,-43.268463
3043L00106C0,2,-22.840567,-43.28129
4115O00086C1,2,-22.91878,-43.28417
4115O00087C1,2,-22.92293,-43.28262
4115O00088C1,2,-22.924,-43.28387
4115O00089C0,2,-22.92514,-43.28779
4115O00171C0,2,-22.92515,-43.31512
5151O00305C0,2,-22.985309,-43.56714
5151O00324C9,2,-22.98288,-43.66209
5151O00325C9,2,-22.98677,-43.6544
5151O00333C9,2,-22.943809,-43.56133
5152O00015C0,2,-23.06303,-43.56594
5152O00301C0,2,-23.056808,-43.559969
4115O00172C0,2,-22.928992,-43.321908
4115O00173C0,2,-22.94185,-43.38435
3155O00017C9,2,-22.89032,-43.263713
3155O00018C0,2,-22.890106,-43.26453
3156O00009C0,2,-22.86639,-43.26941
3156O00011C0,2,-22.859209,-43.267522
4132O00005C0,2,-22.99669,-43.45016
4132O00006C0,2,-22.99841,-43.45154
4132O00012C0,2,-23.014055,-43.463671
4132O00013C0,2,-23.01263,-43.458236
4132O00015C0,2,-23.01139,-43.453352
4132O00016C0,2,-23.009997,-43.447691
4132O00017C0,2,-23.00875,-43.44298
4132O00035C0,2,-23.014444,-43.468586
4132O00037C0,2,-23.015308,-43.468796
4132O00038C0,2,-23.014742,-43.46644
4132O00039C0,2,-23.01443,-43.46136
4131O00080C0,2,-22.978856,-43.492278
5151O00303C0,2,-22.987674,-43.560933
5151O00304C0,2,-22.987071,-43.563659
3043O00067C0,2,-22.84563,-43.28245
4132O00044C0,2,-23.024134,-43.457595
4132O00045C0,2,-23.025299,-43.458953
4132O00070C0,2,-23.026915,-43.463577
4132O00072C0,2,-23.02889,-43.468061
4132O00074C0,2,-23.03012,-43.475349
5151O00277C0,2,-22.968805,-43.621667
5151O00283C9,2,-22.97723,-43.638277
3043O00079C0,2,-22.8445,-43.28401
3043O00095C0,2,-22.843998,-43.283484
36fh,2,-22.847407,-43.376427
3155O00003C0,2,-22.886927,-43.250822
3155O00007C0,2,-22.889324,-43.256938
3155O00008C0,2,-22.88811,-43.253369
3109O00021C0,2,-22.83489,-43.39474
3109O00022C0,2,-22.83136,-43.39589
4132O00113C0,2,-23.030182,-43.478133
4132O00123C0,2,-23.005795,-43.457489
4132O00124C0,2,-23.009481,-43.460762
4132O00125C0,2,-23.029203,-43.480269
4132O00126C0,2,-23.023323,-43.520791
4132O00127C0,2,-23.021055,-43.521077
4132O00128C0,2,-23.018969,-43.520303
4132O00130C0,2,-23.016317,-43.519911
4132O00135C0,2,-23.027931,-43.480648
4132O00041C0,2,-23.018979,-43.459581
4132O00042C0,2,-23.02123,-43.458701
5151O00284C9,2,-22.971205,-43.632277
5151O00285C9,2,-22.957839,-43.610655
5151O00302C0,2,-22.986983,-43.557209
3045O00020C0,2,-22.8384,-43.31233
3045O00041C9,2,-22.838375,-43.312159
3045O00042C0,2,-22.83788,-43.31333
3045O00043C9,2,-22.83559,-43.3181
3045O00062C9,2,-22.83354,-43.31871
5151O00221C9,2,-22.97996,-43.66744
5151O00222C9,2,-22.981103,-43.665384
5151O00225C0,2,-22.98437,-43.65939
5151O00238C9,2,-22.98251,-43.6463
4132O00136C0,2,-23.023464,-43.481886
4132O00142C0,2,-23.02163,-43.48264
4132O00146C0,2,-23.016547,-43.460511
5134O00015C9,2,-22.85933,-43.384406
4132O00111C0,2,-23.03074,-43.472596
4132O00112C0,2,-23.030276,-43.4742
3109O00007C0,2,-22.83584,-43.39264
3106O00031C0,2,-22.83796,-43.37957
3106O00032C0,2,-22.83627,-43.3826
3106O00033C0,2,-22.83649,-43.38619
3106O00043C0,2,-22.847364,-43.37267
3106O00053C9,2,-22.84291,-43.37597
2025O00006S0,2,-22.984015,-43.210389
2025O00007S0,2,-22.984586,-43.199731
2025O00009S0,2,-22.983912,-43.21211
2025O00010S0,2,-22.984495,-43.201281
2025O00012S0,2,-22.98612,-43.19546
2024O00048S0,2,-22.96953,-43.18727
2024O00093S0,2,-22.97608,-43.19251
2024O00096S0,2,-22.9783,-43.19061
2024O00097S0,2,-22.97536,-43.18965
3107O00075C0,2,-22.819886,-43.390579
3045O00019C0,2,-22.83662,-43.31767
3102O00012C0,2,-22.79719,-43.19349
3103O00002C0,2,-22.80449,-43.2068
3103O00004C0,2,-22.802226,-43.202912
3103O00008C0,2,-22.79668,-43.20337
3103O00011C9,2,-22.805041,-43.206768
3103O00022C0,2,-22.799214,-43.20293
2024O00016S0,2,-22.9688,-43.18396
2024O00017S0,2,-22.961987,-43.174865
2024O00030S0,2,-22.97362,-43.1913
2024O00032S0,2,-22.983906,-43.191828
2024O00035C2,2,-22.98044,-43.191017
2024O00037S0,2,-22.97113,-43.18675
2024O00039S0,2,-22.96599,-43.17815
3106O00020C0,2,-22.836933,-43.380266
3106O00029C0,2,-22.84075,-43.37755
3106O00030C2,2,-22.838803,-43.378951
3101O00010C0,2,-22.79788,-43.18494
3101O00026C0,2,-22.79763,-43.19244
3101O00027C0,2,-22.79804,-43.19011
3101O00028C0,2,-22.79847,-43.18776
3099O00009C0,2,-22.81886,-43.2016
5137O00023C0,2,-22.892465,-43.394203
5137O00024C0,2,-22.890771,-43.390766
5137O00025C0,2,-22.90466,-43.37994
5137O00026C0,2,-22.90035,-43.38246
5137O00027C0,2,-22.89873,-43.38951
5137O00028C0,2,-22.899222,-43.395109
5137O00029C0,2,-22.897,-43.397889
3102O00005C0,2,-22.79428,-43.19708
3102O00006C0,2,-22.79403,-43.19978
3102O00007C0,2,-22.79438,-43.20133
3102O00010C0,2,-22.79767,-43.20144
3099O00014C9,2,-22.804647,-43.202851
3099O00015C9,2,-22.80609,-43.20014
3099O00023C0,2,-22.81534,-43.206216
3097OZ0017C9,2,-22.78947,-43.18264
5137O00008C0,2,-22.887946,-43.390189
2024O00043S0,2,-22.9716,-43.18967
2024O00045S0,2,-22.9818,-43.19247
2020O00141C0,2,-22.951498,-43.184021
2021O00008S0,2,-22.959026,-43.200876
2024O00004S0,2,-22.96725,-43.18096
2024O00009S0,2,-22.97303,-43.18818
3099O00030C9,2,-22.81636,-43.18811
3099O00033C0,2,-22.818359,-43.196774
3099O00034C0,2,-22.818682,-43.199557
3099O00036C0,2,-22.806818,-43.207417
3101O00001C0,2,-22.79628,-43.18371
3097O00003C0,2,-22.79511,-43.18088
3097OY0012C9,2,-22.79277,-43.18023
3097OY0013C9,2,-22.79473,-43.18017
3097OY0019C9,2,-22.790785,-43.181262
3092O00002C0,2,-22.82035,-43.17762
5147O00044C9,2,-22.904445,-43.613662
5147O00052C9,2,-22.9108,-43.60564
5147O00053C9,2,-22.91127,-43.60809
5147O00054C9,2,-22.911802,-43.61097
5147O00090C9,2,-22.89862,-43.613226
5147O00099C9,2,-22.897678,-43.613364
5138O00017C0,2,-22.867906,-43.413339
3099O00001C0,2,-22.8199,-43.19006
3099O00002C0,2,-22.818649,-43.194307
3099O00003C0,2,-22.817243,-43.203019
3099O00012C9,2,-22.81514,-43.18903
3093O00008C0,2,-22.81825,-43.18809
3093O00009C0,2,-22.81916,-43.18849
3094O00001C0,2,-22.82018,-43.17935
3094O00002C0,2,-22.819477,-43.18254
dg5y,2,-22.82034,-43.392077
2020O00015S0,2,-22.956687,-43.17734
5147O00030C9,2,-22.895365,-43.611756
5147O00042C9,2,-22.910532,-43.61434
5147O00043C9,2,-22.907702,-43.613986
3099O00004C0,2,-22.816406,-43.205017
3099O00005C9,2,-22.812863,-43.207504
3099O00006C0,2,-22.81083,-43.20869
3099O00007C0,2,-22.808416,-43.207472
3094O00009C0,2,-22.82046,-43.180934
3094O00010C0,2,-22.81906,-43.183021
3094O00011C0,2,-22.816895,-43.185533
3090O00110C0,2,-22.85606,-43.367205
3091O00001C0,2,-22.825,-43.17082
3091O00002C0,2,-22.82525,-43.17214
3091O00003C0,2,-22.8245,-43.17321
3091O00004C0,2,-22.82369,-43.17484
3092O00001C0,2,-22.82204,-43.17705
3090O00040C0,2,-22.8708,-43.37536
5139O00033C9,2,-22.886879,-43.43583
5139O00034C9,2,-22.88557,-43.436769
5139O00035C9,2,-22.883918,-43.438152
5139O00036C9,2,-22.8821,-43.43984
5138O00084C0,2,-22.86844,-43.415199
5138O00090C9,2,-22.868833,-43.418975
3090O00080C2,2,-22.865641,-43.373783
3093O00001C0,2,-22.81645,-43.18615
3093O00002C9,2,-22.81473,-43.18829
3090O00046C9,2,-22.86506,-43.37345
3090O00047C0,2,-22.86249,-43.36585
3090O00050C0,2,-22.85834,-43.36416
3090O00051C0,2,-22.85744,-43.370262
3090O00052C0,2,-22.855105,-43.370624
3090O00053C0,2,-22.85418,-43.37078
3090O00054C0,2,-22.85286,-43.37099
3090O00065C0,2,-22.859004,-43.374003
3090O00072C0,2,-22.857105,-43.366164
3090O00074C0,2,-22.853717,-43.376421
3090O00078C2,2,-22.86849,-43.37547
5146O00049C9,2,-22.91042,-43.603637
5139O00047C0,2,-22.86938,-43.43067
3090O00081C2,2,-22.863542,-43.3722
3090O00098C1,2,-22.86039,-43.37227
3090O00100C0,2,-22.851068,-43.37104
5149O00097C9,2,-22.916697,-43.664093
5149O00098C9,2,-22.916247,-43.667708
5149O00099C9,2,-22.912307,-43.679215
5149O00102C9,2,-22.913013,-43.683885
fcs4,2,-22.853631,-43.384291
5145O00045C9,2,-22.89666,-43.53598
5139O00102C9,2,-22.890433,-43.429707
5139O00111C9,2,-22.886583,-43.416586
5146O00020C9,2,-22.90576,-43.58057
5146O00021C9,2,-22.906927,-43.585948
5146O00022C9,2,-22.907563,-43.589299
5146O00023C9,2,-22.908105,-43.592306
5146O00024C9,2,-22.908675,-43.596312
5146O00048C9,2,-22.909924,-43.601119
3090O00013C0,2,-22.85997,-43.36575
3090O00045C0,2,-22.86708,-43.37469
5149O00105C9,2,-22.908933,-43.697523
5149O00106C9,2,-22.90778,-43.701447
5149O00107C9,2,-22.905809,-43.708033
5149O00108C9,2,-22.90415,-43.71371
5149O00109C9,2,-22.902065,-43.720356
5149O00158C9,2,-22.93746,-43.65527
5145O00031C9,2,-22.89795,-43.53756
5145O00034C9,2,-22.90178,-43.5399
5145O00035C9,2,-22.90399,-43.5403
5145O00042C9,2,-22.90198,-43.53975
5145O00043C9,2,-22.89946,-43.53906
5145O00044C9,2,-22.89798,-43.53741
e4x2,2,-22.90483,-43.356878
fbm0,2,-22.979533,-43.504046
5149O00095C9,2,-22.917787,-43.655588
5149O00096C9,2,-22.917307,-43.659381
3052O00011C0,2,-22.88424,-43.26342
3083O00089C0,2,-22.871873,-43.336324
3083O00090C0,2,-22.861772,-43.330931
3083O00013C0,2,-22.87697,-43.33413
5139O00149C9,2,-22.865475,-43.447674
5139O00150C9,2,-22.868077,-43.426916
5139O00151C9,2,-22.868422,-43.429951
5139O00154C0,2,-22.868263,-43.423771
2018O00025C0,2,-22.928074,-43.176898
5145O00029C9,2,-22.89639,-43.53597
3084O00006C9,2,-22.86031,-43.32992
3084O00022C0,2,-22.858614,-43.329665
3083O00067C0,2,-22.870317,-43.341938
3083O00087C0,2,-22.87121,-43.33608
5149O00103C9,2,-22.910686,-43.691596
5149O00104C9,2,-22.90976,-43.69476
5149O00233C0,2,-22.88985,-43.71744
5149O00276C9,2,-22.913221,-43.684548
5139O00192C9,2,-22.884623,-43.40678
5139O00193C9,2,-22.887574,-43.413233
5139O00196C9,2,-22.889129,-43.428259
5139O00197C0,2,-22.892028,-43.431519
5144OY0451C9,2,-22.895409,-43.584199
5145O00011C9,2,-22.89934,-43.53914
5139O00169C9,2,-22.868218,-43.425417
5139O00148C9,2,-22.868369,-43.443512
3083O00021C9,2,-22.86334,-43.3326
3083O00022C9,2,-22.86512,-43.33427
3083O00023C0,2,-22.86624,-43.33469
3051O00014C0,2,-22.890964,-43.258547
3051O00015C0,2,-22.892423,-43.255921
3051O00017C0,2,-22.89007,-43.254194
5149O00289C9,2,-22.904928,-43.711101
5149O00290C9,2,-22.903075,-43.717394
5149O00294C9,2,-22.911812,-43.687952
5149O00302C9,2,-22.91689,-43.662651
5150O00016C9,2,-22.98478,-43.695061
3082O00013C1,2,-22.8828,-43.32159
3082O00014C1,2,-22.88227,-43.3239
5144O00560C9,2,-22.905291,-43.577174
5144O00579C9,2,-22.924593,-43.551948
5144O00581C9,2,-22.932472,-43.555788
5139O00190C9,2,-22.885924,-43.409436
indd,2,-22.853683,-43.384151
j2kf,2,-22.849243,-43.378894
5139O00191C9,2,-22.886563,-43.411454
3052O00012C0,2,-22.88315,-43.26153
5149O00230C0,2,-22.9151,-43.68275
3082O00016C0,2,-22.88163,-43.32648
5150O00037C0,2,-22.98046,-43.69074
5150O00038C0,2,-22.98189,-43.69186
5150O00039C0,2,-22.9836,-43.69323
5150O00051C0,2,-22.98351,-43.69304
5144O00539C9,2,-22.911925,-43.545145
5144O00540C9,2,-22.904414,-43.540369
le9b,2,-22.870242,-43.433138
ln65,2,-22.908343,-43.231313
1z95,2,-22.853957,-43.313773
1012O00045C0,2,-22.89609,-43.2406
114y,2,-22.846947,-43.375625
5144O00545C9,2,-22.91322,-43.5457
5144O00546C9,2,-22.914275,-43.548355
5144O00548C9,2,-22.914295,-43.549128
5149O00288C9,2,-22.906908,-43.704503
5144O00449C9,2,-22.893643,-43.584517
5144O00469C0,2,-22.898023,-43.574822
5139O00259C9,2,-22.868454,-43.42193
5139O00260C9,2,-22.866952,-43.445521
1161O00023C0,2,-22.91488,-43.18542
1161O00024C0,2,-22.914449,-43.183434
1161O00025C0,2,-22.91374,-43.18104
1161O00026C0,2,-22.913659,-43.179271
1011O00012C9,2,-22.900175,-43.234575
1011O00013C0,2,-22.900272,-43.24078
1012O00030C0,2,-22.89531,-43.24103
5144O00473C0,2,-22.904038,-43.55413
5144O00474C0,2,-22.903088,-43.551556
5144O00475C0,2,-22.904893,-43.556172
5144O00538C9,2,-22.910032,-43.544653
3082O00015C0,2,-22.880945,-43.324178
3081O00006C0,2,-22.87638,-43.32077
3081O00007C0,2,-22.87606,-43.32165
3081O00008C0,2,-22.874712,-43.323847
3079O00010C1,2,-22.88353,-43.31986
3079O00011C1,2,-22.88489,-43.31306
3079O00012C1,2,-22.884551,-43.315317
5150O00065C9,2,-22.970349,-43.689833
5150O00067C9,2,-22.9716,-43.68506
5150O00068C9,2,-22.97403,-43.68128
1010O00112C9,2,-22.9003,-43.223247
5140O00047C9,2,-22.86366,-43.45022
5140O00051C0,2,-22.86227,-43.45246
5144O00442C9,2,-22.887788,-43.579412
5144O00444C9,2,-22.889483,-43.579589
5144O00446C9,2,-22.890987,-43.579919
5144O00447C9,2,-22.892273,-43.582405
5150O00072C9,2,-22.97788,-43.67547
5150O00081C9,2,-22.98029,-43.69761
5150O00083C9,2,-22.97184,-43.69248
3076O00146C0,2,-22.820558,-43.319558
5144O00341C9,2,-22.880409,-43.580919
5144O00343C9,2,-22.906911,-43.541964
5144O00344C9,2,-22.908511,-43.543421
5144O00345C9,2,-22.90997,-43.54479
5144O00409C9,2,-22.899311,-43.560793
1012O00037C0,2,-22.89406,-43.23986
1012O00038C0,2,-22.89556,-43.24011
1010O00100C0,2,-22.904526,-43.219472
1010O00105C0,2,-22.90735,-43.221704
3080O00009C0,2,-22.87021,-43.311756
3080O00010C0,2,-22.87136,-43.31306
3080O00012C0,2,-22.874503,-43.316141
3076O00121C1,2,-22.835751,-43.318185
5150O00092C9,2,-22.97268,-43.68289
5150O00100C0,2,-22.981913,-43.697112
1011O00001C0,2,-22.90138,-43.241176
1011O00003C0,2,-22.90883,-43.2332
1011O00004C0,2,-22.90265,-43.24098
1011O00006C0,2,-22.908594,-43.234549
1011O00007C0,2,-22.907576,-43.237154
1011O00008C0,2,-22.905917,-43.239234
1011O00009C0,2,-22.904788,-43.240031
1010O00057C0,2,-22.898528,-43.219336
1010O00058C0,2,-22.89796,-43.21823
1010O00066C0,2,-22.900648,-43.232294
5144O00340C9,2,-22.878178,-43.582114
5150O00069C0,2,-22.97612,-43.68084
5150O00071C9,2,-22.97801,-43.677
3075O00004C9,2,-22.83133,-43.31893
3075O00008C0,2,-22.828756,-43.319292
1010O00083C0,2,-22.90383,-43.21625
3076O00030C9,2,-22.82221,-43.32352
3076O00031C9,2,-22.8235,-43.32468
3076O00032C9,2,-22.825443,-43.325882
3076O00033C9,2,-22.82671,-43.32564
3076O00034C9,2,-22.827902,-43.325026
3074O00032C1,2,-22.8446,-43.313
3074O00033C1,2,-22.84582,-43.31227
3074O00034C1,2,-22.8479,-43.31108
5150O00101C0,2,-22.981585,-43.694915
3076O00037C0,2,-22.83746,-43.31638
3076O00038C9,2,-22.837267,-43.314822
3076O00039C0,2,-22.83791,-43.31385
3076O00049C9,2,-22.83022,-43.32904
3073O00041C0,2,-22.85872,-43.30858
3073O00042C0,2,-22.860477,-43.30759
3074O00021C2,2,-22.84833,-43.31053
3074O00022C2,2,-22.84652,-43.31155
3074O00023C2,2,-22.84448,-43.31276
3074O00024C2,2,-22.84292,-43.31352
3074O00025C2,2,-22.8411,-43.31328
1010O00067C9,2,-22.90022,-43.23003
1010O00068C9,2,-22.899786,-43.228369
1010O00070C9,2,-22.90052,-43.22503
3052O00017C0,2,-22.88606,-43.26408
3053O00003C0,2,-22.874197,-43.266811
3053O00005C0,2,-22.876446,-43.266144
3075O00001C0,2,-22.82912,-43.31935
3075O00002C0,2,-22.83041,-43.31915
3075O00003C9,2,-22.83273,-43.31891
5144O00258C9,2,-22.882537,-43.580371
5144O00259C9,2,-22.884636,-43.579696
5144O00260C9,2,-22.886398,-43.579321
5144O00272C9,2,-22.903759,-43.569616
5144O00273C9,2,-22.904445,-43.57315
5144O00277C9,2,-22.936138,-43.55769
5144O00278C9,2,-22.938865,-43.558956
5144O00279C9,2,-22.94143,-43.56035
5141O00078C0,2,-22.869344,-43.482723
5141O00084C9,2,-22.864136,-43.465028
5141O00085C0,2,-22.86054,-43.46529
5141O00092C0,2,-22.87539,-43.47087
3051O00011C0,2,-22.894336,-43.257409
5151O00009C9,2,-22.951448,-43.60634
5151O00010C9,2,-22.952956,-43.608629
3073O00039C0,2,-22.853247,-43.314876
5151O00033C0,2,-22.99264,-43.54437
5151O00034C0,2,-22.991659,-43.546076
5151O00035C0,2,-22.990854,-43.547922
3072O00015C2,2,-22.85313,-43.30816
3072O00016C2,2,-22.8514,-43.30897
3072O00017C1,2,-22.85428,-43.30791
3072O00018C1,2,-22.85527,-43.30766
3072O00020C1,2,-22.85662,-43.30851
5141O00161C9,2,-22.86365,-43.46268
5144O00196C9,2,-22.915889,-43.550327
5144O00197C9,2,-22.92012,-43.55133
5144O00198C9,2,-22.92195,-43.55104
5144O00226C9,2,-22.899952,-43.563434
5144O00227C9,2,-22.903146,-43.56652
5141O00112C0,2,-22.87828,-43.46968
5141O00113C0,2,-22.87644,-43.46967
5144O00161C0,2,-22.87916,-43.5437
5144O00163C0,2,-22.88242,-43.54847
5144O00164C0,2,-22.883919,-43.549505
5141O00157C9,2,-22.862309,-43.455002
5141O00158C9,2,-22.862165,-43.457428
5141O00159C0,2,-22.86194,-43.45924
1010O00049C0,2,-22.89692,-43.21672
1010O00050C0,2,-22.89578,-43.21521
ml3j,2,-22.856129,-43.310069
o25h,2,-22.853915,-43.38417
o4ce,2,-22.912214,-43.388966
5141O00160C9,2,-22.861928,-43.46056
3074O00026C2,2,-22.849522,-43.309854
3074O00030C1,2,-22.84067,-43.31333
3074O00031C1,2,-22.84295,-43.31378
5151O00031C0,2,-22.99508,-43.54381
3072O00008C0,2,-22.85536,-43.30741
3072O00014C2,2,-22.856811,-43.308274
5151O00037C0,2,-22.989914,-43.550176
5151O00038C0,2,-22.98883,-43.55272
5151O00039C0,2,-22.98739,-43.55926
5151O00041C0,2,-22.985176,-43.572114
5151O00042C0,2,-22.986575,-43.574135
5151O00043C0,2,-22.987824,-43.575887
5151O00046C0,2,-22.98994,-43.57798
5151O00047C0,2,-22.99236,-43.58109
5151O00048C0,2,-22.99465,-43.58369
3070O00005C1,2,-22.8846,-43.29814
5144O00157C0,2,-22.87743,-43.53321
5144O00158C0,2,-22.877747,-43.535955
5144O00159C0,2,-22.878375,-43.537706
5144O00160C0,2,-22.879365,-43.539923
3068O00013C0,2,-22.89584,-43.30157
3069O00011C1,2,-22.88639,-43.30314
3069O00012C1,2,-22.88659,-43.306
3069O00013C1,2,-22.88614,-43.30788
3069O00014C1,2,-22.8852,-43.31011
5151O00074C0,2,-23.060428,-43.56326
5144O00147C0,2,-22.896745,-43.576507
5144O00148C9,2,-22.899759,-43.573237
1008O00004S0,2,-22.90786,-43.19828
1008O00006S0,2,-22.909737,-43.206137
1008O00024S0,2,-22.908045,-43.200742
otxw,2,-22.828081,-43.330538
oua6,2,-22.938315,-43.247061
3073O00018C0,2,-22.85806,-43.30835
3073O00033C1,2,-22.84959,-43.31013
3072O00004C9,2,-22.8523,-43.30884
5151O00076C9,2,-22.98749,-43.65144
5151O00080C9,2,-22.98009,-43.643576
5151O00081C0,2,-22.969714,-43.6267
5151O00170C9,2,-22.953716,-43.572692
5151O00171C9,2,-22.955646,-43.57644
5151O00178C0,2,-22.996252,-43.589978
5151O00182C0,2,-22.993834,-43.582728
5151O00184C0,2,-22.991169,-43.579511
5151O00192C0,2,-22.98792,-43.55512
5142O00032C0,2,-22.87133,-43.48557
5141O00313C9,2,-22.864725,-43.463426
3070O00006C1,2,-22.88538,-43.30128
3071O00016C1,2,-22.88154,-43.29443
3071O00017C1,2,-22.882831,-43.29628
3066O00012C0,2,-22.89579,-43.298812
3066O00051C0,2,-22.895751,-43.296539
3063O00013C9,2,-22.904487,-43.27298
3063O00014C0,2,-22.904107,-43.275817
5151O00118C9,2,-22.98773,-43.65175
5144O00116C9,2,-22.907029,-43.541848
5144O00119C9,2,-22.9281,-43.55457
q404,2,-23.030202,-43.479952
qcc5,2,-22.865443,-43.299728
1005O00371C1,2,-22.901278,-43.18014
3065O00028C0,2,-22.88791,-43.26594
5151O00087C9,2,-22.955686,-43.610065
5151O00220C9,2,-22.97798,-43.67163
3052O00013C0,2,-22.88242,-43.26045
5151O00086C9,2,-22.960318,-43.611402
3065O00040C2,2,-22.88867,-43.27465
3065O00041C2,2,-22.88719,-43.2763
3065O00056C0,2,-22.889237,-43.26632
3058O00006C9,2,-22.90026,-43.24503
3061O00031C1,2,-22.91538,-43.27062
3061O00046C1,2,-22.916062,-43.274814
3061O00047C0,2,-22.915859,-43.262721
3062O00027C1,2,-22.917315,-43.282286
3062O00028C1,2,-22.91775,-43.283238
5144O00067C9,2,-22.90144,-43.55557
5142O00045C0,2,-22.869796,-43.508128
5142O00050C9,2,-22.89334,-43.484735
5142O00053C9,2,-22.890545,-43.482548
5142O00054C9,2,-22.891212,-43.483839
5144O00103C0,2,-22.89597,-43.58231
5144O00104C0,2,-22.89624,-43.58038
5144O00105C0,2,-22.895837,-43.578091
5144O00115C9,2,-22.908517,-43.543169
5151O00104C0,2,-22.969457,-43.625365
3057O00009C0,2,-22.90105,-43.24451
3055O00003C0,2,-22.865417,-43.298249
5142O00079C9,2,-22.894112,-43.484546
1005O00234C0,2,-22.908392,-43.189263
1005O00172C0,2,-22.90731,-43.183
5151O00165C9,2,-22.946038,-43.561478
5151O00166C9,2,-22.948199,-43.561638
5151O00167C9,2,-22.95064,-43.56308
3061O00012C2,2,-22.91302,-43.26663
3061O00013C0,2,-22.91324,-43.26539
3061O00021C1,2,-22.916411,-43.276251
3061O00028C1,2,-22.914931,-43.265704
3061O00030C0,2,-22.915282,-43.268613
3058O00003C0,2,-22.90047,-43.25224
3058O00004C9,2,-22.90098,-43.25107
3058O00005C9,2,-22.90092,-43.2481
yj0z,2,-22.882102,-43.349994
03gr,2,-23.00133,-43.36601
1005L00022S0,2,-22.90591,-43.19395
1005O00013S0,2,-22.90677,-43.19493
5143O00020C0,2,-22.87057,-43.509368
5143O00022C0,2,-22.87394,-43.514985
5143O00023C0,2,-22.87355,-43.51788
3054O00039C0,2,-22.87194,-43.28322
3054O00040C0,2,-22.872977,-43.284714
3054O00042C0,2,-22.87228,-43.287582
3054O00043C0,2,-22.87104,-43.28866
3054O00044C0,2,-22.86916,-43.29164
3055O00001C0,2,-22.86567,-43.30098
3053O00019C0,2,-22.879651,-43.268236
3055O00016C0,2,-22.8682,-43.29491
3055O00017C0,2,-22.86748,-43.29752
4128O00002C0,2,-23.00346,-43.424448
4128O00003C0,2,-23.001691,-43.418949
4128O00005C0,2,-23.000633,-43.413882
4128O00006C0,2,-23.000324,-43.408534
4128O00007C0,2,-23.00041,-43.40392
4128O00016C0,2,-23.000623,-43.372192
94xa,2,-22.853853,-43.383752
9ttc,2,-22.850079,-43.379286
b54b,2,-22.850541,-43.381362
0k8e,2,-22.86248,-43.402276
weqe,2,-22.854156,-43.391272
3054O00008C0,2,-22.87193,-43.27676
5151O00168C9,2,-22.950338,-43.566412
5151O00169C9,2,-22.95137,-43.569794
wpvn,2,-22.907724,-43.22974
xkbl,2,-22.993854,-43.59607
0pcp,1,-22.893831,-43.305585
1002O00001C0,1,-22.89797,-43.1954
1002O00004C0,1,-22.89541,-43.1964
1002O00007C0,1,-22.8984,-43.18773
1002O00008C0,1,-22.90064,-43.19296
1002O00012C2,1,-22.894498,-43.190443
1002O00013C0,1,-22.89538,-43.18789
1003O00015C0,1,-22.898842,-43.207794
1003O00016C0,1,-22.897528,-43.205672
1003O00020C0,1,-22.896005,-43.203354
1003O00023C0,1,-22.89451,-43.198069
1003O00067C2,1,-22.894509,-43.197401
xevh,1,-22.87082,-43.456464
xv82,1,-22.821186,-43.320256
1005O00224C0,1,-22.9078,-43.19226
1005O00218C0,1,-22.91051,-43.172587
1007O00024C0,1,-22.91992,-43.20858
1007O00023C0,1,-22.92177,-43.20882
1007O00022C0,1,-22.92342,-43.20786
1007O00021C0,1,-22.923657,-43.206368
1007O00020C0,1,-22.92555,-43.20513
1007O00019C0,1,-22.929946,-43.201885
1005O00364C0,1,-22.908115,-43.170819
1005O00260C0,1,-22.90957,-43.17046
1005O00259C0,1,-22.909364,-43.180294
1005O00258C0,1,-22.9088,-43.18051
qhgq,1,-22.89085,-43.309453
p35k,1,-22.893584,-43.321737
ozul,1,-22.892359,-43.307497
ohzk,1,-23.001558,-43.365079
5142O00033C0,1,-22.871644,-43.488255
5142O00031C0,1,-22.87147,-43.49064
5142O00030C0,1,-22.87164,-43.49214
5142O00029C0,1,-22.872807,-43.495084
5142O00028C0,1,-22.872513,-43.498281
5142O00027C0,1,-22.87363,-43.50235
5142O00026C0,1,-22.87195,-43.50565
5142O00025C9,1,-22.869697,-43.508367
5142O00024C0,1,-22.87096,-43.50935
5144O00113C9,1,-22.91108,-43.54729
5144O00112C9,1,-22.910108,-43.548921
5144O00111C9,1,-22.90926,-43.55019
5142O00049C0,1,-22.87353,-43.48767
5142O00048C0,1,-22.87441,-43.48719
5142O00047C0,1,-22.874384,-43.484984
5142O00044C0,1,-22.87253,-43.50491
5141O00292C0,1,-22.875013,-43.456653
5141O00290C0,1,-22.88028,-43.46641
5141O00289C0,1,-22.885007,-43.463361
5141O00288C9,1,-22.893432,-43.454824
5141O00278C0,1,-22.86894,-43.48313
5141O00277C0,1,-22.87913,-43.4689
5141O00258C0,1,-22.89088,-43.454784
5144O00152C9,1,-22.903446,-43.567138
5144O00146C0,1,-22.878156,-43.536229
5144O00145C0,1,-22.879498,-43.539742
5144O00144C0,1,-22.879728,-43.542065
5144O00143C0,1,-22.88245,-43.54823
5144O00142C0,1,-22.883994,-43.549333
5141O00316C9,1,-22.890136,-43.454646
5141O00305C0,1,-22.885244,-43.460452
5141O00304C0,1,-22.881067,-43.462973
5141O00172C0,1,-22.885375,-43.461007
5141O00171C0,1,-22.885145,-43.463242
5141O00135C0,1,-22.87401,-43.48107
5141O00235C0,1,-22.86644,-43.47747
5141O00234C9,1,-22.868422,-43.47749
5141O00233C0,1,-22.870363,-43.469598
5141O00232C0,1,-22.867959,-43.470217
5141O00231C9,1,-22.866085,-43.471312
5141O00208C9,1,-22.862039,-43.460317
5141O00207C9,1,-22.863524,-43.462405
5141O00206C9,1,-22.865081,-43.463524
5141O00203C0,1,-22.86987,-43.47761
5141O00196C0,1,-22.87509,-43.46078
5141O00195C0,1,-22.87505,-43.45896
5144O00167C0,1,-22.885067,-43.555716
5141O00303C0,1,-22.881148,-43.458257
5141O00131C0,1,-22.87407,-43.4724
5141O00130C0,1,-22.87407,-43.46937
5141O00124C9,1,-22.862417,-43.456192
5141O00123C9,1,-22.8623,-43.457272
5141O00111C0,1,-22.867808,-43.477604
5141O00110C0,1,-22.869833,-43.483052
5144O00256C9,1,-22.883497,-43.567393
5144O00255C9,1,-22.883954,-43.565638
5144O00254C0,1,-22.88408,-43.5641
5144O00225C9,1,-22.884412,-43.557
5141O00179C0,1,-22.86881,-43.46985
5141O00178C0,1,-22.872915,-43.468969
5141O00176C0,1,-22.88859,-43.454481
5141O00175C9,1,-22.887064,-43.455222
5141O00174C0,1,-22.88557,-43.45666
5141O00173C9,1,-22.885338,-43.459394
5141O00108C0,1,-22.8671,-43.47904
5141O00107C0,1,-22.86439,-43.47494
5141O00081C0,1,-22.86467,-43.47523
5141O00080C0,1,-22.866129,-43.477675
5141O00079C0,1,-22.86825,-43.48015
5144O00285C9,1,-22.918353,-43.531302
5144O00284C9,1,-22.916475,-43.537295
5144O00283C9,1,-22.916333,-43.539302
5144O00282C9,1,-22.91403,-43.54259
5144O00281C9,1,-22.913032,-43.544226
5144O00276C9,1,-22.903915,-43.569532
5144O00275C9,1,-22.904644,-43.573222
5144O00257C9,1,-22.884244,-43.569327
5141O00134C0,1,-22.87402,-43.47847
5141O00133C0,1,-22.87404,-43.47633
5141O00132C0,1,-22.874104,-43.474539
5144O00342C9,1,-22.901173,-43.573531
5144O00339C9,1,-22.876404,-43.582763
5144O00338C9,1,-22.875051,-43.581226
5141O00028C9,1,-22.87667,-43.46361
5141O00077C0,1,-22.885277,-43.461404
5141O00076C0,1,-22.88522,-43.45941
5141O00075C0,1,-22.88527,-43.456858
5141O00058C9,1,-22.880212,-43.463576
5141O00057C9,1,-22.88165,-43.463553
5141O00056C9,1,-22.884433,-43.463518
5141O00055C9,1,-22.88589,-43.46397
5144O00312C9,1,-22.912045,-43.556818
5144O00311C9,1,-22.914356,-43.554154
5144O00288C9,1,-22.92575,-43.51564
5144O00287C0,1,-22.92566,-43.51756
5141O00109C0,1,-22.868437,-43.481891
5144O00394P9,1,-22.90197,-43.55501
5144O00389C0,1,-22.874287,-43.579728
5144O00388C0,1,-22.87663,-43.57456
5144O00386C0,1,-22.879459,-43.573448
5140O00107C9,1,-22.863801,-43.450337
5140O00106C9,1,-22.862387,-43.45333
5140O00104C0,1,-22.880767,-43.453276
5140O00102C0,1,-22.869597,-43.44367
5140O00099C0,1,-22.874899,-43.451262
5140O00098C9,1,-22.88377,-43.441874
5140O00097C9,1,-22.882419,-43.440604
5140O00090C0,1,-22.8882,-43.454335
5140O00087C9,1,-22.8913,-43.44899
5140O00086C9,1,-22.894165,-43.45171
5144O00385C0,1,-22.88307,-43.570716
5144O00367C0,1,-22.884496,-43.561176
5144O00457C9,1,-22.907354,-43.560476
5144O00433C0,1,-22.901446,-43.560665
5144O00429C0,1,-22.9165,-43.50519
5140O00085C9,1,-22.89437,-43.4518
5140O00078C9,1,-22.88678,-43.444707
5140O00077C9,1,-22.885789,-43.443776
5140O00076C9,1,-22.884491,-43.442567
5140O00074C0,1,-22.893712,-43.45372
5140O00065C9,1,-22.866853,-43.445908
5140O00064C9,1,-22.86493,-43.448643
5140O00063C0,1,-22.86246,-43.452399
5140O00062C0,1,-22.881534,-43.45566
5140O00055C0,1,-22.874952,-43.453149
5140O00041C9,1,-22.882242,-43.440311
5144O00408C0,1,-22.89985,-43.55893
5144O00406C0,1,-22.874854,-43.576511
5139O00256C0,1,-22.873361,-43.424614
5139O00252C9,1,-22.885491,-43.408598
5140O00040C9,1,-22.88372,-43.44169
5140O00039C9,1,-22.884564,-43.4425
5140O00038C9,1,-22.885582,-43.44346
5140O00037C9,1,-22.887258,-43.445038
5140O00036C9,1,-22.890083,-43.447729
5140O00035C9,1,-22.89148,-43.44904
5140O00034C9,1,-22.893027,-43.450521
5140O00029C0,1,-22.88717,-43.454811
5140O00028C0,1,-22.890245,-43.45444
5140O00026C0,1,-22.893639,-43.453633
5140O00024C9,1,-22.893034,-43.450655
5140O00023C9,1,-22.889841,-43.447617
5140O00022C9,1,-22.888208,-43.446082
5144O00472C0,1,-22.94607,-43.57675
5139O00215C9,1,-22.881803,-43.420893
5139O00214C9,1,-22.879891,-43.422639
5139O00210C9,1,-22.8919,-43.41723
5139O00209C9,1,-22.89665,-43.442713
5139O00208C9,1,-22.897703,-43.44177
5139O00207C9,1,-22.88575,-43.43675
5144O00526C0,1,-22.873853,-43.578323
5144O00523C9,1,-22.887414,-43.56055
5144O00521C9,1,-22.902681,-43.574319
5144O00518C0,1,-22.884381,-43.561469
5144O00485P9,1,-22.90168,-43.55506
5140O00009C0,1,-22.87924,-43.44491
5139O00263C9,1,-22.868661,-43.42108
5139O00262C9,1,-22.869206,-43.436003
5139O00261C9,1,-22.869097,-43.437714
5139O00257C0,1,-22.871363,-43.430237
5144O00628C9,1,-22.92207,-43.514299
5139O00201C9,1,-22.887707,-43.435794
5139O00200C9,1,-22.891759,-43.43967
5139O00199C9,1,-22.895116,-43.437342
5139O00198C9,1,-22.893673,-43.435615
5139O00189C9,1,-22.884755,-43.406756
5144O00570C9,1,-22.9252,-43.519115
5144O00569C9,1,-22.922547,-43.526598
5144O00568C9,1,-22.920967,-43.528176
5144O00567C9,1,-22.920183,-43.529082
5144O00566C9,1,-22.916981,-43.533476
5144O00559C0,1,-22.878642,-43.537768
5144O00558C0,1,-22.884914,-43.551938
5144O00557C0,1,-22.884898,-43.553029
5144O00549C9,1,-22.914174,-43.55167
5139O00247C9,1,-22.878745,-43.442741
5139O00137C0,1,-22.89504,-43.44296
5139O00188C9,1,-22.886281,-43.409845
5139O00187C9,1,-22.886659,-43.411433
5139O00186C9,1,-22.887477,-43.412855
5139O00185C9,1,-22.89056,-43.42151
5139O00184C9,1,-22.890325,-43.425923
5139O00183C9,1,-22.890684,-43.429849
5139O00182C9,1,-22.891944,-43.431267
5139O00181C9,1,-22.89359,-43.43336
5139O00180C9,1,-22.89545,-43.437554
5139O00179C9,1,-22.884321,-43.437942
5139O00170C9,1,-22.868475,-43.423075
5139O00168C9,1,-22.868969,-43.439774
5139O00163C9,1,-22.868905,-43.44101
5139O00162C0,1,-22.87031,-43.43105
5139O00160C0,1,-22.87013,-43.43428
5139O00132C9,1,-22.888856,-43.437031
5139O00127C0,1,-22.86985,-43.43916
5139O00122C9,1,-22.874171,-43.429415
5139O00110C9,1,-22.88469,-43.418307
5139O00109C9,1,-22.883546,-43.419325
5139O00107C9,1,-22.878568,-43.427638
5139O00106C0,1,-22.87669,-43.42737
5139O00103C0,1,-22.89353,-43.43348
5139O00146C0,1,-22.87421,-43.42639
5139O00145C0,1,-22.872467,-43.422768
5139O00144C9,1,-22.88912,-43.428127
5139O00143C0,1,-22.89286,-43.43241
5139O00142C9,1,-22.893948,-43.435285
5139O00141C9,1,-22.896704,-43.438743
5139O00140C9,1,-22.898192,-43.440362
5139O00139C9,1,-22.896681,-43.442799
5139O00025C9,1,-22.896727,-43.438963
5139O00069C9,1,-22.88916,-43.426982
5139O00062C9,1,-22.887022,-43.435841
5139O00046C0,1,-22.87283,-43.429909
5139O00092C9,1,-22.86836,-43.4283
5139O00075C9,1,-22.889453,-43.414481
5139O00074C9,1,-22.891066,-43.416187
5139O00073C9,1,-22.892542,-43.418748
5139O00071C9,1,-22.889783,-43.422213
5139O00070C9,1,-22.890526,-43.424733
5147O00003C9,1,-22.886252,-43.605072
5147O00002C0,1,-22.88548,-43.609991
5139O00136C0,1,-22.894213,-43.442123
5139O00135C9,1,-22.892816,-43.440794
5139O00134C0,1,-22.891736,-43.439794
5139O00133C9,1,-22.890467,-43.438607
5136O00001C9,1,-22.87116,-43.3754
5135O00052P1,1,-22.884522,-43.399807
5138O00016C0,1,-22.87088,-43.41953
5138O00015C0,1,-22.870287,-43.418252
5138O00014C0,1,-22.868782,-43.415087
5147O00084C0,1,-22.885541,-43.607425
5147O00066C1,1,-22.887899,-43.605826
5147O00064C9,1,-22.89011,-43.607602
5139O00037C9,1,-22.880539,-43.44123
5139O00032C9,1,-22.888788,-43.436847
5139O00031C9,1,-22.890763,-43.438717
5139O00030C9,1,-22.892677,-43.440533
5139O00029C0,1,-22.894091,-43.441889
5139O00028C9,1,-22.895444,-43.443137
5139O00027C9,1,-22.897642,-43.441722
5139O00026C9,1,-22.898166,-43.440612
4128O00055C0,1,-23.008606,-43.366011
4128O00122C0,1,-23.010488,-43.363708
4128O00121C0,1,-23.010394,-43.359938
4128O00120C0,1,-23.010196,-43.355095
4128O00119C0,1,-23.010083,-43.350392
5148O00019C9,1,-22.91668,-43.63292
5148O00012C0,1,-22.919767,-43.642463
5148O00011C9,1,-22.917306,-43.637134
5148O00009C0,1,-22.885617,-43.618773
4128O00189C0,1,-23.006777,-43.316208
4132BL0002U2,1,-23.0037,-43.43397
5134O00020C9,1,-22.86112,-43.3758
5134O00018C9,1,-22.859114,-43.375644
5134O00017C9,1,-22.858486,-43.378038
5136O00014C1,1,-22.8742,-43.37365
5136O00003C0,1,-22.87541,-43.37314
4122O00102C0,1,-22.913575,-43.392922
4122O00240C0,1,-22.913899,-43.394486
4122O00225C0,1,-22.934521,-43.383154
4123O00035C0,1,-22.915198,-43.36147
4123O00009C0,1,-22.91783,-43.36438
4122O00302C0,1,-22.936816,-43.372105
5148O00104C0,1,-22.88505,-43.621194
5148O00103C0,1,-22.883567,-43.62735
5148O00102C0,1,-22.883432,-43.628627
5148O00095C0,1,-22.92267,-43.647884
5148O00094C0,1,-22.918413,-43.639657
4125O00007C0,1,-22.88135,-43.36337
4124O00023C0,1,-22.911769,-43.360481
4125O00048C0,1,-22.880603,-43.36049
4125O00047C0,1,-22.88171,-43.362466
4128O00056C0,1,-23.00452,-43.36595
3114O00115C2,1,-22.807205,-43.366805
3114O00088C0,1,-22.806096,-43.367598
3114O00075C0,1,-22.806333,-43.36778
3suv,1,-22.819953,-43.324011
4115O00183C0,1,-22.938218,-43.383097
4115O00182C0,1,-22.936382,-43.382759
5148O00105C0,1,-22.882184,-43.631085
4116O00042C0,1,-22.95712,-43.34136
4116O00040C0,1,-22.956362,-43.346558
4116O00070C0,1,-22.957484,-43.342848
4116O00068C0,1,-22.955741,-43.348863
4116O00067C0,1,-22.95697,-43.344267
4116O00063C0,1,-22.955841,-43.340826
4116O00062C0,1,-22.955142,-43.339096
4122O00026C0,1,-22.921452,-43.372542
4122O00025C0,1,-22.92043,-43.3708
3107O00061C0,1,-22.82869,-43.40619
3108O00034C0,1,-22.83558,-43.39897
3108O00014C0,1,-22.828796,-43.419525
3108O00011C0,1,-22.83466,-43.41648
3108O00010C0,1,-22.83613,-43.41515
3108O00008C0,1,-22.83604,-43.41098
3107O00066C0,1,-22.825685,-43.416076
3108O00063C1,1,-22.833396,-43.405021
3108O00061C0,1,-22.827227,-43.418293
3108O00058C0,1,-22.83375,-43.406396
3108O00050C0,1,-22.836744,-43.412643
3108O00038C0,1,-22.83686,-43.39679
3110O00024C0,1,-22.82873,-43.34651
3110O00023C0,1,-22.82753,-43.34757
3110O00021C0,1,-22.826474,-43.349138
3110O00014C2,1,-22.838462,-43.350747
3089O00052C2,1,-22.871173,-43.36776
3090O00038C9,1,-22.86207,-43.37179
3090O00115C0,1,-22.861556,-43.369832
3090O00097C1,1,-22.873239,-43.373267
3090O00091C1,1,-22.872581,-43.371484
3090O00087C1,1,-22.871954,-43.369784
5149O00038C0,1,-22.92304,-43.67822
5149O00037C0,1,-22.92234,-43.67178
5149O00036C0,1,-22.92174,-43.66917
5149O00035C0,1,-22.92171,-43.663399
5149O00034C0,1,-22.9225,-43.65681
5149O00033C0,1,-22.9231,-43.6516
3107O00032C0,1,-22.82462,-43.40344
3107O00013C0,1,-22.82662,-43.409
3107O00009C0,1,-22.82618,-43.414
3107O00064C0,1,-22.825155,-43.405203
3086O00059C0,1,-22.838778,-43.350908
3086O00046C0,1,-22.858538,-43.346517
3086O00045C0,1,-22.85612,-43.34707
3086O00030C2,1,-22.85058,-43.34513
3086O00029C0,1,-22.85283,-43.34671
3086O00013C9,1,-22.84095,-43.3496
3085O00029C0,1,-22.863281,-43.341523
3085O00028C0,1,-22.858988,-43.345899
3085O00022C0,1,-22.860135,-43.345024
3085O00021C0,1,-22.86351,-43.341503
3088O00007C0,1,-22.869709,-43.349708
3090O00033C9,1,-22.86383,-43.37731
3090O00029C0,1,-22.86745,-43.37769
3089O00059C0,1,-22.873762,-43.357563
3089O00058C0,1,-22.869549,-43.355991
3089O00057C0,1,-22.867801,-43.353949
3083O00092C0,1,-22.872664,-43.344469
3085O00020C0,1,-22.861372,-43.343898
3085O00019C0,1,-22.860252,-43.344801
3085O00018C0,1,-22.86161,-43.3435
3085O00003C0,1,-22.866452,-43.341598
3084O00024C0,1,-22.855542,-43.324434
3084O00016C1,1,-22.855453,-43.329369
3084O00015C9,1,-22.85643,-43.32869
3084O00005C9,1,-22.85573,-43.32415
3084O00004C9,1,-22.856443,-43.327111
3088O00006C0,1,-22.871589,-43.346324
3086O00076C0,1,-22.856734,-43.346909
3086O00075C0,1,-22.854689,-43.346956
3086O00074C0,1,-22.853555,-43.346956
3086O00073C2,1,-22.849076,-43.343249
3086O00071C1,1,-22.848402,-43.342826
3082O00052C0,1,-22.882246,-43.332903
3082O00048C0,1,-22.885869,-43.331553
3082O00047C0,1,-22.887444,-43.330104
3082O00046C0,1,-22.889107,-43.327836
3082O00041C1,1,-22.882414,-43.327022
3083O00025C0,1,-22.876565,-43.335789
3083O00019C0,1,-22.875613,-43.339632
3083O00018C0,1,-22.87673,-43.33773
3083O00014C0,1,-22.865393,-43.33538
3083O00046C0,1,-22.86501,-43.33917
3083O00044C0,1,-22.87965,-43.33976
3083O00043C0,1,-22.87966,-43.33594
3083O00032C0,1,-22.871299,-43.337484
3083O00031C0,1,-22.86929,-43.339181
3083O00030C0,1,-22.868168,-43.340138
3083O00093C0,1,-22.874044,-43.342236
5150O00035C9,1,-22.97777,-43.67533
3082O00032C9,1,-22.886118,-43.32471
3082O00029C0,1,-22.875021,-43.314895
3082O00027C0,1,-22.883202,-43.332009
3082O00026C0,1,-22.881701,-43.330141
3082O00012C0,1,-22.87778,-43.31984
3082O00011C0,1,-22.879376,-43.321707
3082O00007C0,1,-22.88058,-43.32313
5149O00307C0,1,-22.922295,-43.658614
5149O00306C0,1,-22.921474,-43.665746
5149O00304C0,1,-22.923435,-43.676351
3082OY0028C9,1,-22.87751,-43.31852
3082O00057C0,1,-22.882977,-43.328124
3082O00056C0,1,-22.884224,-43.326623
3082O00055C0,1,-22.885204,-43.325438
3082O00054C0,1,-22.881225,-43.329656
3079O00024C9,1,-22.888819,-43.320603
3079O00020C0,1,-22.890343,-43.326133
3079O00019C0,1,-22.89083,-43.32546
3082O00006C0,1,-22.8818,-43.32456
3081O00004C0,1,-22.87699,-43.32421
3081O00003C0,1,-22.876735,-43.32039
3080O00018C0,1,-22.872672,-43.312683
3080O00015C0,1,-22.876189,-43.316311
3080O00013C0,1,-22.8705,-43.30983
3080O00008C0,1,-22.87661,-43.3186
3080O00007C0,1,-22.874366,-43.315263
3080O00006C0,1,-22.87382,-43.314208
5150O00058C9,1,-22.970338,-43.689296
5150O00057C9,1,-22.97134,-43.68529
5150O00056C9,1,-22.9738,-43.68125
5150O00055C0,1,-22.97596,-43.68075
3077O00012C0,1,-22.84198,-43.33661
3077O00005C1,1,-22.84734,-43.34093
3077O00004C1,1,-22.846126,-43.339236
3077O00002C1,1,-22.84346,-43.33626
3076O00135C0,1,-22.825609,-43.320021
5150O00080C9,1,-22.98028,-43.6977
5150O00079C9,1,-22.97901,-43.69697
5150O00078C9,1,-22.97705,-43.69583
5150O00076C9,1,-22.97192,-43.69264
3080O00005C0,1,-22.870445,-43.309982
3079O00050C0,1,-22.888514,-43.321729
3079O00045C0,1,-22.889482,-43.317407
3079O00044C0,1,-22.888694,-43.314037
3079O00036C0,1,-22.892288,-43.323484
3079O00035C0,1,-22.891895,-43.323991
3079O00034C0,1,-22.895414,-43.318676
3076O00064C2,1,-22.84782,-43.32503
3076O00053C0,1,-22.84588,-43.3248
3076O00052C9,1,-22.84438,-43.32525
3076O00051C0,1,-22.835633,-43.326251
3076O00050C1,1,-22.83389,-43.32747
5150O00112C9,1,-22.98201,-43.6968
5150O00099C0,1,-22.981589,-43.694455
5150O00096C9,1,-22.96996,-43.69112
5150O00095C9,1,-22.97056,-43.68771
5150O00094C9,1,-22.97258,-43.68285
5150O00093C9,1,-22.97186,-43.68422
3076O00108C1,1,-22.839499,-43.324013
3076O00107C1,1,-22.837192,-43.325098
3076O00098C0,1,-22.850016,-43.325808
3076O00091C9,1,-22.822818,-43.320344
3077O00043C1,1,-22.844437,-43.337268
5151O00022C0,1,-23.007878,-43.540296
5151O00020C9,1,-22.975309,-43.636818
5151O00019C9,1,-22.96668,-43.62189
5151O00015C9,1,-22.96274,-43.61403
3074O00019C9,1,-22.84992,-43.30857
3074O00018C0,1,-22.84832,-43.30652
3074O00017C0,1,-22.84712,-43.30503
3073O00043C0,1,-22.854632,-43.322681
3073O00036C1,1,-22.852229,-43.312537
5151O00013C9,1,-22.959807,-43.611408
5151O00012C9,1,-22.956007,-43.610362
5151O00004C9,1,-22.99098,-43.65141
5151O00001C9,1,-22.953739,-43.577323
3076O00084C0,1,-22.85147,-43.31834
3076O00077C0,1,-22.852417,-43.328417
3076O00068C9,1,-22.8422,-43.32424
3071O00027C0,1,-22.87638,-43.29688
3071O00026C0,1,-22.87862,-43.29549
3071O00025C0,1,-22.88006,-43.294408
3073O00034C0,1,-22.85279,-43.31258
3073O00032C0,1,-22.85324,-43.32092
3073O00017C9,1,-22.85415,-43.32247
3073O00005C0,1,-22.85269,-43.31821
3073O00004C0,1,-22.85259,-43.31663
3073O00001C0,1,-22.8533,-43.32033
3072O00022C2,1,-22.847581,-43.305205
5151O00029C0,1,-22.997545,-43.542536
5151O00028C0,1,-23.000025,-43.541284
5151O00026C0,1,-23.001235,-43.540645
5151O00025C0,1,-23.0032,-43.54006
5151O00024C0,1,-23.004928,-43.540011
5151O00023C0,1,-23.005942,-43.540282
3071O00011C0,1,-22.87757,-43.29643
3071O00010C0,1,-22.87621,-43.29703
3071O00009C0,1,-22.87431,-43.29728
3071O00007C0,1,-22.871267,-43.299302
3071O00006C2,1,-22.8842,-43.29133
3071O00005C2,1,-22.88182,-43.29431
3069O00052C0,1,-22.896159,-43.309826
3069O00039C9,1,-22.88913,-43.311326
3072O00012C0,1,-22.85078,-43.309331
3072O00003C0,1,-22.8463,-43.30293
3072O00002C0,1,-22.849098,-43.307044
3072O00001C0,1,-22.8514,-43.31064
3071O00035C0,1,-22.878649,-43.295614
3071O00034C0,1,-22.87193,-43.29839
3071O00029C0,1,-22.872629,-43.297377
3071O00028C0,1,-22.87502,-43.29707
3066O00010C9,1,-22.89869,-43.29551
3066O00008C9,1,-22.90125,-43.2963
3066O00007C9,1,-22.90265,-43.29674
3066O00005C0,1,-22.903974,-43.295699
3066O00004C0,1,-22.90479,-43.29386
3066O00003C2,1,-22.885668,-43.290084
3065O00039C2,1,-22.89202,-43.2738
3065O00038C2,1,-22.893363,-43.273867
5151O00085C9,1,-22.961353,-43.61236
3069O00031C0,1,-22.89575,-43.316141
3069O00030C0,1,-22.89601,-43.313742
3069O00029C0,1,-22.896225,-43.312056
3068O00015C0,1,-22.89599,-43.30583
3068O00014C0,1,-22.89593,-43.30384
3066O00038C0,1,-22.895733,-43.29366
3071O00012C0,1,-22.88023,-43.29444
3064O00010C0,1,-22.896758,-43.287882
3064O00002C0,1,-22.88744,-43.2864
3063O00060C0,1,-22.899514,-43.274123
3063O00051C0,1,-22.901422,-43.278529
3063O00028C0,1,-22.897152,-43.272634
3063O00015C1,1,-22.901838,-43.279631
3063O00012C0,1,-22.905111,-43.291748
3063O00010C0,1,-22.90464,-43.28857
3065O00020C9,1,-22.8952,-43.27413
3065O00005C0,1,-22.88441,-43.27719
3065O00004C0,1,-22.88591,-43.27898
3065O00003C0,1,-22.887155,-43.280679
3065O00001C0,1,-22.887738,-43.283511
3064O00015C0,1,-22.897416,-43.284942
3064O00014C0,1,-22.898109,-43.28231
3066O00011C9,1,-22.89612,-43.29474
3063O00008C0,1,-22.904229,-43.286099
3063O00007C0,1,-22.90401,-43.28532
3063O00006C0,1,-22.9034,-43.28379
3063O00005C0,1,-22.90297,-43.282502
3062O00026C2,1,-22.917678,-43.282263
3062O00002C0,1,-22.91731,-43.27897
3061O00045C2,1,-22.916532,-43.275673
3061O00037C2,1,-22.915693,-43.267144
5151O00124C0,1,-22.9941,-43.6028
5151O00122C0,1,-22.994227,-43.612177
5151O00121C0,1,-22.995015,-43.61672
5151O00120C0,1,-22.995296,-43.618531
5151O00119C0,1,-22.995912,-43.622018
5151O00117C0,1,-22.9831,-43.64825
5151O00116C0,1,-22.98209,-43.6482
5151O00115C9,1,-22.97911,-43.64814
3059O00001S1,1,-22.90209,-43.2549
3058O00014S0,1,-22.901324,-43.248224
3058O00001S0,1,-22.90135,-43.25052
3061O00023C0,1,-22.90411,-43.26964
3061O00022C0,1,-22.90695,-43.27001
3061O00021C0,1,-22.9085,-43.26995
3061O00020C0,1,-22.910082,-43.269531
3061O00019C0,1,-22.91128,-43.26844
3061O00018C0,1,-22.912409,-43.267158
3061O00017C2,1,-22.91326,-43.26496
3061O00011C2,1,-22.91346,-43.26939
3061O00003C0,1,-22.90302,-43.26903
5151O00157C0,1,-22.97794,-43.671429
5151O00156C9,1,-22.980939,-43.665359
5151O00154C9,1,-22.993114,-43.597146
5151O00153C9,1,-23.004864,-43.558666
3044O00065C1,1,-22.841507,-43.299206
3044O00063C1,1,-22.840216,-43.29717
3047O00011C0,1,-22.81475,-43.29625
3053O00007C0,1,-22.881083,-43.272751
3053O00006C0,1,-22.8822,-43.2754
3056O00005C0,1,-22.870708,-43.300606
3057O00004S0,1,-22.90234,-43.24512
3057O00003S0,1,-22.90455,-43.24282
3056O00025C0,1,-22.869125,-43.303903
3056O00024C0,1,-22.86928,-43.30437
3056O00023C0,1,-22.869328,-43.306903
3056O00021C0,1,-22.869423,-43.306723
3056O00009C0,1,-22.870727,-43.300299
3061O00002S0,1,-22.90231,-43.26509
3060O00006S0,1,-22.902,-43.26137
3059O00002S0,1,-22.90225,-43.25708
3044O00054C9,1,-22.837897,-43.291945
3044O00053C9,1,-22.837515,-43.289614
3044O00042C0,1,-22.84622,-43.30333
3044O00041C0,1,-22.84343,-43.300751
3044O00035C0,1,-22.82841,-43.27599
3044O00024C0,1,-22.837945,-43.287913
3044O00023C9,1,-22.837817,-43.290014
3044O00022C9,1,-22.838135,-43.291889
3044O00021C9,1,-22.839167,-43.295195
3044O00020C9,1,-22.840246,-43.296844
3044O00019C0,1,-22.84164,-43.2988
3044O00018C0,1,-22.844033,-43.300797
5151O00278C9,1,-23.01095,-43.533555
5151O00247C9,1,-22.979894,-43.643277
5151O00246C9,1,-22.964495,-43.619137
5151O00245C9,1,-22.96393,-43.616368
3043O00042C0,1,-22.83588,-43.27835
3043O00041C0,1,-22.83796,-43.27968
3043O00034C0,1,-22.83628,-43.28085
3043O00033C0,1,-22.83541,-43.28169
3043O00047C0,1,-22.82999,-43.2755
3043O00046C0,1,-22.83146,-43.27554
5151O00300C0,1,-23.008917,-43.540776
5151O00298C0,1,-23.010125,-43.540987
5151O00297C0,1,-23.054184,-43.55675
5151O00296C0,1,-23.052642,-43.555248
5151O00288C9,1,-22.96995,-43.64793
5151O00287C9,1,-22.97152,-43.64797
5151O00286C9,1,-22.97335,-43.648
5151O00282C9,1,-22.972735,-43.634335
5151O00279C9,1,-22.969537,-43.627112
3044O00055C9,1,-22.838563,-43.294953
5152O00306C0,1,-23.045558,-43.55313
5152O00305C0,1,-23.052543,-43.554921
5152O00304C0,1,-23.055591,-43.55823
5152O00303C0,1,-23.05691,-43.559904
5152O00302C0,1,-23.061935,-43.565297
5152O00013C0,1,-23.063309,-43.565685
5152O00002C0,1,-23.049964,-43.552657
5152O00001C0,1,-23.05568,-43.558478
5151O00328C9,1,-22.97958,-43.66786
5151O00327C9,1,-22.98571,-43.65552
5151O00326C9,1,-22.98688,-43.65404
5151O00316C0,1,-22.993392,-43.60794
5151O00315C0,1,-22.993825,-43.609892
3043O00045C0,1,-22.832604,-43.276254
3043O00044C0,1,-22.83376,-43.277
3043O00043C0,1,-22.83476,-43.27764
2038O00071C0,1,-22.922465,-43.258514
2038O00070C0,1,-22.92341,-43.25664
2038O00068C0,1,-22.92424,-43.25396
2037O00036C0,1,-22.92355,-43.25048
3042O00103C0,1,-22.855788,-43.267124
3042O00100C0,1,-22.853326,-43.271726
3042O00057C9,1,-22.85444,-43.2703
3042O00056C9,1,-22.852543,-43.272186
5152O00316C0,1,-23.014346,-43.542588
5152O00315C0,1,-23.022717,-43.546939
5152O00314C0,1,-23.024368,-43.548897
5152O00313C0,1,-23.024955,-43.555243
5152O00311C0,1,-23.024165,-43.558119
5152O00309C0,1,-23.028029,-43.562679
5152O00308C0,1,-23.029458,-43.563035
5152O00307C0,1,-23.040954,-43.557432
2037O00028C0,1,-22.92376,-43.24669
2037O00025C0,1,-22.92427,-43.25231
2036O00094C0,1,-22.91611,-43.23688
2036O00079C0,1,-22.91649,-43.23876
2036O00062C0,1,-22.92408,-43.23809
2036O00059C0,1,-22.91923,-43.25981
2036O00056S9,1,-22.918829,-43.251925
5153O00032C0,1,-22.99734,-43.62885
5153O00019C9,1,-23.000749,-43.634874
5153O00016C0,1,-22.996821,-43.627307
5153O00015C0,1,-22.99906,-43.63138
5153O00014C0,1,-22.999575,-43.632121
5153O00012C0,1,-23.00117,-43.63445
2038O00074C0,1,-22.91927,-43.26217
2038O00073C0,1,-22.91824,-43.26305
2038O00072C0,1,-22.920715,-43.258904
2035O00071C0,1,-22.915485,-43.229139
2035O00059C0,1,-22.910653,-43.221862
2035O00054C0,1,-22.91657,-43.22248
2035O00052C0,1,-22.91529,-43.22091
2035O00051C0,1,-22.91448,-43.21955
88pe,1,-22.999612,-43.581406
697y,1,-22.82705,-43.401502
5993,1,-22.873016,-43.360544
2036O00044S9,1,-22.918032,-43.247493
2036O00043S9,1,-22.91988,-43.25762
2036O00017C2,1,-22.915554,-43.262655
2036O00016S9,1,-22.916847,-43.260789
2036O00003S9,1,-22.919245,-43.254192
2037O00032C0,1,-22.922927,-43.249247
2037O00031C0,1,-22.92404,-43.24128
2037O00029C0,1,-22.92477,-43.2436
2026O00037S0,1,-22.98514,-43.2216
2033O00122S9,1,-22.92408,-43.23273
2032O00027C0,1,-22.90774,-43.21014
2032O00021C0,1,-22.91154,-43.214381
2032O00020C0,1,-22.910504,-43.214342
8y6v,1,-22.899643,-43.211189
2033O00173C0,1,-22.932316,-43.240406
2033O00191C0,1,-22.91512,-43.2187
2033O00190C0,1,-22.91684,-43.2179
2033O00177C0,1,-22.92498,-43.23366
2033O00228C0,1,-22.92263,-43.23019
2033O00199C0,1,-22.923546,-43.233767
2035O00087C0,1,-22.911268,-43.224872
2035O00086C0,1,-22.913135,-43.22715
2035O00079C0,1,-22.910814,-43.21828
2035O00078C0,1,-22.909899,-43.22033
2020O00076S0,1,-22.946493,-43.182672
2020O00075S0,1,-22.942616,-43.181153
2020O00074S0,1,-22.941484,-43.179766
2020O00064S0,1,-22.94919,-43.18406
2020O00040S0,1,-22.951427,-43.194869
dxd7,1,-22.853977,-43.384031
d0hb,1,-22.946253,-43.360483
2021O00010S0,1,-22.955823,-43.198268
2021O00003S0,1,-22.953009,-43.196703
2024O00107C0,1,-22.964774,-43.189964
2024O00106C0,1,-22.96583,-43.18964
2024O00105C0,1,-22.96731,-43.18838
2024O00104C0,1,-22.96883,-43.1871
2024O00103C0,1,-22.970764,-43.185404
2024O00095C0,1,-22.966743,-43.186819
2026O00052S0,1,-22.98456,-43.22356
2016O00015C0,1,-22.916058,-43.176554
2015O00040C0,1,-22.940622,-43.176194
2020O00006S0,1,-22.950603,-43.193199
2020O00005S0,1,-22.949856,-43.190623
2020O00004S0,1,-22.949448,-43.188058
2017O00062C0,1,-22.935584,-43.18953
2017O00060C0,1,-22.935167,-43.194338
2017O00059C0,1,-22.936652,-43.196086
2017O00057C0,1,-22.933634,-43.186229
2017O00052C0,1,-22.93254,-43.18299
2017O00024C0,1,-22.93646,-43.19886
2017O00023C0,1,-22.93444,-43.19241
2017O00022C0,1,-22.93484,-43.19182
i1wv,1,-22.842174,-43.349276
hgnz,1,-22.838848,-43.350086
h4ru,1,-22.99335,-43.596395
1hty,1,-22.8716,-43.366254
2015O00039C0,1,-22.9396,-43.17493
2015O00035C0,1,-22.936477,-43.17411
2015O00034C0,1,-22.935323,-43.174301
2015O00031C0,1,-22.933994,-43.174512
2015O00030C0,1,-22.931876,-43.174496
2015O00029C0,1,-22.929437,-43.174212
2015O00028C0,1,-22.926818,-43.173413
1isr,1,-22.873885,-43.359504
l0et,1,-22.894863,-43.30383
jnxn,1,-22.965222,-43.647622
2017O00020C0,1,-22.935795,-43.191116
2016O00052C9,1,-22.918109,-43.176622
2016O00040C0,1,-22.916004,-43.176333
2016O00024C0,1,-22.924585,-43.172737
2016O00019C0,1,-22.92115,-43.1738
1008O00025S0,1,-22.909634,-43.205798
1008O00023S0,1,-22.907601,-43.19944
1008O00003S2,1,-22.910283,-43.205532
1007O00074C0,1,-22.928348,-43.203432
1007O00025C0,1,-22.91786,-43.20922
nsbf,1,-22.899904,-43.210618
nbes,1,-22.82851,-43.40726
mzqy,1,-22.854199,-43.391156
mncl,1,-22.82944,-43.399481
mivb,1,-22.898721,-43.210596
lnk4,1,-22.872457,-43.361443
1010O00037C0,1,-22.896379,-43.213767
1010O00020C0,1,-22.90617,-43.21025
1010O00082C0,1,-22.90233,-43.2125
1010O00081C0,1,-22.902025,-43.210979
1012O00011C0,1,-22.890046,-43.244457
yd8x,1,-22.85388,-43.383813
0t3k,1,-22.827984,-43.353214
zrjm,1,-22.824705,-43.411471
zloc,1,-22.869256,-43.449743
1001O00006C0,1,-22.89731,-43.18737
t0a6,1,-22.908436,-43.184893
s279,1,-22.862455,-43.402021
1005O00041C0,1,-22.91448,-43.18843
1005O00040C0,1,-22.91343,-43.18832
1005O00027S0,1,-22.90562,-43.19151
1005O00146S0,1,-22.9124,-43.18938
1005O00140C0,1,-22.899467,-43.187639
1005O00109C0,1,-22.901154,-43.177501
1005O00054S0,1,-22.90573,-43.19337
1005O00226C0,1,-22.91219,-43.19057
1005O00225C0,1,-22.90958,-43.19173
5142O00043C0,1,-22.87317,-43.50339
5142O00042C0,1,-22.87299,-43.50016
5142O00041C0,1,-22.872488,-43.496985
5142O00040C0,1,-22.872618,-43.494823
5142O00039C0,1,-22.87154,-43.49252
5142O00038C0,1,-22.87137,-43.49109
5142O00037C0,1,-22.87124,-43.48795
5142O00036C0,1,-22.87109,-43.48507
5144BM0001U2,1,-22.90181,-43.55477
5143O00042C0,1,-22.871724,-43.509797
5143O00018C0,1,-22.87219,-43.51072
5143O00017C0,1,-22.874176,-43.514419
5143O00016C0,1,-22.87386,-43.51806
5143O00014C0,1,-22.87569,-43.52554
5143O00011C0,1,-22.87778,-43.53232
5144O00017C9,1,-22.909347,-43.559475
